id,story_id,parent_id,title,type,order_index,view,number_of_children,updated_at,created_at,plain_text,search_vector,is_deleted,poster_id
001210e3-14c1-4f77-bff6-ed11dbc96dc9,a765dc53-3f13-4f00-a19b-aa2cb581c9dd,125e398e-2559-43d7-bd43-9855cc3af7ea,,chapter,41,0,0,2026-03-07 15:51:21.112,2026-03-07 15:51:21.112,,,false,
001458d5-3a79-49e0-809c-a240dfc0a7f7,5fc9a5b6-e624-46f0-a9bc-df01537b4907,,,chapter,113,0,0,2026-03-07 12:15:11.246,2026-03-07 12:15:11.246,,,false,
0034fe0e-0637-4d33-9a1a-8fd21c341990,5fc9a5b6-e624-46f0-a9bc-df01537b4907,,,chapter,39,0,0,2026-03-07 14:34:40.849,2026-03-07 14:34:40.849,,,false,
003a3738-4d62-4753-8c1f-129d7fa4a8b8,a765dc53-3f13-4f00-a19b-aa2cb581c9dd,125e398e-2559-43d7-bd43-9855cc3af7ea,,chapter,112,0,0,2026-03-07 13:18:19.569,2026-03-07 13:18:19.569,,,false,
0042c072-6554-4f6a-ab1e-64f97341f9d5,fd6ac307-0703-4168-8e6b-755812f44bae,,,chapter,132,0,0,2026-03-07 12:34:01.455,2026-03-07 12:34:01.455,,,false,
00554d37-2467-47f2-aeb5-0818e17126e0,a765dc53-3f13-4f00-a19b-aa2cb581c9dd,125e398e-2559-43d7-bd43-9855cc3af7ea,,chapter,78,0,0,2026-03-07 15:57:47.216,2026-03-07 15:57:47.216,,,false,
005553fb-cf9c-416e-8c70-13ab155a625e,50a5c422-6a50-4eb6-b173-111ffffc3d41,,,chapter,214,0,0,2026-03-07 14:16:26.594,2026-03-07 14:16:26.594,,,false,
006210b9-fa74-4cc2-959b-401a49da3e99,9a20020d-7bea-4fe6-8c9a-40712bf9e882,,,chapter,55,0,0,2026-03-07 13:09:59.413,2026-03-07 13:09:59.413,,,false,
009b9b7a-b665-4190-bfe1-64507934df73,fd6ac307-0703-4168-8e6b-755812f44bae,,,chapter,305,0,0,2026-03-07 14:56:18.53,2026-03-07 14:56:18.53,,,false,
00b64dca-da08-431f-8b9a-2460c7375d91,50a5c422-6a50-4eb6-b173-111ffffc3d41,,,chapter,465,0,0,2026-03-07 16:00:52.617,2026-03-07 16:00:52.617,,,false,
00e51ab8-2ba4-4b79-a517-ff65a2e4de57,a765dc53-3f13-4f00-a19b-aa2cb581c9dd,125e398e-2559-43d7-bd43-9855cc3af7ea,,chapter,247,0,0,2026-03-07 15:22:19.882,2026-03-07 15:22:19.882,,,false,
00f00da6-f542-418c-8465-19984617de08,50a5c422-6a50-4eb6-b173-111ffffc3d41,,,chapter,427,0,0,2026-03-07 15:54:06.252,2026-03-07 15:54:06.252,,,false,
011242f8-824b-4a29-ab5a-7b512e74bfde,a765dc53-3f13-4f00-a19b-aa2cb581c9dd,6eef4131-c168-4f89-a4a9-b2ddde5c4ab8,,chapter,129,0,0,2026-03-07 13:51:46.073,2026-03-07 13:51:46.073,,,false,
012a087b-c166-4d56-bedc-df4a5177f813,a765dc53-3f13-4f00-a19b-aa2cb581c9dd,125e398e-2559-43d7-bd43-9855cc3af7ea,,chapter,314,0,0,2026-03-07 15:45:48.998,2026-03-07 15:45:48.998,,,false,
01416829-e427-4167-9ac1-48cafb8b16b4,61aa237e-d5bd-4f55-b5fc-be9683abc2c8,,,chapter,13,0,0,2026-03-07 12:04:27.014,2026-03-07 12:04:27.014,,,false,
019b33e6-c45e-4850-8743-2698f1cb0af0,d7ade2ee-4851-453d-95e7-3887ef041e80,,,chapter,20,0,0,2026-03-07 12:13:49.301,2026-03-07 12:13:49.301,,,false,
01a2f31e-47e9-414b-90df-73e451825f79,50a5c422-6a50-4eb6-b173-111ffffc3d41,,,chapter,193,0,0,2026-03-07 13:49:43.292,2026-03-07 13:49:43.292,,,false,
01b16392-015e-4446-84ac-aa54295883bb,fd6ac307-0703-4168-8e6b-755812f44bae,,,chapter,350,0,0,2026-03-07 15:24:37.754,2026-03-07 15:24:37.754,,,false,
01cc7aa2-4503-4c2f-9e00-c2f48607cea6,90be6fb3-9dcb-4cd1-8b2b-695e44ccc453,,,chapter,3,0,0,2026-03-07 14:27:16.497,2026-03-07 14:27:16.497,,,false,
01cd5107-14d1-4dbf-b4d6-eeb72171d2f6,50a5c422-6a50-4eb6-b173-111ffffc3d41,,,chapter,203,0,0,2026-03-07 14:04:36.068,2026-03-07 14:04:36.068,,,false,
01e444d9-28d8-41f3-8495-4247bc177cfa,9a20020d-7bea-4fe6-8c9a-40712bf9e882,,,chapter,79,0,0,2026-03-07 13:45:11.448,2026-03-07 13:45:11.448,,,false,
01edf0e8-7498-4857-ad35-e874996eb733,90be6fb3-9dcb-4cd1-8b2b-695e44ccc453,,,chapter,118,0,0,2026-03-07 12:39:57.396,2026-03-07 12:39:57.396,,,false,
021682a3-4a75-43c3-bf38-022babede2f4,a765dc53-3f13-4f00-a19b-aa2cb581c9dd,6eef4131-c168-4f89-a4a9-b2ddde5c4ab8,,chapter,165,0,0,2026-03-07 14:19:09.735,2026-03-07 14:19:09.735,,,false,
0221275b-3ffe-49db-8c86-c95800047eaf,a124c29b-236a-4dc5-9b03-290e082785d5,,,chapter,92,0,0,2026-03-07 15:18:43.25,2026-03-07 15:18:43.25,,,false,
022968c4-44b1-4fce-9cb9-1cb9494af0d5,61829d6d-8dc1-411e-a3f8-2c26cb5606e8,,,chapter,43,0,0,2026-03-07 13:56:05.598,2026-03-07 13:56:05.598,,,false,
02425a84-ae65-4f50-9d41-e4afa6e6d500,a765dc53-3f13-4f00-a19b-aa2cb581c9dd,6eef4131-c168-4f89-a4a9-b2ddde5c4ab8,,chapter,7,0,0,2026-03-07 15:12:12.861,2026-03-07 15:12:12.861,,,false,
0245813f-c304-453b-8bc5-3ac3bf6fe0a0,50a5c422-6a50-4eb6-b173-111ffffc3d41,,,chapter,422,0,0,2026-03-07 15:54:14.655,2026-03-07 15:54:14.655,,,false,
026095e3-69c8-4963-866c-96ffa1af1ed2,a124c29b-236a-4dc5-9b03-290e082785d5,,,chapter,215,0,0,2026-03-07 14:25:45.768,2026-03-07 14:25:45.768,,,false,
0269b1c2-cd27-4f9b-9a98-8cf208733c1a,fb09a54a-d9fa-404d-986a-bf1ccb7d2287,,,chapter,240,0,0,2026-03-07 14:42:28.167,2026-03-07 14:42:28.167,,,false,
026d1fe0-3bad-43a4-a1f0-32bc8a83c5ed,fd6ac307-0703-4168-8e6b-755812f44bae,,,chapter,36,0,0,2026-03-07 15:30:48.802,2026-03-07 15:30:48.802,,,false,
02787f62-f5a9-4fdd-8a36-611c40ac8b67,86ecbec7-1381-43fa-9f0b-701e37d40083,,,chapter,80,0,0,2026-03-07 13:49:22.198,2026-03-07 13:49:22.198,,,false,
02809f01-2a04-4250-be11-56a2f82551f8,fb09a54a-d9fa-404d-986a-bf1ccb7d2287,,,chapter,157,0,0,2026-03-07 13:18:32.915,2026-03-07 13:18:32.915,,,false,
029d1215-e597-4d67-9711-d030f143edb0,a765dc53-3f13-4f00-a19b-aa2cb581c9dd,125e398e-2559-43d7-bd43-9855cc3af7ea,,chapter,188,0,0,2026-03-07 14:41:50.321,2026-03-07 14:41:50.321,,,false,
02aaa293-5472-4f5c-88a7-ee87b19fe336,fd6ac307-0703-4168-8e6b-755812f44bae,,,chapter,208,0,0,2026-03-07 13:44:05.458,2026-03-07 13:44:05.458,,,false,
02b18350-5128-453f-82e8-6b90f3e82cd3,90be6fb3-9dcb-4cd1-8b2b-695e44ccc453,,,chapter,138,0,0,2026-03-07 12:56:20.956,2026-03-07 12:56:20.956,,,false,
02b807ce-ef06-4b5b-b645-1a04337044bd,61aa237e-d5bd-4f55-b5fc-be9683abc2c8,,,chapter,18,0,0,2026-03-07 12:04:57.969,2026-03-07 12:04:57.969,,,false,
02bb7cb4-5d8e-4b0e-a39b-daa3266c3242,90be6fb3-9dcb-4cd1-8b2b-695e44ccc453,,,chapter,49,0,0,2026-03-07 14:38:46.666,2026-03-07 14:38:46.666,,,false,
02bc4f3c-9ab9-4d30-b65c-df6bb091d4f1,50a5c422-6a50-4eb6-b173-111ffffc3d41,,,chapter,379,0,0,2026-03-07 15:44:13.126,2026-03-07 15:44:13.126,,,false,
02c7793b-506c-4282-9439-99ac0622bd88,50a5c422-6a50-4eb6-b173-111ffffc3d41,,,chapter,478,0,0,2026-03-07 16:01:59.265,2026-03-07 16:01:59.265,,,false,
02cac0dc-a8ba-4567-91fa-19efd7d33431,50a5c422-6a50-4eb6-b173-111ffffc3d41,,,chapter,279,0,0,2026-03-07 15:00:06.717,2026-03-07 15:00:06.717,,,false,
02e6e2a8-b2cb-47be-a235-1c18739a71f4,fd6ac307-0703-4168-8e6b-755812f44bae,,,chapter,76,0,0,2026-03-07 15:50:01.631,2026-03-07 15:50:01.631,,,false,
034f147d-d4ab-4805-b593-f9fce37329a8,fb09a54a-d9fa-404d-986a-bf1ccb7d2287,,,chapter,74,0,0,2026-03-07 15:30:21.099,2026-03-07 15:30:21.099,,,false,
0355e49e-2a35-4f09-8faa-82fddb82c1c5,d7ade2ee-4851-453d-95e7-3887ef041e80,,,chapter,95,0,0,2026-03-07 13:55:39.918,2026-03-07 13:55:39.918,,,false,
036b6f83-92ff-4e6e-8045-758ee8a0388d,fd6ac307-0703-4168-8e6b-755812f44bae,,,chapter,111,0,0,2026-03-07 12:06:17.37,2026-03-07 12:06:17.37,,,false,
037246fa-dda4-4dff-9e21-86bc278efdea,fd6ac307-0703-4168-8e6b-755812f44bae,,,chapter,102,0,0,2026-03-07 12:05:15.704,2026-03-07 12:05:15.704,,,false,
0377fb64-de01-43a6-9200-cdaefb925c7e,5fc9a5b6-e624-46f0-a9bc-df01537b4907,,,chapter,191,0,0,2026-03-07 13:41:10.922,2026-03-07 13:41:10.922,,,false,
037a9839-b057-410e-89a0-a6d36fa89dfb,61829d6d-8dc1-411e-a3f8-2c26cb5606e8,,,chapter,38,0,0,2026-03-07 13:40:21.921,2026-03-07 13:40:21.921,,,false,
03929f53-9aa2-4a5d-8fbd-b2392a61d7c8,a765dc53-3f13-4f00-a19b-aa2cb581c9dd,125e398e-2559-43d7-bd43-9855cc3af7ea,,chapter,231,0,0,2026-03-07 15:13:26.082,2026-03-07 15:13:26.082,,,false,
03a311a1-ba66-4164-b288-0f001452257c,a124c29b-236a-4dc5-9b03-290e082785d5,,,chapter,37,0,0,2026-03-07 14:46:28.759,2026-03-07 14:46:28.759,,,false,
03ad49fe-c063-482b-9a9a-a35ce12a1580,86ecbec7-1381-43fa-9f0b-701e37d40083,,,chapter,68,0,0,2026-03-07 13:48:20.069,2026-03-07 13:48:20.069,,,false,
03c5442c-8e70-4fe8-9cc5-9a8b02cc70e7,50a5c422-6a50-4eb6-b173-111ffffc3d41,,,chapter,425,0,0,2026-03-07 15:54:23.454,2026-03-07 15:54:23.454,,,false,
03d637e0-4d7e-4b4a-9d5c-cbbcb0d3fbcf,61829d6d-8dc1-411e-a3f8-2c26cb5606e8,,,chapter,131,0,0,2026-03-07 12:46:49.304,2026-03-07 12:46:49.304,,,false,
03efba7f-c10f-41f5-af78-417ac5bec34f,a124c29b-236a-4dc5-9b03-290e082785d5,,,chapter,229.6,0,0,2026-03-07 14:36:50.368,2026-03-07 14:36:50.368,,,false,
03f1b641-4fa5-4db7-94d8-495d059179b5,a765dc53-3f13-4f00-a19b-aa2cb581c9dd,125e398e-2559-43d7-bd43-9855cc3af7ea,,chapter,86,0,0,2026-03-07 15:59:34.127,2026-03-07 15:59:34.127,,,false,
03f5862a-c284-4336-96f4-a7a6e6bed49f,a765dc53-3f13-4f00-a19b-aa2cb581c9dd,125e398e-2559-43d7-bd43-9855cc3af7ea,,chapter,258,0,0,2026-03-07 15:28:40.014,2026-03-07 15:28:40.014,,,false,
040749fb-69a2-4d98-a1c7-c952020a6fa2,90be6fb3-9dcb-4cd1-8b2b-695e44ccc453,,,chapter,187,0,0,2026-03-07 14:01:55.242,2026-03-07 14:01:55.242,,,false,
04275696-984f-41d9-8b8b-2aa318a2e0f5,50a5c422-6a50-4eb6-b173-111ffffc3d41,,,chapter,120,0,0,2026-03-07 12:26:38.058,2026-03-07 12:26:38.058,,,false,
043dc16d-2970-47ac-909c-704e2c479d0c,90be6fb3-9dcb-4cd1-8b2b-695e44ccc453,,,chapter,199,0,0,2026-03-07 14:15:04.842,2026-03-07 14:15:04.842,,,false,
0453dad0-28cb-4d64-a189-c7892015cd78,fb09a54a-d9fa-404d-986a-bf1ccb7d2287,,,chapter,140,0,0,2026-03-07 13:00:27.94,2026-03-07 13:00:27.94,,,false,
046655d1-93f4-4a00-9e21-6d4952d7cfbe,a765dc53-3f13-4f00-a19b-aa2cb581c9dd,125e398e-2559-43d7-bd43-9855cc3af7ea,,chapter,168,0,0,2026-03-07 14:20:29.373,2026-03-07 14:20:29.373,,,false,
04682cb5-b147-402b-bcf1-a2551d88cafe,a765dc53-3f13-4f00-a19b-aa2cb581c9dd,125e398e-2559-43d7-bd43-9855cc3af7ea,,chapter,169,0,0,2026-03-07 14:20:33.48,2026-03-07 14:20:33.48,,,false,
04720cfc-724a-4432-aab2-6cfdb06d92ab,a765dc53-3f13-4f00-a19b-aa2cb581c9dd,125e398e-2559-43d7-bd43-9855cc3af7ea,,chapter,118,0,0,2026-03-07 13:36:30.838,2026-03-07 13:36:30.838,,,false,
0473f782-1b15-4a39-9a09-9ea820a57364,a124c29b-236a-4dc5-9b03-290e082785d5,,,chapter,82,0,0,2026-03-07 15:17:44.045,2026-03-07 15:17:44.045,,,false,
04b83bf0-30e6-4929-b07e-59374425cdce,a765dc53-3f13-4f00-a19b-aa2cb581c9dd,125e398e-2559-43d7-bd43-9855cc3af7ea,,chapter,257,0,0,2026-03-07 15:28:35.753,2026-03-07 15:28:35.753,,,false,
04d8946d-8b28-4c7f-9d61-89044231820b,af8258f2-06f0-4bde-a687-0b55a69cb2c0,,,chapter,97.5,0,0,2026-03-07 13:44:33,2026-03-07 13:44:33,,,false,
04e35c4c-6256-4849-b2f7-0f8298bb5fef,50a5c422-6a50-4eb6-b173-111ffffc3d41,,,chapter,408,0,0,2026-03-07 15:50:37.747,2026-03-07 15:50:37.747,,,false,
04f7f8d0-5376-4b1f-ad94-f5fd296b2827,fb09a54a-d9fa-404d-986a-bf1ccb7d2287,,,chapter,96,0,0,2026-03-07 15:38:54.542,2026-03-07 15:38:54.542,,,false,
0506ea8a-cdde-41f8-bb4c-01863964d035,fd6ac307-0703-4168-8e6b-755812f44bae,,,chapter,328,0,0,2026-03-07 15:16:15.831,2026-03-07 15:16:15.831,,,false,
0508d0bf-2a3b-4382-b0a5-96e42ed27a1d,a765dc53-3f13-4f00-a19b-aa2cb581c9dd,6eef4131-c168-4f89-a4a9-b2ddde5c4ab8,,chapter,2,0,0,2026-03-07 14:29:45.891,2026-03-07 14:29:45.891,,,false,
05133fdd-aac7-4013-8372-ed7bbdf71db6,86ecbec7-1381-43fa-9f0b-701e37d40083,,,chapter,66,0,0,2026-03-07 13:32:22.043,2026-03-07 13:32:22.043,,,false,
0523bb69-0949-4c74-abb5-9ec1e33a7067,a765dc53-3f13-4f00-a19b-aa2cb581c9dd,125e398e-2559-43d7-bd43-9855cc3af7ea,,chapter,183,0,0,2026-03-07 14:41:27.171,2026-03-07 14:41:27.171,,,false,
0537ddcb-a7ce-482f-b388-4442799bc8cc,fd6ac307-0703-4168-8e6b-755812f44bae,,,chapter,191,0,0,2026-03-07 13:42:56.31,2026-03-07 13:42:56.31,,,false,
053a6635-0485-4df7-9707-2a9173100088,86ecbec7-1381-43fa-9f0b-701e37d40083,,,chapter,87,0,0,2026-03-07 14:03:22.632,2026-03-07 14:03:22.632,,,false,
053da496-0522-457a-8910-230a0f20a17f,61aa237e-d5bd-4f55-b5fc-be9683abc2c8,,,chapter,24,0,0,2026-03-07 12:17:09.51,2026-03-07 12:17:09.51,,,false,
0541c9a1-85bb-475c-a607-d335821d262e,50a5c422-6a50-4eb6-b173-111ffffc3d41,,,chapter,98,0,0,2026-03-07 16:09:12.256,2026-03-07 16:09:12.256,,,false,
055c2696-95ba-435a-abf8-27feb53c5022,9be38f57-61b3-48fb-b053-984d2a423bd8,,,chapter,118,0,0,2026-03-07 12:27:46.05,2026-03-07 12:27:46.05,,,false,
057b5215-11ec-4617-9ba4-51443386006c,50a5c422-6a50-4eb6-b173-111ffffc3d41,,,chapter,248,0,0,2026-03-07 14:39:38.912,2026-03-07 14:39:38.912,,,false,
0597210d-faf3-4b11-b4a2-50437511d66a,fd6ac307-0703-4168-8e6b-755812f44bae,,,chapter,32,0,0,2026-03-07 15:06:13.393,2026-03-07 15:06:13.393,,,false,
05a92085-154f-4abf-9042-bc5be2077e4b,9be38f57-61b3-48fb-b053-984d2a423bd8,,,chapter,71,0,0,2026-03-07 13:51:36.964,2026-03-07 13:51:36.964,,,false,
05cf96ea-5c2f-4b05-a1ba-fa9703c6cc0f,af8258f2-06f0-4bde-a687-0b55a69cb2c0,,,chapter,26,0,0,2026-03-07 12:20:11.467,2026-03-07 12:20:11.467,,,false,
05f5d47b-34bb-4d52-b2e8-6c47445eabb1,fb09a54a-d9fa-404d-986a-bf1ccb7d2287,,,chapter,226,0,0,2026-03-07 14:32:22.856,2026-03-07 14:32:22.856,,,false,
06358ae3-6eb6-4722-b13b-782091e1f982,fb09a54a-d9fa-404d-986a-bf1ccb7d2287,,,chapter,54,0,0,2026-03-07 15:23:29.776,2026-03-07 15:23:29.776,,,false,
063f1904-d196-4754-a689-41c55e24fbdc,b8e789e4-f33e-406b-9e1b-6639267faf7b,,,chapter,1,0,0,2026-03-07 12:02:58.046,2026-03-07 12:02:58.046,,,false,
064f1d4c-4fa6-47d0-bb28-f3a546af9437,50a5c422-6a50-4eb6-b173-111ffffc3d41,,,chapter,373,0,0,2026-03-07 15:43:57.821,2026-03-07 15:43:57.821,,,false,
065cb3f5-a400-40f2-9dc7-cdf523fef4c7,fb09a54a-d9fa-404d-986a-bf1ccb7d2287,,,chapter,250,0,0,2026-03-07 14:43:26.735,2026-03-07 14:43:26.735,,,false,
0664a274-ebec-4621-b5e2-68bd945d42c3,d7ade2ee-4851-453d-95e7-3887ef041e80,,,chapter,89,0,0,2026-03-07 13:38:55.064,2026-03-07 13:38:55.064,,,false,
068085be-28d5-4a37-9b93-35816d0a8b12,fb09a54a-d9fa-404d-986a-bf1ccb7d2287,,,chapter,122,0,0,2026-03-07 12:29:17.024,2026-03-07 12:29:17.024,,,false,
068cf751-91e3-42c1-a6b7-3e2b68908ba3,fb09a54a-d9fa-404d-986a-bf1ccb7d2287,,,chapter,169,0,0,2026-03-07 13:37:13.21,2026-03-07 13:37:13.21,,,false,
068d386f-5c9d-4d4e-8024-43aa8e2677e7,af8258f2-06f0-4bde-a687-0b55a69cb2c0,,,chapter,63,0,0,2026-03-07 12:52:34.013,2026-03-07 12:52:34.013,,,false,
06a31027-7952-4667-80db-036270b20870,a765dc53-3f13-4f00-a19b-aa2cb581c9dd,6eef4131-c168-4f89-a4a9-b2ddde5c4ab8,,chapter,47,0,0,2026-03-07 14:51:19.243,2026-03-07 14:51:19.243,,,false,
06bebde2-1911-4e15-b523-8ff4259a8b00,fd6ac307-0703-4168-8e6b-755812f44bae,,,chapter,343,0,0,2026-03-07 15:24:29.344,2026-03-07 15:24:29.344,,,false,
06d3e10e-83f6-4ba9-bd95-386f27ca0fb6,fb09a54a-d9fa-404d-986a-bf1ccb7d2287,,,chapter,115,0,0,2026-03-07 12:28:40.755,2026-03-07 12:28:40.755,,,false,
06ddb9a7-7d05-49b2-9886-17d0fa003096,fb09a54a-d9fa-404d-986a-bf1ccb7d2287,,,chapter,27,0,0,2026-03-07 15:03:32.321,2026-03-07 15:03:32.321,,,false,
06efdbba-6963-43f3-a8ef-806212dbbff3,90be6fb3-9dcb-4cd1-8b2b-695e44ccc453,,,chapter,134,0,0,2026-03-07 12:56:03.281,2026-03-07 12:56:03.281,,,false,
0713f1ef-a29a-4d53-b3f6-193eb9b87b33,90be6fb3-9dcb-4cd1-8b2b-695e44ccc453,,,chapter,120,0,0,2026-03-07 12:39:44.037,2026-03-07 12:39:44.037,,,false,
071b5dae-5584-4749-9d87-8c083057e30d,9be38f57-61b3-48fb-b053-984d2a423bd8,,,chapter,44,0,0,2026-03-07 13:15:47.27,2026-03-07 13:15:47.27,,,false,
071ec9cb-beb4-4540-a455-566393ef8bc6,9a20020d-7bea-4fe6-8c9a-40712bf9e882,,,chapter,50,0,0,2026-03-07 13:09:37.996,2026-03-07 13:09:37.996,,,false,
0720d00f-0d5a-41c8-9d4e-8a54f9acd405,50a5c422-6a50-4eb6-b173-111ffffc3d41,,,chapter,300,0,0,2026-03-07 15:19:32.575,2026-03-07 15:19:32.575,,,false,
072724ae-5853-4a1a-9065-6250bac5d1e6,5fc9a5b6-e624-46f0-a9bc-df01537b4907,,,chapter,229,0,0,2026-03-07 14:23:24.467,2026-03-07 14:23:24.467,,,false,
07534724-c3df-48d7-89fb-563bd470ccfe,a765dc53-3f13-4f00-a19b-aa2cb581c9dd,6eef4131-c168-4f89-a4a9-b2ddde5c4ab8,,chapter,32,0,0,2026-03-07 14:40:52,2026-03-07 14:40:52,,,false,
07813f72-bd57-4d1b-8270-928c6545cbd0,fb09a54a-d9fa-404d-986a-bf1ccb7d2287,,,chapter,235,0,0,2026-03-07 14:32:08.488,2026-03-07 14:32:08.488,,,false,
07845336-17c9-4952-8388-b2d306c3af93,fb09a54a-d9fa-404d-986a-bf1ccb7d2287,,,chapter,255,0,0,2026-03-07 14:53:10.053,2026-03-07 14:53:10.053,,,false,
07851944-539c-4efc-875f-723fa7e9a2ae,a124c29b-236a-4dc5-9b03-290e082785d5,,,chapter,125,0,0,2026-03-07 12:38:57.231,2026-03-07 12:38:57.231,,,false,
078c1bdc-3e96-42e1-ab1d-725c40176196,fd6ac307-0703-4168-8e6b-755812f44bae,,,chapter,124,0,0,2026-03-07 12:19:05.296,2026-03-07 12:19:05.296,,,false,
07a4d366-4926-4c9b-8b2c-fd9cb84ec146,50a5c422-6a50-4eb6-b173-111ffffc3d41,,,chapter,301,0,0,2026-03-07 15:19:49.121,2026-03-07 15:19:49.121,,,false,
07b52920-66a6-471b-aa60-0df2aec11536,a765dc53-3f13-4f00-a19b-aa2cb581c9dd,125e398e-2559-43d7-bd43-9855cc3af7ea,,chapter,140,0,0,2026-03-07 13:53:49.928,2026-03-07 13:53:49.928,,,false,
07b6fbfc-2e42-40eb-bb32-4917566b8272,a765dc53-3f13-4f00-a19b-aa2cb581c9dd,125e398e-2559-43d7-bd43-9855cc3af7ea,,chapter,187,0,0,2026-03-07 14:41:38.502,2026-03-07 14:41:38.502,,,false,
07cb4ef0-6335-4bfe-89dd-632182488fef,5fc9a5b6-e624-46f0-a9bc-df01537b4907,,,chapter,79,0,0,2026-03-07 15:04:48.034,2026-03-07 15:04:48.034,,,false,
07d02928-76b5-4e86-961b-bd7cfaec0b3c,90be6fb3-9dcb-4cd1-8b2b-695e44ccc453,,,chapter,171,0,0,2026-03-07 13:47:19.67,2026-03-07 13:47:19.67,,,false,
07d7eca4-9a98-4a4d-949c-e9c032d789ff,fb09a54a-d9fa-404d-986a-bf1ccb7d2287,,,chapter,210,0,0,2026-03-07 14:09:51.486,2026-03-07 14:09:51.486,,,false,
07f03813-7863-48c8-89e2-ab086e3df8f1,61aa237e-d5bd-4f55-b5fc-be9683abc2c8,,,chapter,103.5,0,0,2026-03-07 12:04:04.589,2026-03-07 12:04:04.589,,,false,
07f09838-5638-49a3-847a-db789654e06b,9a20020d-7bea-4fe6-8c9a-40712bf9e882,,,chapter,75,0,0,2026-03-07 13:44:42.888,2026-03-07 13:44:42.888,,,false,
080ba20e-a7e4-4418-a01e-2daea31e537f,61829d6d-8dc1-411e-a3f8-2c26cb5606e8,,,chapter,127,0,0,2026-03-07 12:30:56.554,2026-03-07 12:30:56.554,,,false,
081156c5-4585-4832-905c-81c34cdcfd35,a765dc53-3f13-4f00-a19b-aa2cb581c9dd,6eef4131-c168-4f89-a4a9-b2ddde5c4ab8,,chapter,167,0,0,2026-03-07 14:19:23.592,2026-03-07 14:19:23.592,,,false,
08566851-9f26-4e5e-9152-a173618b3be0,fd6ac307-0703-4168-8e6b-755812f44bae,,,chapter,131,0,0,2026-03-07 12:34:05.436,2026-03-07 12:34:05.436,,,false,
085a9f46-ef87-4c2d-9db0-6bb6a60d7461,5fc9a5b6-e624-46f0-a9bc-df01537b4907,,,chapter,73,0,0,2026-03-07 14:55:19.425,2026-03-07 14:55:19.425,,,false,
0864f09b-7131-4fd3-a837-c52e91a0ad82,50a5c422-6a50-4eb6-b173-111ffffc3d41,,,chapter,391,0,0,2026-03-07 15:47:14.112,2026-03-07 15:47:14.112,,,false,
088a306f-2516-40a0-ae2a-2d6d76dc0ea7,d7ade2ee-4851-453d-95e7-3887ef041e80,,,chapter,98,0,0,2026-03-07 13:55:49.67,2026-03-07 13:55:49.67,,,false,
0890ccf2-58fa-4226-a3f5-d42012742164,a124c29b-236a-4dc5-9b03-290e082785d5,,,chapter,62,0,0,2026-03-07 14:58:00.776,2026-03-07 14:58:00.776,,,false,
0893722a-13cf-43a4-9eb9-8babf0be7cf6,fb09a54a-d9fa-404d-986a-bf1ccb7d2287,,,chapter,139,0,0,2026-03-07 12:45:08.784,2026-03-07 12:45:08.784,,,false,
0897cb51-66de-45b8-970c-acde4c785bc2,90be6fb3-9dcb-4cd1-8b2b-695e44ccc453,,,chapter,169,0,0,2026-03-07 13:30:53.943,2026-03-07 13:30:53.943,,,false,
08af6cf7-65bc-4da7-bc14-948a330c77d4,a765dc53-3f13-4f00-a19b-aa2cb581c9dd,6eef4131-c168-4f89-a4a9-b2ddde5c4ab8,,chapter,35,0,0,2026-03-07 14:41:19.058,2026-03-07 14:41:19.058,,,false,
08b1d6a6-ae00-49c5-aa74-127fe1efb26d,a765dc53-3f13-4f00-a19b-aa2cb581c9dd,125e398e-2559-43d7-bd43-9855cc3af7ea,,chapter,275,0,0,2026-03-07 15:33:59.045,2026-03-07 15:33:59.045,,,false,
08cf5980-e6c7-47b2-92f8-292b292929b0,50a5c422-6a50-4eb6-b173-111ffffc3d41,,,chapter,100,0,0,2026-03-07 12:09:22.452,2026-03-07 12:09:22.452,,,false,
08d6a3e6-c512-4cb9-8772-6622ff28065a,5fc9a5b6-e624-46f0-a9bc-df01537b4907,,,chapter,72,0,0,2026-03-07 14:55:14.787,2026-03-07 14:55:14.787,,,false,
08d717ae-b06c-410d-bdc9-23b267dfade2,61aa237e-d5bd-4f55-b5fc-be9683abc2c8,,,chapter,91,0,0,2026-03-07 13:42:01.205,2026-03-07 13:42:01.205,,,false,
08e53985-bd12-43ee-b182-fc4cbcf7208d,af8258f2-06f0-4bde-a687-0b55a69cb2c0,,,chapter,59,0,0,2026-03-07 12:52:06.378,2026-03-07 12:52:06.378,,,false,
08e5eeff-3d91-4abd-ae89-5bba09d8c08b,fb09a54a-d9fa-404d-986a-bf1ccb7d2287,,,chapter,221,0,0,2026-03-07 14:21:30.404,2026-03-07 14:21:30.404,,,false,
08f928a6-5521-4641-a5ad-9230979c8d81,a765dc53-3f13-4f00-a19b-aa2cb581c9dd,125e398e-2559-43d7-bd43-9855cc3af7ea,,chapter,71,0,0,2026-03-07 15:57:19.199,2026-03-07 15:57:19.199,,,false,
09093106-3ef6-40e3-af9f-6d5790e08e32,50a5c422-6a50-4eb6-b173-111ffffc3d41,,,chapter,167,0,0,2026-03-07 13:14:49.584,2026-03-07 13:14:49.584,,,false,
09693bfc-75f2-4ec0-a7d2-17f89be58a47,50a5c422-6a50-4eb6-b173-111ffffc3d41,,,chapter,148,0,0,2026-03-07 12:58:13.141,2026-03-07 12:58:13.141,,,false,
0980131c-8ac6-47b1-a65e-d9465e9eac20,61829d6d-8dc1-411e-a3f8-2c26cb5606e8,,,chapter,13,0,0,2026-03-07 12:46:43.976,2026-03-07 12:46:43.976,,,false,
099ddb61-f9dc-4c57-a26c-29ab1e568b02,9a20020d-7bea-4fe6-8c9a-40712bf9e882,,,chapter,26,0,0,2026-03-07 12:37:18.773,2026-03-07 12:37:18.773,,,false,
09d5c061-27a4-4208-b3ef-d81e16ace6c2,90be6fb3-9dcb-4cd1-8b2b-695e44ccc453,,,chapter,21,0,0,2026-03-07 14:15:33.976,2026-03-07 14:15:33.976,,,false,
09d9aa22-f179-43a9-bcb1-0c4ca0f4371d,af8258f2-06f0-4bde-a687-0b55a69cb2c0,,,chapter,78,0,0,2026-03-07 13:08:35.774,2026-03-07 13:08:35.774,,,false,
09fd1a2f-a0b3-45ef-995e-0e803a828288,fd6ac307-0703-4168-8e6b-755812f44bae,,,chapter,176,0,0,2026-03-07 13:25:04.566,2026-03-07 13:25:04.566,,,false,
0a0033cc-5467-47f5-a75b-e443dc4ae200,50a5c422-6a50-4eb6-b173-111ffffc3d41,,,chapter,479,0,0,2026-03-07 16:02:15.495,2026-03-07 16:02:15.495,,,false,
0a14b27a-781a-4547-b0fb-61b2a20d8cb1,5fc9a5b6-e624-46f0-a9bc-df01537b4907,,,chapter,219,0,0,2026-03-07 14:11:32.996,2026-03-07 14:11:32.996,,,false,
0a1a903a-7aa8-4ec2-b324-1faec8e25553,9a20020d-7bea-4fe6-8c9a-40712bf9e882,,,chapter,43,0,0,2026-03-07 12:54:00.853,2026-03-07 12:54:00.853,,,false,
0a1e127b-ceca-4576-92b2-1853c36783e0,61829d6d-8dc1-411e-a3f8-2c26cb5606e8,,,chapter,24,0,0,2026-03-07 13:21:46.407,2026-03-07 13:21:46.407,,,false,
0a3a1d1d-d0c0-4368-bd45-a41ca43626d1,a765dc53-3f13-4f00-a19b-aa2cb581c9dd,125e398e-2559-43d7-bd43-9855cc3af7ea,,chapter,301,0,0,2026-03-07 15:45:01.925,2026-03-07 15:45:01.925,,,false,
0a4c0f20-550a-4e9e-b94b-6962a588a0f6,5fc9a5b6-e624-46f0-a9bc-df01537b4907,,,chapter,85,0,0,2026-03-07 15:05:14.435,2026-03-07 15:05:14.435,,,false,
0a5f5bfa-ca0e-4224-9d2f-8cdeb9fce8ff,a124c29b-236a-4dc5-9b03-290e082785d5,,,chapter,205,0,0,2026-03-07 14:13:51.342,2026-03-07 14:13:51.342,,,false,
0a663086-c299-4f6b-8208-c1be9c6a4c14,fb09a54a-d9fa-404d-986a-bf1ccb7d2287,,,chapter,105,0,0,2026-03-07 12:12:02.851,2026-03-07 12:12:02.851,,,false,
0a735990-91f1-45a7-bc36-f89810f10687,61829d6d-8dc1-411e-a3f8-2c26cb5606e8,,,chapter,122,0,0,2026-03-07 12:30:43.708,2026-03-07 12:30:43.708,,,false,
0a7e6103-ebc6-427e-9167-1420d4f2920d,5fc9a5b6-e624-46f0-a9bc-df01537b4907,,,chapter,43,0,0,2026-03-07 14:35:05.583,2026-03-07 14:35:05.583,,,false,
0a94d754-a76f-441c-b600-ebd378417155,fd6ac307-0703-4168-8e6b-755812f44bae,,,chapter,227,0,0,2026-03-07 13:59:30.586,2026-03-07 13:59:30.586,,,false,
0aa21984-90ab-45dc-bbee-0ba2ad54a5dd,5fc9a5b6-e624-46f0-a9bc-df01537b4907,,,chapter,11,0,0,2026-03-07 12:02:29.54,2026-03-07 12:02:29.54,,,false,
0aac8e72-e918-43e7-a3fb-89e72c3ef7b8,5fc9a5b6-e624-46f0-a9bc-df01537b4907,,,chapter,4,0,0,2026-03-07 14:34:45.83,2026-03-07 14:34:45.83,,,false,
0aafd6c3-aefe-417d-9d9f-fc7212cbf56d,50a5c422-6a50-4eb6-b173-111ffffc3d41,,,chapter,192,0,0,2026-03-07 13:49:47.38,2026-03-07 13:49:47.38,,,false,
0ac1a13c-d0f6-4309-8112-c9dbfcd29178,61829d6d-8dc1-411e-a3f8-2c26cb5606e8,,,chapter,137,0,0,2026-03-07 12:47:19.433,2026-03-07 12:47:19.433,,,false,
0acb25fd-b186-44fe-ac9a-08cfd6e6e498,90be6fb3-9dcb-4cd1-8b2b-695e44ccc453,,,chapter,94,0,0,2026-03-07 15:19:01.975,2026-03-07 15:19:01.975,,,false,
0af211d6-45b8-450a-9a17-5c84c97f5910,fd6ac307-0703-4168-8e6b-755812f44bae,,,chapter,364,0,0,2026-03-07 15:31:17.723,2026-03-07 15:31:17.723,,,false,
0b2119a9-93b7-479c-8f62-2744ba70fa73,50a5c422-6a50-4eb6-b173-111ffffc3d41,,,chapter,25,0,0,2026-03-07 14:39:42.899,2026-03-07 14:39:42.899,,,false,
0b2dd2b9-c704-499c-95e1-6f1f42caba68,50a5c422-6a50-4eb6-b173-111ffffc3d41,,,chapter,406,0,0,2026-03-07 15:50:57.724,2026-03-07 15:50:57.724,,,false,
0b7db252-a1bd-4d10-af76-92a058e73c29,a765dc53-3f13-4f00-a19b-aa2cb581c9dd,125e398e-2559-43d7-bd43-9855cc3af7ea,,chapter,276,0,0,2026-03-07 15:34:06.39,2026-03-07 15:34:06.39,,,false,
0b82b34e-b99c-4c4f-96c5-473c674ca272,a765dc53-3f13-4f00-a19b-aa2cb581c9dd,6eef4131-c168-4f89-a4a9-b2ddde5c4ab8,,chapter,149,0,0,2026-03-07 14:07:04.439,2026-03-07 14:07:04.439,,,false,
0b99e346-aa61-4d5c-89fa-f038cccdd4fb,9be38f57-61b3-48fb-b053-984d2a423bd8,,,chapter,114,0,0,2026-03-07 12:27:26.926,2026-03-07 12:27:26.926,,,false,
0bbbc653-bf91-43a6-bd50-b96bedc45588,9a20020d-7bea-4fe6-8c9a-40712bf9e882,,,chapter,32,0,0,2026-03-07 12:53:01.97,2026-03-07 12:53:01.97,,,false,
0bc19fb7-294b-46cb-89b0-ca05a15a958d,a765dc53-3f13-4f00-a19b-aa2cb581c9dd,125e398e-2559-43d7-bd43-9855cc3af7ea,,chapter,250,0,0,2026-03-07 15:22:38.911,2026-03-07 15:22:38.911,,,false,
0bce0443-5dc3-4ef0-95b0-67d0c0efd9fc,a765dc53-3f13-4f00-a19b-aa2cb581c9dd,6eef4131-c168-4f89-a4a9-b2ddde5c4ab8,,chapter,172,0,0,2026-03-07 14:29:12.978,2026-03-07 14:29:12.978,,,false,
0bd5e0d9-3931-4e54-8c4a-819585f073e9,9a20020d-7bea-4fe6-8c9a-40712bf9e882,,,chapter,101,0,0,2026-03-07 12:21:38.89,2026-03-07 12:21:38.89,,,false,
0bda2a5f-983b-4279-a920-8d967e241923,50a5c422-6a50-4eb6-b173-111ffffc3d41,,,chapter,336,0,0,2026-03-07 15:32:27.127,2026-03-07 15:32:27.127,,,false,
0bef48b8-2bb1-4258-91f7-470c0f43c242,fd6ac307-0703-4168-8e6b-755812f44bae,,,chapter,396,0,0,2026-03-07 15:40:24.961,2026-03-07 15:40:24.961,,,false,
0bf50bbc-ec23-496c-8f04-820365b26354,5fc9a5b6-e624-46f0-a9bc-df01537b4907,,,chapter,12,0,0,2026-03-07 12:15:42.053,2026-03-07 12:15:42.053,,,false,
0bfbc83d-cb2d-4720-8f30-e02e0f756b38,9be38f57-61b3-48fb-b053-984d2a423bd8,,,chapter,16,0,0,2026-03-07 12:43:42.525,2026-03-07 12:43:42.525,,,false,
0c030f92-19ff-4237-a9f0-5c44c1b069ca,fd6ac307-0703-4168-8e6b-755812f44bae,,,chapter,18,0,0,2026-03-07 13:25:09.367,2026-03-07 13:25:09.367,,,false,
0c09effa-3801-49b6-bf36-e08ff95937be,fb09a54a-d9fa-404d-986a-bf1ccb7d2287,,,chapter,16,0,0,2026-03-07 13:19:05.817,2026-03-07 13:19:05.817,,,false,
0c0e36f0-38fd-4b0c-b127-8c46a0c6ef3d,61aa237e-d5bd-4f55-b5fc-be9683abc2c8,,,chapter,94,0,0,2026-03-07 13:42:43.492,2026-03-07 13:42:43.492,,,false,
0c2acdac-37f4-4eeb-a3cf-8cff2a8bddfe,9be38f57-61b3-48fb-b053-984d2a423bd8,,,chapter,117,0,0,2026-03-07 12:27:31.731,2026-03-07 12:27:31.731,,,false,
0c4c40c4-be3a-4986-870c-d2a4fd9f7cae,fd6ac307-0703-4168-8e6b-755812f44bae,,,chapter,177,0,0,2026-03-07 13:25:14.017,2026-03-07 13:25:14.017,,,false,
0c4cdadf-b7dd-471a-b1e5-abc90569d02d,a765dc53-3f13-4f00-a19b-aa2cb581c9dd,6eef4131-c168-4f89-a4a9-b2ddde5c4ab8,,chapter,19,0,0,2026-03-07 14:29:36.451,2026-03-07 14:29:36.451,,,false,
0c534f08-74cd-4cd3-b825-edc9b7964e34,50a5c422-6a50-4eb6-b173-111ffffc3d41,,,chapter,510,0,0,2026-03-07 16:05:08.209,2026-03-07 16:05:08.209,,,false,
0c6b9360-2829-45a3-9b23-dd9bfa7e60d9,50a5c422-6a50-4eb6-b173-111ffffc3d41,,,chapter,131,0,0,2026-03-07 12:41:59.909,2026-03-07 12:41:59.909,,,false,
0c747684-3e5f-4dec-a4ef-55ae1e53e5bf,86ecbec7-1381-43fa-9f0b-701e37d40083,,,chapter,21,0,0,2026-03-07 12:41:31.218,2026-03-07 12:41:31.218,,,false,
0c75a048-1b0f-47a7-8c1b-9948d6d6180b,a765dc53-3f13-4f00-a19b-aa2cb581c9dd,6eef4131-c168-4f89-a4a9-b2ddde5c4ab8,,chapter,48,0,0,2026-03-07 14:51:26.204,2026-03-07 14:51:26.204,,,false,
0c7a36dc-e7be-4b44-9416-255583743daf,fb09a54a-d9fa-404d-986a-bf1ccb7d2287,,,chapter,241,0,0,2026-03-07 14:42:32.815,2026-03-07 14:42:32.815,,,false,
0c7b247b-9c9d-4edf-a670-d72117aaa28c,af8258f2-06f0-4bde-a687-0b55a69cb2c0,,,chapter,32,0,0,2026-03-07 12:20:38.905,2026-03-07 12:20:38.905,,,false,
0c92103e-d0d5-41ae-ab3b-0e63c57df894,61829d6d-8dc1-411e-a3f8-2c26cb5606e8,,,chapter,95,0,0,2026-03-07 14:33:57.07,2026-03-07 14:33:57.07,,,false,
0caa8aac-5e45-43a3-88ab-d83a025e89e5,af8258f2-06f0-4bde-a687-0b55a69cb2c0,,,chapter,24,0,0,2026-03-07 12:20:00.794,2026-03-07 12:20:00.794,,,false,
0cebffc7-1e23-4e43-a31d-607f351e9b46,50a5c422-6a50-4eb6-b173-111ffffc3d41,,,chapter,78,0,0,2026-03-07 16:07:43.592,2026-03-07 16:07:43.592,,,false,
0d055d2a-9459-4bad-a5f5-e557acbf00cd,9be38f57-61b3-48fb-b053-984d2a423bd8,,,chapter,16.5,0,0,2026-03-07 12:43:19.22,2026-03-07 12:43:19.22,,,false,
0d2d2ed1-5a7c-4435-b29b-a78bda57c696,9a20020d-7bea-4fe6-8c9a-40712bf9e882,,,chapter,91,0,0,2026-03-07 13:59:57.6,2026-03-07 13:59:57.6,,,false,
0d45d740-8c4c-44b3-a88c-37d12e5143ff,50a5c422-6a50-4eb6-b173-111ffffc3d41,,,chapter,517,0,0,2026-03-07 16:05:14.706,2026-03-07 16:05:14.706,,,false,
0d6297d0-489a-4e9f-8a5f-35847acd7ca1,9be38f57-61b3-48fb-b053-984d2a423bd8,,,chapter,34,0,0,2026-03-07 13:00:08.278,2026-03-07 13:00:08.278,,,false,
0d7aaca9-ed0d-4cda-8839-e6a7d7437f3b,fd6ac307-0703-4168-8e6b-755812f44bae,,,chapter,251,0,0,2026-03-07 14:13:22.485,2026-03-07 14:13:22.485,,,false,
0d85c1c3-61f9-49b8-a177-d2ec20fec375,fb09a54a-d9fa-404d-986a-bf1ccb7d2287,,,chapter,12,0,0,2026-03-07 12:29:07.564,2026-03-07 12:29:07.564,,,false,
0d875b4e-47c7-4a9b-94f0-31117ef7f401,50a5c422-6a50-4eb6-b173-111ffffc3d41,,,chapter,142,0,0,2026-03-07 12:58:08.863,2026-03-07 12:58:08.863,,,false,
0d94ea0f-1b5e-4108-bf4a-52e8a590e269,a124c29b-236a-4dc5-9b03-290e082785d5,,,chapter,208,0,0,2026-03-07 14:14:00.799,2026-03-07 14:14:00.799,,,false,
0de60baa-76c5-4a07-a34f-2ebb50ffd7a8,fd6ac307-0703-4168-8e6b-755812f44bae,,,chapter,67,0,0,2026-03-07 15:49:16.716,2026-03-07 15:49:16.716,,,false,
0df3fd94-71c7-41e7-8b4f-c1fae1f67438,d7ade2ee-4851-453d-95e7-3887ef041e80,,,chapter,51,0,0,2026-03-07 13:02:44.982,2026-03-07 13:02:44.982,,,false,
0e296458-05c8-4211-bc48-f3641fe76084,a765dc53-3f13-4f00-a19b-aa2cb581c9dd,125e398e-2559-43d7-bd43-9855cc3af7ea,,chapter,151,0,0,2026-03-07 14:08:27.781,2026-03-07 14:08:27.781,,,false,
0e36604d-baec-46d8-95c1-092119ef8a94,9be38f57-61b3-48fb-b053-984d2a423bd8,,,chapter,49,0,0,2026-03-07 13:16:00.119,2026-03-07 13:16:00.119,,,false,
0e5438c7-8717-403e-bcb3-aed677f463a7,9be38f57-61b3-48fb-b053-984d2a423bd8,,,chapter,69,0,0,2026-03-07 13:51:05.47,2026-03-07 13:51:05.47,,,false,
0e89521a-c5fb-4147-a929-3bdd5dd50405,50a5c422-6a50-4eb6-b173-111ffffc3d41,,,chapter,327,0,0,2026-03-07 15:27:38.882,2026-03-07 15:27:38.882,,,false,
0e963d35-a426-4be0-986e-a925cb1bbc7d,86ecbec7-1381-43fa-9f0b-701e37d40083,,,chapter,50,0,0,2026-03-07 13:13:32.58,2026-03-07 13:13:32.58,,,false,
0ec048e8-0102-4d10-a115-da244a7cd061,a124c29b-236a-4dc5-9b03-290e082785d5,,,chapter,57,0,0,2026-03-07 14:57:51.133,2026-03-07 14:57:51.133,,,false,
0eca834b-5560-4e3c-9e9e-5a556607a5e5,fd6ac307-0703-4168-8e6b-755812f44bae,,,chapter,213,0,0,2026-03-07 13:58:48.626,2026-03-07 13:58:48.626,,,false,
0ed55454-227a-4638-8b6c-4555b9dbfece,a765dc53-3f13-4f00-a19b-aa2cb581c9dd,125e398e-2559-43d7-bd43-9855cc3af7ea,,chapter,106,0,0,2026-03-07 13:17:57.317,2026-03-07 13:17:57.317,,,false,
0f0c1c6c-bd4f-4243-9f25-e66e6b121443,a765dc53-3f13-4f00-a19b-aa2cb581c9dd,125e398e-2559-43d7-bd43-9855cc3af7ea,,chapter,21,0,0,2026-03-07 14:52:58.586,2026-03-07 14:52:58.586,,,false,
0f1fdadf-0b9f-465a-aea2-203a345370a1,a124c29b-236a-4dc5-9b03-290e082785d5,,,chapter,66,0,0,2026-03-07 15:07:01.101,2026-03-07 15:07:01.101,,,false,
0f38e2ce-28ae-4f04-ba46-640bdb0490b0,a765dc53-3f13-4f00-a19b-aa2cb581c9dd,125e398e-2559-43d7-bd43-9855cc3af7ea,,chapter,259,0,0,2026-03-07 15:28:44.178,2026-03-07 15:28:44.178,,,false,
0f3a6e6f-d3be-41f0-8105-91e105f28095,a765dc53-3f13-4f00-a19b-aa2cb581c9dd,125e398e-2559-43d7-bd43-9855cc3af7ea,,chapter,69,0,0,2026-03-07 15:55:33.76,2026-03-07 15:55:33.76,,,false,
0f484205-9efb-4c53-91d2-95c0075bd19c,a124c29b-236a-4dc5-9b03-290e082785d5,,,chapter,229.5,0,0,2026-03-07 14:37:04.036,2026-03-07 14:37:04.036,,,false,
0f5aef2a-cd69-4722-b395-d89c65a5a62b,fb09a54a-d9fa-404d-986a-bf1ccb7d2287,,,chapter,229,0,0,2026-03-07 14:31:49.54,2026-03-07 14:31:49.54,,,false,
0f5e62ff-a4f0-4098-ae69-aa64480f2f40,a765dc53-3f13-4f00-a19b-aa2cb581c9dd,6eef4131-c168-4f89-a4a9-b2ddde5c4ab8,,chapter,89,0,0,2026-03-07 15:21:24.405,2026-03-07 15:21:24.405,,,false,
0f69c3d6-f12f-4a44-8279-419b1b2dd13f,d7ade2ee-4851-453d-95e7-3887ef041e80,,,chapter,67,0,0,2026-03-07 13:20:38.36,2026-03-07 13:20:38.36,,,false,
0f74fd1a-d5dc-4e43-9721-163c7b4c7025,d7ade2ee-4851-453d-95e7-3887ef041e80,,,chapter,39,0,0,2026-03-07 13:01:41.801,2026-03-07 13:01:41.801,,,false,
0fb051cf-1ed1-4858-80a3-2d5cd4442599,d7ade2ee-4851-453d-95e7-3887ef041e80,,,chapter,8,0,0,2026-03-07 13:38:19.349,2026-03-07 13:38:19.349,,,false,
0fb2e0a4-355f-4406-967e-2556cf5c1068,a124c29b-236a-4dc5-9b03-290e082785d5,,,chapter,218,0,0,2026-03-07 14:25:49.817,2026-03-07 14:25:49.817,,,false,
0fb8e476-ea48-4d65-83b7-e7aca3cdabf2,fb09a54a-d9fa-404d-986a-bf1ccb7d2287,,,chapter,224,0,0,2026-03-07 14:21:44.673,2026-03-07 14:21:44.673,,,false,
0ff0e9b1-835b-4015-8583-5c60e0b24856,a765dc53-3f13-4f00-a19b-aa2cb581c9dd,125e398e-2559-43d7-bd43-9855cc3af7ea,,chapter,175,0,0,2026-03-07 14:31:17.526,2026-03-07 14:31:17.526,,,false,
1011c4e6-8a6b-4665-aaf0-6967b2de33cb,5fc9a5b6-e624-46f0-a9bc-df01537b4907,,,chapter,184,0,0,2026-03-07 13:22:46.968,2026-03-07 13:22:46.968,,,false,
10159c8f-ec24-4531-b7dd-1899ff463309,50a5c422-6a50-4eb6-b173-111ffffc3d41,,,chapter,497,0,0,2026-03-07 16:03:23.455,2026-03-07 16:03:23.455,,,false,
10176514-f1bb-4b0d-a503-05181f89b8f4,a765dc53-3f13-4f00-a19b-aa2cb581c9dd,125e398e-2559-43d7-bd43-9855cc3af7ea,,chapter,125,0,0,2026-03-07 13:36:53.11,2026-03-07 13:36:53.11,,,false,
101daaeb-de01-4912-b2a5-bbd3c6dde61c,9a20020d-7bea-4fe6-8c9a-40712bf9e882,,,chapter,88,0,0,2026-03-07 13:45:45.334,2026-03-07 13:45:45.334,,,false,
10238022-4e3f-400a-a026-2ff3e5c61fd8,fd6ac307-0703-4168-8e6b-755812f44bae,,,chapter,220,0,0,2026-03-07 13:59:10.028,2026-03-07 13:59:10.028,,,false,
10420937-ea60-4b4c-b175-31f781f0a536,61aa237e-d5bd-4f55-b5fc-be9683abc2c8,,,chapter,7,0,0,2026-03-07 13:06:20.94,2026-03-07 13:06:20.94,,,false,
1044be67-82a0-4969-bea3-dbc1f949561e,fd6ac307-0703-4168-8e6b-755812f44bae,,,chapter,98,0,0,2026-03-07 15:55:55.17,2026-03-07 15:55:55.17,,,false,
1055a24e-6404-4f81-8d5f-7866a1bdb926,9a20020d-7bea-4fe6-8c9a-40712bf9e882,,,chapter,93,0,0,2026-03-07 14:00:01.384,2026-03-07 14:00:01.384,,,false,
105837e6-31bc-451a-91bd-35bc1bc4ab2f,a765dc53-3f13-4f00-a19b-aa2cb581c9dd,125e398e-2559-43d7-bd43-9855cc3af7ea,,chapter,24,0,0,2026-03-07 15:21:56.419,2026-03-07 15:21:56.419,,,false,
106f0b3f-b446-4cd9-9bf7-68376cbe2a7d,5fc9a5b6-e624-46f0-a9bc-df01537b4907,,,chapter,27,0,0,2026-03-07 14:24:07.508,2026-03-07 14:24:07.508,,,false,
109c0f5b-c923-4336-a444-702375f5c37e,a765dc53-3f13-4f00-a19b-aa2cb581c9dd,6eef4131-c168-4f89-a4a9-b2ddde5c4ab8,,chapter,31,0,0,2026-03-07 14:40:56.816,2026-03-07 14:40:56.816,,,false,
10c22042-416d-4e21-999b-a837b66a23dd,50a5c422-6a50-4eb6-b173-111ffffc3d41,,,chapter,318,0,0,2026-03-07 15:26:52.346,2026-03-07 15:26:52.346,,,false,
10cb7dc4-323d-461e-8037-6bb6bb9ed67a,a765dc53-3f13-4f00-a19b-aa2cb581c9dd,6eef4131-c168-4f89-a4a9-b2ddde5c4ab8,,chapter,68,0,0,2026-03-07 15:12:02.927,2026-03-07 15:12:02.927,,,false,
10cfd7a5-15e8-4be8-965e-3a128d005ede,86ecbec7-1381-43fa-9f0b-701e37d40083,,,chapter,71,0,0,2026-03-07 13:48:32.9,2026-03-07 13:48:32.9,,,false,
10ea123b-bf57-4ea5-8b68-9fe0604d8fba,90be6fb3-9dcb-4cd1-8b2b-695e44ccc453,,,chapter,27.5,0,0,2026-03-07 14:26:50.409,2026-03-07 14:26:50.409,,,false,
10eb67b1-49de-4177-944b-e3ed99108cc4,fd6ac307-0703-4168-8e6b-755812f44bae,,,chapter,259,0,0,2026-03-07 14:25:33.032,2026-03-07 14:25:33.032,,,false,
10f1f6d5-21ca-4dfb-b127-3726ec459f7c,50a5c422-6a50-4eb6-b173-111ffffc3d41,,,chapter,508,0,0,2026-03-07 16:04:22.911,2026-03-07 16:04:22.911,,,false,
10f2094a-567b-4cc7-8300-2f94a9aed044,a765dc53-3f13-4f00-a19b-aa2cb581c9dd,125e398e-2559-43d7-bd43-9855cc3af7ea,,chapter,164,0,0,2026-03-07 14:20:20.204,2026-03-07 14:20:20.204,,,false,
10faaba7-7823-4bd8-9b4f-2ef4397ed328,a765dc53-3f13-4f00-a19b-aa2cb581c9dd,125e398e-2559-43d7-bd43-9855cc3af7ea,,chapter,162,0,0,2026-03-07 14:20:15.996,2026-03-07 14:20:15.996,,,false,
1109dd49-612b-4830-8ae1-de740cc34303,a765dc53-3f13-4f00-a19b-aa2cb581c9dd,125e398e-2559-43d7-bd43-9855cc3af7ea,,chapter,34,0,0,2026-03-07 15:48:39.347,2026-03-07 15:48:39.347,,,false,
1122844b-8fdd-4ea4-864e-816a64d731af,a765dc53-3f13-4f00-a19b-aa2cb581c9dd,125e398e-2559-43d7-bd43-9855cc3af7ea,,chapter,154,0,0,2026-03-07 14:08:23.545,2026-03-07 14:08:23.545,,,false,
1123cd67-9a18-4e81-a643-ebf698d1e6ac,50a5c422-6a50-4eb6-b173-111ffffc3d41,,,chapter,105,0,0,2026-03-07 12:09:39.939,2026-03-07 12:09:39.939,,,false,
112429a2-f097-4403-9a37-428dbd5e9a47,5fc9a5b6-e624-46f0-a9bc-df01537b4907,,,chapter,20,0,0,2026-03-07 13:57:17.603,2026-03-07 13:57:17.603,,,false,
114fb6b9-c16a-4e81-a715-1399b448b64a,50a5c422-6a50-4eb6-b173-111ffffc3d41,,,chapter,481,0,0,2026-03-07 16:02:11.517,2026-03-07 16:02:11.517,,,false,
1151749a-efb2-4ab7-b8e4-779c9b2117d9,50a5c422-6a50-4eb6-b173-111ffffc3d41,,,chapter,205,0,0,2026-03-07 14:04:19.783,2026-03-07 14:04:19.783,,,false,
115c5c05-aa3b-4824-8f15-480954bc742c,50a5c422-6a50-4eb6-b173-111ffffc3d41,,,chapter,359,0,0,2026-03-07 15:40:29.575,2026-03-07 15:40:29.575,,,false,
11668a90-8f57-4c54-a538-a25ff5d05b59,61829d6d-8dc1-411e-a3f8-2c26cb5606e8,,,chapter,51,0,0,2026-03-07 13:56:51.917,2026-03-07 13:56:51.917,,,false,
116fa0dd-cdd6-479e-926e-6106db413010,af8258f2-06f0-4bde-a687-0b55a69cb2c0,,,chapter,64.6,0,0,2026-03-07 12:52:39.992,2026-03-07 12:52:39.992,,,false,
1173a6e6-b5f4-4ca9-9d4e-b04e007d8c9d,a765dc53-3f13-4f00-a19b-aa2cb581c9dd,125e398e-2559-43d7-bd43-9855cc3af7ea,,chapter,99,0,0,2026-03-07 16:01:38.797,2026-03-07 16:01:38.797,,,false,
11821e81-8270-4e78-beb2-106f0f0cfbc8,5fc9a5b6-e624-46f0-a9bc-df01537b4907,,,chapter,90,0,0,2026-03-07 15:15:22.548,2026-03-07 15:15:22.548,,,false,
119096e2-c8d5-409c-b9ae-ba803ca25325,a124c29b-236a-4dc5-9b03-290e082785d5,,,chapter,108,0,0,2026-03-07 12:23:30.353,2026-03-07 12:23:30.353,,,false,
1195b3bc-cc04-4aee-bc50-07a49cea7aa7,61aa237e-d5bd-4f55-b5fc-be9683abc2c8,,,chapter,31,0,0,2026-03-07 12:17:51.274,2026-03-07 12:17:51.274,,,false,
11c49fb9-58ad-4d1b-b935-880f8b423d84,5fc9a5b6-e624-46f0-a9bc-df01537b4907,,,chapter,144,0,0,2026-03-07 12:47:54.265,2026-03-07 12:47:54.265,,,false,
11d9f495-7fbc-45c8-8532-f97046d86d62,fd6ac307-0703-4168-8e6b-755812f44bae,,,chapter,366,0,0,2026-03-07 15:31:22.391,2026-03-07 15:31:22.391,,,false,
11e69498-a3c1-4c96-8bf5-cbb11484e17e,5fc9a5b6-e624-46f0-a9bc-df01537b4907,,,chapter,164,0,0,2026-03-07 13:04:34.326,2026-03-07 13:04:34.326,,,false,
11f41d97-681b-47fd-93eb-de6929e7c6d5,fb09a54a-d9fa-404d-986a-bf1ccb7d2287,,,chapter,65,0,0,2026-03-07 15:29:35.497,2026-03-07 15:29:35.497,,,false,
11f5b203-d4b3-4da0-9ffe-c692e2b2a5b8,5fc9a5b6-e624-46f0-a9bc-df01537b4907,,,chapter,215,0,0,2026-03-07 14:11:14.784,2026-03-07 14:11:14.784,,,false,
1204bfb8-7e9a-4782-b11f-bfec4e204c8d,a124c29b-236a-4dc5-9b03-290e082785d5,,,chapter,153,0,0,2026-03-07 13:11:16.151,2026-03-07 13:11:16.151,,,false,
12156fdd-7d63-4d58-bfbd-ac186db3e9c5,61829d6d-8dc1-411e-a3f8-2c26cb5606e8,,,chapter,90,0,0,2026-03-07 14:33:29.435,2026-03-07 14:33:29.435,,,false,
1216cf57-0c1e-40b5-8c9e-cffff863af7a,5fc9a5b6-e624-46f0-a9bc-df01537b4907,,,chapter,183,0,0,2026-03-07 13:22:58.585,2026-03-07 13:22:58.585,,,false,
121f1dc7-5a46-4a0e-9b94-3e0c7913a426,fd6ac307-0703-4168-8e6b-755812f44bae,,,chapter,134,0,0,2026-03-07 12:33:57.459,2026-03-07 12:33:57.459,,,false,
123c2d3e-6c52-457d-9ac1-c793f61d0aa5,fd6ac307-0703-4168-8e6b-755812f44bae,,,chapter,49,0,0,2026-03-07 15:43:40.216,2026-03-07 15:43:40.216,,,false,
124cb8b0-0a50-4dd5-95a1-da3df4a41fee,50a5c422-6a50-4eb6-b173-111ffffc3d41,,,chapter,113,0,0,2026-03-07 12:26:04.86,2026-03-07 12:26:04.86,,,false,
1257a389-6549-4df0-b6cc-bbe1bb50939b,50a5c422-6a50-4eb6-b173-111ffffc3d41,,,chapter,504,0,0,2026-03-07 16:04:08.441,2026-03-07 16:04:08.441,,,false,
125e398e-2559-43d7-bd43-9855cc3af7ea,a765dc53-3f13-4f00-a19b-aa2cb581c9dd,,,volume,2,0,338,2026-03-07 13:17:19.956,2026-03-07 13:17:19.956,,,false,
1273d384-0af1-4714-9750-2c17362a15e2,a765dc53-3f13-4f00-a19b-aa2cb581c9dd,125e398e-2559-43d7-bd43-9855cc3af7ea,,chapter,227,0,0,2026-03-07 15:14:03.11,2026-03-07 15:14:03.11,,,false,
128736f5-49cd-46fa-8ade-2e5c0a528fb4,d7ade2ee-4851-453d-95e7-3887ef041e80,,,chapter,30,0,0,2026-03-07 12:45:48.467,2026-03-07 12:45:48.467,,,false,
129125b1-03dc-45f0-adb2-eb77df04cacf,fd6ac307-0703-4168-8e6b-755812f44bae,,,chapter,334,0,0,2026-03-07 15:16:44.349,2026-03-07 15:16:44.349,,,false,
1292c528-8325-4dfa-8904-ce00b5cc9af1,d7ade2ee-4851-453d-95e7-3887ef041e80,,,chapter,91,0,0,2026-03-07 13:39:04.787,2026-03-07 13:39:04.787,,,false,
12b1a9d9-9016-4677-a02f-8dbd96c9a79c,a124c29b-236a-4dc5-9b03-290e082785d5,,,chapter,149,0,0,2026-03-07 13:11:03.267,2026-03-07 13:11:03.267,,,false,
12b2d8cd-17ce-4d4d-8412-fe55581d7b8d,90be6fb3-9dcb-4cd1-8b2b-695e44ccc453,,,chapter,92,0,0,2026-03-07 15:18:52.29,2026-03-07 15:18:52.29,,,false,
12b414c0-824c-48d8-b815-84ae0662e757,fb09a54a-d9fa-404d-986a-bf1ccb7d2287,,,chapter,19,0,0,2026-03-07 13:54:27.041,2026-03-07 13:54:27.041,,,false,
12b8a681-0456-493c-bb6d-027ed37a05b6,fb09a54a-d9fa-404d-986a-bf1ccb7d2287,,,chapter,258,0,0,2026-03-07 14:53:20.028,2026-03-07 14:53:20.028,,,false,
12e079e6-2465-41f5-8b30-a8c2a9b4177c,a765dc53-3f13-4f00-a19b-aa2cb581c9dd,125e398e-2559-43d7-bd43-9855cc3af7ea,,chapter,291,0,0,2026-03-07 15:41:38.523,2026-03-07 15:41:38.523,,,false,
12f652fb-2cb1-4d2a-8eb0-972552316e8d,fd6ac307-0703-4168-8e6b-755812f44bae,,,chapter,377,0,0,2026-03-07 15:35:47.566,2026-03-07 15:35:47.566,,,false,
1304e0d9-f738-41f7-8c61-a4cdcfe146ab,86ecbec7-1381-43fa-9f0b-701e37d40083,,,chapter,90,0,0,2026-03-07 14:03:43.506,2026-03-07 14:03:43.506,,,false,
132debb1-d6f0-4438-b6be-d225139d8e63,a765dc53-3f13-4f00-a19b-aa2cb581c9dd,125e398e-2559-43d7-bd43-9855cc3af7ea,,chapter,189,0,0,2026-03-07 14:41:42.782,2026-03-07 14:41:42.782,,,false,
13315746-e807-4c8a-9a23-a96dd38f8634,fb09a54a-d9fa-404d-986a-bf1ccb7d2287,,,chapter,147,0,0,2026-03-07 13:00:37.377,2026-03-07 13:00:37.377,,,false,
13316c39-22c9-47c7-8c53-2cb9188e83e3,9be38f57-61b3-48fb-b053-984d2a423bd8,,,chapter,65,0,0,2026-03-07 13:50:51.88,2026-03-07 13:50:51.88,,,false,
135c622a-d46e-41c1-bff0-7472cc148cb4,b8e789e4-f33e-406b-9e1b-6639267faf7b,,,chapter,3,0,0,2026-03-07 12:03:24.972,2026-03-07 12:03:24.972,,,false,
135e6a99-08e9-4d79-ab86-1ec1ab9dfdb3,a765dc53-3f13-4f00-a19b-aa2cb581c9dd,125e398e-2559-43d7-bd43-9855cc3af7ea,,chapter,176,0,0,2026-03-07 14:30:51.141,2026-03-07 14:30:51.141,,,false,
136a9003-df9c-40c9-8b38-cb365309c4d2,fd6ac307-0703-4168-8e6b-755812f44bae,,,chapter,141,1,0,2026-03-07 12:34:40.758,2026-03-07 12:34:40.758,,,false,
139efd88-ac7f-4bb2-97ad-c1bd9f3ceb98,af8258f2-06f0-4bde-a687-0b55a69cb2c0,,,chapter,53,0,0,2026-03-07 12:52:12.548,2026-03-07 12:52:12.548,,,false,
13a276d4-9068-46ab-896e-c6933ad42ed6,fd6ac307-0703-4168-8e6b-755812f44bae,,,chapter,349,0,0,2026-03-07 15:24:21.161,2026-03-07 15:24:21.161,,,false,
13a76d47-28fc-4c94-8ee5-8677a4433624,d7ade2ee-4851-453d-95e7-3887ef041e80,,,chapter,93,0,0,2026-03-07 13:55:29.834,2026-03-07 13:55:29.834,,,false,
13b301a5-9de3-471f-8c5e-52e0db9f9a4b,90be6fb3-9dcb-4cd1-8b2b-695e44ccc453,,,chapter,79,0,0,2026-03-07 15:09:11.241,2026-03-07 15:09:11.241,,,false,
13b3341b-4534-4a03-b995-bedf1b06ef71,50a5c422-6a50-4eb6-b173-111ffffc3d41,,,chapter,261,0,0,2026-03-07 14:49:07.531,2026-03-07 14:49:07.531,,,false,
13ca03b4-c34f-4d0e-a339-b6512ab94e9a,fb09a54a-d9fa-404d-986a-bf1ccb7d2287,,,chapter,225,0,0,2026-03-07 14:22:03.405,2026-03-07 14:22:03.405,,,false,
13ea11e2-806d-4c20-80e4-aa5afe4bba57,50a5c422-6a50-4eb6-b173-111ffffc3d41,,,chapter,170,0,0,2026-03-07 13:14:37.537,2026-03-07 13:14:37.537,,,false,
13f3a2b1-d252-496d-ae44-1f269103aa71,50a5c422-6a50-4eb6-b173-111ffffc3d41,,,chapter,24,0,0,2026-03-07 14:29:02.993,2026-03-07 14:29:02.993,,,false,
142aeae4-8774-4288-8a5d-c75f3666fc1b,a765dc53-3f13-4f00-a19b-aa2cb581c9dd,125e398e-2559-43d7-bd43-9855cc3af7ea,,chapter,122,0,0,2026-03-07 13:36:45.901,2026-03-07 13:36:45.901,,,false,
144d5b9f-6ba0-477c-b76b-4614d7594952,50a5c422-6a50-4eb6-b173-111ffffc3d41,,,chapter,403,0,0,2026-03-07 15:50:29.911,2026-03-07 15:50:29.911,,,false,
144e4074-e4f3-470c-af99-10fcd7baf4e3,50a5c422-6a50-4eb6-b173-111ffffc3d41,,,chapter,383,0,0,2026-03-07 15:44:37.345,2026-03-07 15:44:37.345,,,false,
14ae0f92-5183-41ca-b034-51ba7dfd8925,61829d6d-8dc1-411e-a3f8-2c26cb5606e8,,,chapter,1,1,0,2026-03-07 12:14:03.646,2026-03-07 12:14:03.646,,,false,
14afa0a1-5a5a-49a7-b1ba-e04757a5911d,fb09a54a-d9fa-404d-986a-bf1ccb7d2287,,,chapter,184,0,0,2026-03-07 13:54:12.857,2026-03-07 13:54:12.857,,,false,
14c6060e-b42b-432d-910d-d71d0374505b,50a5c422-6a50-4eb6-b173-111ffffc3d41,,,chapter,155,0,0,2026-03-07 12:58:51.595,2026-03-07 12:58:51.595,,,false,
14cb3178-3f89-4b1e-9104-88f576cbb6c4,af8258f2-06f0-4bde-a687-0b55a69cb2c0,,,chapter,56,0,0,2026-03-07 12:52:23.083,2026-03-07 12:52:23.083,,,false,
14da2d14-8b25-4db7-814e-b578b16dbb7a,fd6ac307-0703-4168-8e6b-755812f44bae,,,chapter,318,0,0,2026-03-07 15:06:08.548,2026-03-07 15:06:08.548,,,false,
14e1ca02-810d-43f3-a430-14a8fe3a3954,a124c29b-236a-4dc5-9b03-290e082785d5,,,chapter,211,0,0,2026-03-07 14:14:32.267,2026-03-07 14:14:32.267,,,false,
14e2072f-99d9-4fd0-9da7-d149f6ca1049,61aa237e-d5bd-4f55-b5fc-be9683abc2c8,,,chapter,81,0,0,2026-03-07 13:23:50.295,2026-03-07 13:23:50.295,,,false,
153196e0-9ea5-41e9-9952-206d9a0b12f1,fd6ac307-0703-4168-8e6b-755812f44bae,,,chapter,47,0,0,2026-03-07 15:43:52.602,2026-03-07 15:43:52.602,,,false,
15509b3f-4d1d-450d-90ae-2eda6887ecb5,a765dc53-3f13-4f00-a19b-aa2cb581c9dd,125e398e-2559-43d7-bd43-9855cc3af7ea,,chapter,300,0,0,2026-03-07 15:42:31.896,2026-03-07 15:42:31.896,,,false,
155d1c9c-4696-42ca-8ef2-981e3a8b6c50,d7ade2ee-4851-453d-95e7-3887ef041e80,,,chapter,94,0,0,2026-03-07 13:55:24.547,2026-03-07 13:55:24.547,,,false,
155d3cdb-350f-45bf-8324-32096d179907,86ecbec7-1381-43fa-9f0b-701e37d40083,,,chapter,14,0,0,2026-03-07 12:40:33.233,2026-03-07 12:40:33.233,,,false,
1585a587-265c-4f46-818f-0822e5eaa0cd,86ecbec7-1381-43fa-9f0b-701e37d40083,,,chapter,58,0,0,2026-03-07 13:31:20.07,2026-03-07 13:31:20.07,,,false,
158df674-a819-4454-b390-fd383a90bd0a,86ecbec7-1381-43fa-9f0b-701e37d40083,,,chapter,111,0,0,2026-03-07 12:09:02.111,2026-03-07 12:09:02.111,,,false,
15b4f989-cd00-4fdb-be80-0b6f52178052,fd6ac307-0703-4168-8e6b-755812f44bae,,,chapter,52,0,0,2026-03-07 15:46:09.413,2026-03-07 15:46:09.413,,,false,
15b6cf88-2868-4ac5-a35a-91f251a050b9,fb09a54a-d9fa-404d-986a-bf1ccb7d2287,,,chapter,38,0,0,2026-03-07 15:14:25.289,2026-03-07 15:14:25.289,,,false,
15c1e4b1-2460-45ed-b6a6-5e9fdc848cf9,af8258f2-06f0-4bde-a687-0b55a69cb2c0,,,chapter,61,0,0,2026-03-07 12:52:50.255,2026-03-07 12:52:50.255,,,false,
15df1ec0-c17a-4eec-aef4-963b9b5c1528,5fc9a5b6-e624-46f0-a9bc-df01537b4907,,,chapter,185,0,0,2026-03-07 13:22:52.516,2026-03-07 13:22:52.516,,,false,
16002b61-a096-4156-94da-47541f863992,a765dc53-3f13-4f00-a19b-aa2cb581c9dd,6eef4131-c168-4f89-a4a9-b2ddde5c4ab8,,chapter,26.5,0,0,2026-03-07 14:40:35.84,2026-03-07 14:40:35.84,,,false,
16054479-a785-4995-9d1d-4aecfab3a501,a765dc53-3f13-4f00-a19b-aa2cb581c9dd,125e398e-2559-43d7-bd43-9855cc3af7ea,,chapter,48,0,0,2026-03-07 15:51:46.343,2026-03-07 15:51:46.343,,,false,
1614a11c-86c4-4873-bb55-7e2846ba160b,fd6ac307-0703-4168-8e6b-755812f44bae,,,chapter,83,0,0,2026-03-07 15:52:38.81,2026-03-07 15:52:38.81,,,false,
162408f2-b2a6-4064-8deb-5cc8b9901fc7,a124c29b-236a-4dc5-9b03-290e082785d5,,,chapter,41,0,0,2026-03-07 14:46:37.577,2026-03-07 14:46:37.577,,,false,
162c9230-16ba-4b95-8c75-1317f549c97e,5fc9a5b6-e624-46f0-a9bc-df01537b4907,,,chapter,158,0,0,2026-03-07 13:04:03.836,2026-03-07 13:04:03.836,,,false,
163e7d14-b6cc-4ae5-86b2-f89609498764,61aa237e-d5bd-4f55-b5fc-be9683abc2c8,,,chapter,77,0,0,2026-03-07 13:23:03.704,2026-03-07 13:23:03.704,,,false,
163f9d75-a0bf-4ea6-b51e-113602d57506,86ecbec7-1381-43fa-9f0b-701e37d40083,,,chapter,78,0,0,2026-03-07 13:49:10.231,2026-03-07 13:49:10.231,,,false,
166581d3-04fc-456b-9ecb-d31559f24430,86ecbec7-1381-43fa-9f0b-701e37d40083,,,chapter,112,0,0,2026-03-07 12:08:57.445,2026-03-07 12:08:57.445,,,false,
16a03eeb-0bbf-43a4-8cdc-aa28ac7defb9,a765dc53-3f13-4f00-a19b-aa2cb581c9dd,125e398e-2559-43d7-bd43-9855cc3af7ea,,chapter,130,0,0,2026-03-07 13:53:15.032,2026-03-07 13:53:15.032,,,false,
16cf1e80-b2d9-4be1-b568-65742a22033e,5fc9a5b6-e624-46f0-a9bc-df01537b4907,,,chapter,122,0,0,2026-03-07 12:15:55.755,2026-03-07 12:15:55.755,,,false,
16d458c2-d1e4-4ea9-807d-af8ef4c195d4,fd6ac307-0703-4168-8e6b-755812f44bae,,,chapter,44,0,0,2026-03-07 15:43:44.359,2026-03-07 15:43:44.359,,,false,
16ef41f5-17e6-49e3-9267-9c266b520601,fb09a54a-d9fa-404d-986a-bf1ccb7d2287,,,chapter,10,0,0,2026-03-07 12:11:45.263,2026-03-07 12:11:45.263,,,false,
16f20cde-9c77-4667-b560-9bbd40d926fe,9be38f57-61b3-48fb-b053-984d2a423bd8,,,chapter,46,0,0,2026-03-07 13:15:42.862,2026-03-07 13:15:42.862,,,false,
16f4fcb0-a300-45fa-80c2-19c682d86a4c,50a5c422-6a50-4eb6-b173-111ffffc3d41,,,chapter,176,0,0,2026-03-07 13:32:53.127,2026-03-07 13:32:53.127,,,false,
1706f16a-037f-4651-a980-b642afb98cc6,9a20020d-7bea-4fe6-8c9a-40712bf9e882,,,chapter,64,0,0,2026-03-07 13:27:40.245,2026-03-07 13:27:40.245,,,false,
17357263-6942-4cc4-870e-392c8792d074,90be6fb3-9dcb-4cd1-8b2b-695e44ccc453,,,chapter,183,0,0,2026-03-07 13:48:06.114,2026-03-07 13:48:06.114,,,false,
174217e9-0b5f-4bc6-a05f-de710048e577,fd6ac307-0703-4168-8e6b-755812f44bae,,,chapter,50,0,0,2026-03-07 15:46:00.383,2026-03-07 15:46:00.383,,,false,
1777145d-fc50-4947-aecb-833a03f5e372,a765dc53-3f13-4f00-a19b-aa2cb581c9dd,6eef4131-c168-4f89-a4a9-b2ddde5c4ab8,,chapter,86,0,0,2026-03-07 15:21:05.42,2026-03-07 15:21:05.42,,,false,
17bb999e-93f8-45b0-9492-4498fea8208f,a765dc53-3f13-4f00-a19b-aa2cb581c9dd,6eef4131-c168-4f89-a4a9-b2ddde5c4ab8,,chapter,153,0,0,2026-03-07 14:07:25.871,2026-03-07 14:07:25.871,,,false,
17c7bceb-ac8f-4488-8000-bd36d8f741be,fd6ac307-0703-4168-8e6b-755812f44bae,,,chapter,351,0,0,2026-03-07 15:24:42.043,2026-03-07 15:24:42.043,,,false,
17fd26d1-9ca8-4c3f-9990-ab8110fb7955,a765dc53-3f13-4f00-a19b-aa2cb581c9dd,6eef4131-c168-4f89-a4a9-b2ddde5c4ab8,,chapter,143,0,0,2026-03-07 14:06:30.145,2026-03-07 14:06:30.145,,,false,
17fdffe6-fe97-487d-8897-eeda80174e78,50a5c422-6a50-4eb6-b173-111ffffc3d41,,,chapter,188,0,0,2026-03-07 13:50:08.319,2026-03-07 13:50:08.319,,,false,
18097259-1b70-4435-8b3d-f2ba21821d82,fd6ac307-0703-4168-8e6b-755812f44bae,,,chapter,346,0,0,2026-03-07 15:24:04.84,2026-03-07 15:24:04.84,,,false,
18193819-c853-4ed6-99b2-f1ba5637a508,fd6ac307-0703-4168-8e6b-755812f44bae,,,chapter,91,0,0,2026-03-07 15:53:11.563,2026-03-07 15:53:11.563,,,false,
182e15ed-e9ba-47ab-8a1c-b453409f790d,a765dc53-3f13-4f00-a19b-aa2cb581c9dd,125e398e-2559-43d7-bd43-9855cc3af7ea,,chapter,128,0,0,2026-03-07 13:53:06.493,2026-03-07 13:53:06.493,,,false,
183651dd-cdd6-4fbf-926a-1609239265c1,90be6fb3-9dcb-4cd1-8b2b-695e44ccc453,,,chapter,112,0,0,2026-03-07 12:39:11.364,2026-03-07 12:39:11.364,,,false,
184b09bf-9d46-4c9a-92e9-ae98df4cb3e2,50a5c422-6a50-4eb6-b173-111ffffc3d41,,,chapter,302,0,0,2026-03-07 15:19:53.08,2026-03-07 15:19:53.08,,,false,
1857c34a-f1f8-4a9c-92da-74419003e2b6,50a5c422-6a50-4eb6-b173-111ffffc3d41,,,chapter,409,0,0,2026-03-07 15:50:41.657,2026-03-07 15:50:41.657,,,false,
18a80f02-ebb5-43d4-8537-6b01abd9108e,90be6fb3-9dcb-4cd1-8b2b-695e44ccc453,,,chapter,48,0,0,2026-03-07 14:38:28.738,2026-03-07 14:38:28.738,,,false,
18bd7b71-5207-4cc4-81df-312be0afb11b,a765dc53-3f13-4f00-a19b-aa2cb581c9dd,125e398e-2559-43d7-bd43-9855cc3af7ea,,chapter,173,0,0,2026-03-07 14:30:46.941,2026-03-07 14:30:46.941,,,false,
18bdef93-dceb-4d50-9b02-859f2043eb50,a765dc53-3f13-4f00-a19b-aa2cb581c9dd,125e398e-2559-43d7-bd43-9855cc3af7ea,,chapter,144,0,0,2026-03-07 14:07:38.634,2026-03-07 14:07:38.634,,,false,
18cba7e6-c63e-459b-8a4b-fe64aad525ac,9a20020d-7bea-4fe6-8c9a-40712bf9e882,,,chapter,37,0,0,2026-03-07 12:53:20.227,2026-03-07 12:53:20.227,,,false,
18d053eb-cb8a-41f6-9923-709cc456ca5e,5fc9a5b6-e624-46f0-a9bc-df01537b4907,,,chapter,26,0,0,2026-03-07 14:24:03.124,2026-03-07 14:24:03.124,,,false,
18d73f1b-8486-4656-b3db-a18128505982,a765dc53-3f13-4f00-a19b-aa2cb581c9dd,125e398e-2559-43d7-bd43-9855cc3af7ea,,chapter,120,0,0,2026-03-07 13:36:27.271,2026-03-07 13:36:27.271,,,false,
18e67548-c7b5-4530-9c27-86adc45f0bcd,fd6ac307-0703-4168-8e6b-755812f44bae,,,chapter,290,0,0,2026-03-07 14:45:41.972,2026-03-07 14:45:41.972,,,false,
18ebd34c-93a3-4ffd-97ca-c84babfdc198,a765dc53-3f13-4f00-a19b-aa2cb581c9dd,125e398e-2559-43d7-bd43-9855cc3af7ea,,chapter,119,0,0,2026-03-07 13:36:12.83,2026-03-07 13:36:12.83,,,false,
19048f15-5109-4d55-9a7a-24a9633a949f,61829d6d-8dc1-411e-a3f8-2c26cb5606e8,,,chapter,98,0,0,2026-03-07 14:43:40.969,2026-03-07 14:43:40.969,,,false,
19454db7-d218-420c-a493-bc171b3c6265,a765dc53-3f13-4f00-a19b-aa2cb581c9dd,125e398e-2559-43d7-bd43-9855cc3af7ea,,chapter,311,0,0,2026-03-07 15:45:41.632,2026-03-07 15:45:41.632,,,false,
194a4a1f-19f6-450a-af56-4d081548af2a,a765dc53-3f13-4f00-a19b-aa2cb581c9dd,125e398e-2559-43d7-bd43-9855cc3af7ea,,chapter,62,0,0,2026-03-07 15:55:05.391,2026-03-07 15:55:05.391,,,false,
195dd2b9-2dee-4752-8c06-3a8088eeefe5,fb09a54a-d9fa-404d-986a-bf1ccb7d2287,,,chapter,153,0,0,2026-03-07 13:01:17.673,2026-03-07 13:01:17.673,,,false,
1962f8d5-cb26-4777-8943-0f9510a6ca9e,a765dc53-3f13-4f00-a19b-aa2cb581c9dd,125e398e-2559-43d7-bd43-9855cc3af7ea,,chapter,295,0,0,2026-03-07 15:42:40.395,2026-03-07 15:42:40.395,,,false,
1969bcd5-431d-4f53-b92d-1be7e0c569ac,86ecbec7-1381-43fa-9f0b-701e37d40083,,,chapter,119.6,0,0,2026-03-07 12:25:43.236,2026-03-07 12:25:43.236,,,false,
1993c916-9e64-4081-9146-ffcfe6ea8b0b,a124c29b-236a-4dc5-9b03-290e082785d5,,,chapter,86,0,0,2026-03-07 15:18:13.005,2026-03-07 15:18:13.005,,,false,
19ced559-3c17-4f1e-88e9-33ff6bb12e2c,a765dc53-3f13-4f00-a19b-aa2cb581c9dd,125e398e-2559-43d7-bd43-9855cc3af7ea,,chapter,206,0,0,2026-03-07 14:52:37.241,2026-03-07 14:52:37.241,,,false,
19d6b344-b868-4d2d-82ce-dc4c1923be70,9be38f57-61b3-48fb-b053-984d2a423bd8,,,chapter,59,0,0,2026-03-07 13:34:42.321,2026-03-07 13:34:42.321,,,false,
19f6072d-9d65-47e5-97c5-c9f515f2a9b1,fd6ac307-0703-4168-8e6b-755812f44bae,,,chapter,106,0,0,2026-03-07 12:05:41.887,2026-03-07 12:05:41.887,,,false,
19fe67d0-c443-4199-a165-5188e167c6ae,fb09a54a-d9fa-404d-986a-bf1ccb7d2287,,,chapter,29,0,0,2026-03-07 15:03:53.49,2026-03-07 15:03:53.49,,,false,
1a021393-a68f-49ce-85be-2e000be86a28,a124c29b-236a-4dc5-9b03-290e082785d5,,,chapter,107,0,0,2026-03-07 12:23:16.654,2026-03-07 12:23:16.654,,,false,
1a4e117d-dcbd-4828-90ed-9f0f1edc1f29,50a5c422-6a50-4eb6-b173-111ffffc3d41,,,chapter,339,0,0,2026-03-07 15:32:31.407,2026-03-07 15:32:31.407,,,false,
1a5239f6-3afc-41ca-bbf9-4685989bda74,5fc9a5b6-e624-46f0-a9bc-df01537b4907,,,chapter,171,0,0,2026-03-07 13:21:50.601,2026-03-07 13:21:50.601,,,false,
1a6e946d-3137-4634-bdc2-476951640840,50a5c422-6a50-4eb6-b173-111ffffc3d41,,,chapter,139,0,0,2026-03-07 12:42:30.111,2026-03-07 12:42:30.111,,,false,
1a7d74b8-02e6-4568-bf33-6f51493e621c,61829d6d-8dc1-411e-a3f8-2c26cb5606e8,,,chapter,141,0,0,2026-03-07 12:47:40.869,2026-03-07 12:47:40.869,,,false,
1a7ebd90-9f31-4adf-bdd6-63d407001852,a124c29b-236a-4dc5-9b03-290e082785d5,,,chapter,165,0,0,2026-03-07 13:29:43.087,2026-03-07 13:29:43.087,,,false,
1a86ecbc-110c-4a5f-820e-5b1af132d1ca,d7ade2ee-4851-453d-95e7-3887ef041e80,,,chapter,16,0,0,2026-03-07 12:13:40.248,2026-03-07 12:13:40.248,,,false,
1a8d48f3-4c75-48af-b5c3-61396fce86d2,af8258f2-06f0-4bde-a687-0b55a69cb2c0,,,chapter,51,0,0,2026-03-07 12:36:27.735,2026-03-07 12:36:27.735,,,false,
1a908e94-a95b-4c76-94ab-9a0cc4ca428f,61829d6d-8dc1-411e-a3f8-2c26cb5606e8,,,chapter,152,0,0,2026-03-07 13:03:46.29,2026-03-07 13:03:46.29,,,false,
1aafe767-c108-4b41-95e1-88060bccb72d,9be38f57-61b3-48fb-b053-984d2a423bd8,,,chapter,64.5,0,0,2026-03-07 13:50:43.584,2026-03-07 13:50:43.584,,,false,
1ab640a8-c897-4dcd-8cec-d578acf084ac,fd6ac307-0703-4168-8e6b-755812f44bae,,,chapter,40,0,0,2026-03-07 15:43:08.29,2026-03-07 15:43:08.29,,,false,
1ac11d85-5ea1-47c0-8d5a-58a0a377970b,a124c29b-236a-4dc5-9b03-290e082785d5,,,chapter,220,0,0,2026-03-07 14:26:22.08,2026-03-07 14:26:22.08,,,false,
1ad0cdae-8e12-43d7-bf61-e630c24eca66,a765dc53-3f13-4f00-a19b-aa2cb581c9dd,125e398e-2559-43d7-bd43-9855cc3af7ea,,chapter,84,0,0,2026-03-07 15:59:25.992,2026-03-07 15:59:25.992,,,false,
1adb4193-5b54-4fb2-bcc8-3fd3a6542577,61829d6d-8dc1-411e-a3f8-2c26cb5606e8,,,chapter,129,0,0,2026-03-07 12:46:39.585,2026-03-07 12:46:39.585,,,false,
1af0f1a2-b13a-457e-a2f6-596cb6aca05d,9a20020d-7bea-4fe6-8c9a-40712bf9e882,,,chapter,39,0,0,2026-03-07 12:53:43.098,2026-03-07 12:53:43.098,,,false,
1b07e1e6-dab9-4e5e-86de-353ac3b8d2cd,fb09a54a-d9fa-404d-986a-bf1ccb7d2287,,,chapter,121,0,0,2026-03-07 12:29:12.072,2026-03-07 12:29:12.072,,,false,
1b2511d8-1781-4d9d-9f0b-1719ec3fd3bc,50a5c422-6a50-4eb6-b173-111ffffc3d41,,,chapter,483,0,0,2026-03-07 16:02:23.742,2026-03-07 16:02:23.742,,,false,
1b2e2a1b-ddde-4465-a49e-cee1fad2ad41,86ecbec7-1381-43fa-9f0b-701e37d40083,,,chapter,73,0,0,2026-03-07 13:48:50.898,2026-03-07 13:48:50.898,,,false,
1b80b93b-e3e9-4b81-8de4-460b8244273c,a765dc53-3f13-4f00-a19b-aa2cb581c9dd,125e398e-2559-43d7-bd43-9855cc3af7ea,,chapter,146,0,0,2026-03-07 14:07:49.999,2026-03-07 14:07:49.999,,,false,
1bcbcfea-65ed-42de-8f41-210b546d8d72,a765dc53-3f13-4f00-a19b-aa2cb581c9dd,125e398e-2559-43d7-bd43-9855cc3af7ea,,chapter,240,0,0,2026-03-07 15:22:00.447,2026-03-07 15:22:00.447,,,false,
1bf6958b-81f9-4157-801e-855ea125301f,9be38f57-61b3-48fb-b053-984d2a423bd8,,,chapter,112,0,0,2026-03-07 12:11:28.078,2026-03-07 12:11:28.078,,,false,
1bf88151-600a-45f7-96d5-ce99a60c48dd,50a5c422-6a50-4eb6-b173-111ffffc3d41,,,chapter,13,0,0,2026-03-07 12:41:45.704,2026-03-07 12:41:45.704,,,false,
1c0118a9-5308-4b75-a4bb-206289485788,fd6ac307-0703-4168-8e6b-755812f44bae,,,chapter,316,0,0,2026-03-07 15:05:50.386,2026-03-07 15:05:50.386,,,false,
1c1049ec-ee81-4253-a235-de0feddf7b3c,a765dc53-3f13-4f00-a19b-aa2cb581c9dd,125e398e-2559-43d7-bd43-9855cc3af7ea,,chapter,192,0,0,2026-03-07 14:42:05.661,2026-03-07 14:42:05.661,,,false,
1c3e3317-ad36-43c0-952a-d5bf83abcd89,a765dc53-3f13-4f00-a19b-aa2cb581c9dd,6eef4131-c168-4f89-a4a9-b2ddde5c4ab8,,chapter,39,0,0,2026-03-07 14:51:10.843,2026-03-07 14:51:10.843,,,false,
1c4398f7-801e-40ce-ae52-396f0c7c99b3,fb09a54a-d9fa-404d-986a-bf1ccb7d2287,,,chapter,206,0,0,2026-03-07 14:09:27.805,2026-03-07 14:09:27.805,,,false,
1c62e6e9-87a3-47b9-bcb4-3f9c8bf36cf8,50a5c422-6a50-4eb6-b173-111ffffc3d41,,,chapter,119,0,0,2026-03-07 12:26:20.501,2026-03-07 12:26:20.501,,,false,
1c789b80-a47d-4b80-b3d6-f3135835c16d,a124c29b-236a-4dc5-9b03-290e082785d5,,,chapter,27,0,0,2026-03-07 14:37:13.726,2026-03-07 14:37:13.726,,,false,
1cb48092-0100-4f37-9940-63895b8802a2,a124c29b-236a-4dc5-9b03-290e082785d5,,,chapter,99,0,0,2026-03-07 15:26:39.506,2026-03-07 15:26:39.506,,,false,
1cfa7de9-e560-45ab-98e0-855626b3d758,a124c29b-236a-4dc5-9b03-290e082785d5,,,chapter,115,0,0,2026-03-07 12:38:01.7,2026-03-07 12:38:01.7,,,false,
1d069dfd-e831-4867-a7fc-1b2e04edd162,5fc9a5b6-e624-46f0-a9bc-df01537b4907,,,chapter,175,0,0,2026-03-07 13:22:08.63,2026-03-07 13:22:08.63,,,false,
1d19d3cb-8b76-4625-b8d0-c5ef48d3c0f7,fd6ac307-0703-4168-8e6b-755812f44bae,,,chapter,225,0,0,2026-03-07 13:59:26.782,2026-03-07 13:59:26.782,,,false,
1d1fe5a8-6242-46a2-9541-a86b3bc89fc8,50a5c422-6a50-4eb6-b173-111ffffc3d41,,,chapter,334,0,0,2026-03-07 15:32:13.942,2026-03-07 15:32:13.942,,,false,
1d425a19-35b6-47c2-8968-6fb60361bcfe,a765dc53-3f13-4f00-a19b-aa2cb581c9dd,125e398e-2559-43d7-bd43-9855cc3af7ea,,chapter,264,0,0,2026-03-07 15:29:13.419,2026-03-07 15:29:13.419,,,false,
1d7be529-c5f8-4360-bf16-8c95f68ae0ca,af8258f2-06f0-4bde-a687-0b55a69cb2c0,,,chapter,35,0,0,2026-03-07 12:20:50.767,2026-03-07 12:20:50.767,,,false,
1dcfba8a-8957-41be-8b12-2f2c1c4bfee0,61aa237e-d5bd-4f55-b5fc-be9683abc2c8,,,chapter,93,0,0,2026-03-07 13:42:49.796,2026-03-07 13:42:49.796,,,false,
1dd93cb2-b074-4eec-958f-374c96809b0a,a124c29b-236a-4dc5-9b03-290e082785d5,,,chapter,53,0,0,2026-03-07 14:57:05.964,2026-03-07 14:57:05.964,,,false,
1df87e0e-3246-4145-9507-64e826f821eb,fd6ac307-0703-4168-8e6b-755812f44bae,,,chapter,244,0,0,2026-03-07 14:12:50.794,2026-03-07 14:12:50.794,,,false,
1e015577-9773-4ede-8fb4-e801796472f0,fd6ac307-0703-4168-8e6b-755812f44bae,,,chapter,356,0,0,2026-03-07 15:26:10.886,2026-03-07 15:26:10.886,,,false,
1e07be37-b5fb-42b7-a723-9c765a4874e1,90be6fb3-9dcb-4cd1-8b2b-695e44ccc453,,,chapter,106.2,0,0,2026-03-07 12:24:32.022,2026-03-07 12:24:32.022,,,false,
1e081c08-59c7-407e-81bb-87437b9cafee,fd6ac307-0703-4168-8e6b-755812f44bae,,,chapter,42,0,0,2026-03-07 15:42:59.206,2026-03-07 15:42:59.206,,,false,
1e102e46-7138-463b-acb3-696a8891d084,fd6ac307-0703-4168-8e6b-755812f44bae,,,chapter,202,0,0,2026-03-07 13:43:28.363,2026-03-07 13:43:28.363,,,false,
1e20faff-8f64-423e-8cc6-7db6127ec9c5,fb09a54a-d9fa-404d-986a-bf1ccb7d2287,,,chapter,77,0,0,2026-03-07 15:30:30.124,2026-03-07 15:30:30.124,,,false,
1e2114de-38ea-4656-a350-dfff1a686eb9,a124c29b-236a-4dc5-9b03-290e082785d5,,,chapter,20,0,0,2026-03-07 14:13:37.044,2026-03-07 14:13:37.044,,,false,
1e25ae0f-6d58-4058-bbd5-70db2f2114d6,af8258f2-06f0-4bde-a687-0b55a69cb2c0,,,chapter,39,0,0,2026-03-07 12:35:15.8,2026-03-07 12:35:15.8,,,false,
1e561c30-c2dc-4530-8966-80eb6e9cb2ed,9be38f57-61b3-48fb-b053-984d2a423bd8,,,chapter,30,0,0,2026-03-07 12:59:44.292,2026-03-07 12:59:44.292,,,false,
1e598aa3-3554-4f17-8a68-258e8c52e861,fd6ac307-0703-4168-8e6b-755812f44bae,,,chapter,100,0,0,2026-03-07 12:05:19.887,2026-03-07 12:05:19.887,,,false,
1e6e13e1-9f9c-4f35-89cd-785d0bf94d8d,a124c29b-236a-4dc5-9b03-290e082785d5,,,chapter,140,0,0,2026-03-07 12:55:01.971,2026-03-07 12:55:01.971,,,false,
1e9ee14e-27d3-4684-b0e1-218e0dc39d08,50a5c422-6a50-4eb6-b173-111ffffc3d41,,,chapter,393,0,0,2026-03-07 15:47:22.287,2026-03-07 15:47:22.287,,,false,
1ea84f59-1839-4a84-bb40-78107942da26,a124c29b-236a-4dc5-9b03-290e082785d5,,,chapter,103,0,0,2026-03-07 12:22:59.319,2026-03-07 12:22:59.319,,,false,
1eac7ce1-4e80-482f-9aea-071f8c92f1ad,a765dc53-3f13-4f00-a19b-aa2cb581c9dd,6eef4131-c168-4f89-a4a9-b2ddde5c4ab8,,chapter,166,0,0,2026-03-07 14:19:14.332,2026-03-07 14:19:14.332,,,false,
1ebf15ab-64f1-43f1-be95-6bf7789eb857,a765dc53-3f13-4f00-a19b-aa2cb581c9dd,6eef4131-c168-4f89-a4a9-b2ddde5c4ab8,,chapter,3,0,0,2026-03-07 14:41:09.918,2026-03-07 14:41:09.918,,,false,
1ec0537b-5dd0-4c96-857f-1b21fb12ce1a,5fc9a5b6-e624-46f0-a9bc-df01537b4907,,,chapter,214,0,0,2026-03-07 14:11:10.351,2026-03-07 14:11:10.351,,,false,
1ee53746-5eef-4975-bd90-f17ccb80873d,fd6ac307-0703-4168-8e6b-755812f44bae,,,chapter,211,0,0,2026-03-07 13:58:39.714,2026-03-07 13:58:39.714,,,false,
1ee933e3-0c89-4f06-93f5-99c5e2e72602,61829d6d-8dc1-411e-a3f8-2c26cb5606e8,,,chapter,21,0,0,2026-03-07 13:21:20.362,2026-03-07 13:21:20.362,,,false,
1f054efd-4646-44da-9341-964117fff1d2,5fc9a5b6-e624-46f0-a9bc-df01537b4907,,,chapter,173,0,0,2026-03-07 13:21:59.738,2026-03-07 13:21:59.738,,,false,
1f1b8054-2015-417e-930c-0f2f7174260b,fd6ac307-0703-4168-8e6b-755812f44bae,,,chapter,332,0,0,2026-03-07 15:16:29.657,2026-03-07 15:16:29.657,,,false,
1f1c8beb-26c6-487b-ac74-c76939b66080,af8258f2-06f0-4bde-a687-0b55a69cb2c0,,,chapter,16,0,0,2026-03-07 12:07:15.566,2026-03-07 12:07:15.566,,,false,
1f2d3b6a-b2ab-4a94-a98a-4fd9747018cc,61829d6d-8dc1-411e-a3f8-2c26cb5606e8,,,chapter,11,0,0,2026-03-07 12:15:01.007,2026-03-07 12:15:01.007,,,false,
1f36a7c9-ae6b-4ccc-95a0-9c7eee9cbdf7,61829d6d-8dc1-411e-a3f8-2c26cb5606e8,,,chapter,94,0,0,2026-03-07 14:33:43.44,2026-03-07 14:33:43.44,,,false,
1f3f7672-cb6f-4650-8ef9-7d66fd9f2924,9a20020d-7bea-4fe6-8c9a-40712bf9e882,,,chapter,99,0,0,2026-03-07 14:00:24.936,2026-03-07 14:00:24.936,,,false,
1f54b09b-85e0-4746-933b-ec90b007bf96,fb09a54a-d9fa-404d-986a-bf1ccb7d2287,,,chapter,114,0,0,2026-03-07 12:28:36.352,2026-03-07 12:28:36.352,,,false,
1f592c07-1286-48d5-9eca-107fafbb295b,90be6fb3-9dcb-4cd1-8b2b-695e44ccc453,,,chapter,57,0,0,2026-03-07 14:47:48.385,2026-03-07 14:47:48.385,,,false,
1f9eb0f3-e9e6-4d2e-8633-7cff9735eab8,50a5c422-6a50-4eb6-b173-111ffffc3d41,,,chapter,520.5,0,0,2026-03-07 16:05:33.379,2026-03-07 16:05:33.379,,,false,
1fa313b6-6941-44ea-a88e-1744343e888a,5fc9a5b6-e624-46f0-a9bc-df01537b4907,,,chapter,121,0,0,2026-03-07 12:15:51.266,2026-03-07 12:15:51.266,,,false,
1fcfc40c-816b-41ac-941f-044090048cd1,86ecbec7-1381-43fa-9f0b-701e37d40083,,,chapter,46,0,0,2026-03-07 13:12:57.834,2026-03-07 13:12:57.834,,,false,
1fd5ce74-5e4f-4bb3-9031-f03ff45e3c1c,fd6ac307-0703-4168-8e6b-755812f44bae,,,chapter,382,0,0,2026-03-07 15:36:17.691,2026-03-07 15:36:17.691,,,false,
20041d2c-9bd9-4a91-a830-a26b8305ebcb,9a20020d-7bea-4fe6-8c9a-40712bf9e882,,,chapter,25,0,0,2026-03-07 12:37:23.533,2026-03-07 12:37:23.533,,,false,
20060015-ee71-46e3-a7c9-53acb65255d5,af8258f2-06f0-4bde-a687-0b55a69cb2c0,,,chapter,27,0,0,2026-03-07 12:20:23.176,2026-03-07 12:20:23.176,,,false,
202bd2ba-366c-4dee-9ff4-c262d11fbdd0,50a5c422-6a50-4eb6-b173-111ffffc3d41,,,chapter,110,0,0,2026-03-07 12:10:05.393,2026-03-07 12:10:05.393,,,false,
2073815a-a761-4d64-bcc4-e6633748df60,50a5c422-6a50-4eb6-b173-111ffffc3d41,,,chapter,154,0,0,2026-03-07 12:58:42.948,2026-03-07 12:58:42.948,,,false,
209390b8-e745-439f-8637-51e8c4b5f8db,a124c29b-236a-4dc5-9b03-290e082785d5,,,chapter,176,0,0,2026-03-07 13:46:16.179,2026-03-07 13:46:16.179,,,false,
20c9eaed-23e8-4733-90e5-895039ac7909,a124c29b-236a-4dc5-9b03-290e082785d5,,,chapter,106,0,0,2026-03-07 12:23:12.462,2026-03-07 12:23:12.462,,,false,
20c9ed87-d720-4a01-8705-4358ae5b4008,a765dc53-3f13-4f00-a19b-aa2cb581c9dd,125e398e-2559-43d7-bd43-9855cc3af7ea,,chapter,118.5,0,0,2026-03-07 13:36:23.736,2026-03-07 13:36:23.736,,,false,
20f26097-ae95-476f-a2b8-a31b18696035,a124c29b-236a-4dc5-9b03-290e082785d5,,,chapter,43,0,0,2026-03-07 14:46:46.548,2026-03-07 14:46:46.548,,,false,
20f33cbe-29b1-454f-8b99-7ce2b9d045ff,9a20020d-7bea-4fe6-8c9a-40712bf9e882,,,chapter,96,0,0,2026-03-07 14:00:05.348,2026-03-07 14:00:05.348,,,false,
20fd0ab6-101d-4d92-b0c8-1f2a274be314,9be38f57-61b3-48fb-b053-984d2a423bd8,,,chapter,20,0,0,2026-03-07 12:43:34.378,2026-03-07 12:43:34.378,,,false,
21066fda-c267-4f90-986a-d62fb093b154,61aa237e-d5bd-4f55-b5fc-be9683abc2c8,,,chapter,63,0,0,2026-03-07 13:05:14.838,2026-03-07 13:05:14.838,,,false,
2115bea8-81a8-4401-993c-6764a7542b6e,50a5c422-6a50-4eb6-b173-111ffffc3d41,,,chapter,400,0,0,2026-03-07 15:47:57.536,2026-03-07 15:47:57.536,,,false,
2129da73-604c-4d6f-bef2-c85a9fe87897,fd6ac307-0703-4168-8e6b-755812f44bae,,,chapter,3,0,0,2026-03-07 14:55:56.088,2026-03-07 14:55:56.088,,,false,
212d0483-888e-45b7-86d1-65a0502a28b1,5fc9a5b6-e624-46f0-a9bc-df01537b4907,,,chapter,102,0,0,2026-03-07 12:01:54.132,2026-03-07 12:01:54.132,,,false,
2139f399-beb9-44e3-98cc-38771236234d,9be38f57-61b3-48fb-b053-984d2a423bd8,,,chapter,21.5,0,0,2026-03-07 12:43:38.805,2026-03-07 12:43:38.805,,,false,
2149fb16-d7e8-4110-97b3-a6117fab134b,fb09a54a-d9fa-404d-986a-bf1ccb7d2287,,,chapter,131,0,0,2026-03-07 12:44:19.214,2026-03-07 12:44:19.214,,,false,
2166b682-3dbf-4fbd-8ce7-411dbf27ae8d,50a5c422-6a50-4eb6-b173-111ffffc3d41,,,chapter,262,0,0,2026-03-07 14:49:03.753,2026-03-07 14:49:03.753,,,false,
21ba2a00-76fe-478b-9092-b6beb1b41554,50a5c422-6a50-4eb6-b173-111ffffc3d41,,,chapter,501,0,0,2026-03-07 16:03:54.837,2026-03-07 16:03:54.837,,,false,
21c6944a-659c-4de0-a31d-308a76d5d125,fd6ac307-0703-4168-8e6b-755812f44bae,,,chapter,286,0,0,2026-03-07 14:45:28.701,2026-03-07 14:45:28.701,,,false,
21cc9833-b047-4d30-b948-9dd5573abab7,5fc9a5b6-e624-46f0-a9bc-df01537b4907,,,chapter,127,0,0,2026-03-07 12:16:18.568,2026-03-07 12:16:18.568,,,false,
21cf460a-5628-4049-abdb-98d06eac61ee,90be6fb3-9dcb-4cd1-8b2b-695e44ccc453,,,chapter,60.5,0,0,2026-03-07 14:48:10.91,2026-03-07 14:48:10.91,,,false,
22165176-b924-4fcf-b144-9fda099c8220,5fc9a5b6-e624-46f0-a9bc-df01537b4907,,,chapter,69,0,0,2026-03-07 14:54:57.27,2026-03-07 14:54:57.27,,,false,
2224f93f-a719-4d43-82c8-94b7274a9e59,50a5c422-6a50-4eb6-b173-111ffffc3d41,,,chapter,411,0,0,2026-03-07 15:51:17.429,2026-03-07 15:51:17.429,,,false,
2230f975-9966-4fbd-86e3-69fdb020679d,50a5c422-6a50-4eb6-b173-111ffffc3d41,,,chapter,313,0,0,2026-03-07 15:20:21.962,2026-03-07 15:20:21.962,,,false,
2283e413-1d4e-4a8c-8c44-d7ad8cad3419,61aa237e-d5bd-4f55-b5fc-be9683abc2c8,,,chapter,48,0,0,2026-03-07 12:48:59.544,2026-03-07 12:48:59.544,,,false,
22925602-d2a7-4595-af06-d77dea628602,86ecbec7-1381-43fa-9f0b-701e37d40083,,,chapter,71.5,0,0,2026-03-07 13:48:41.911,2026-03-07 13:48:41.911,,,false,
229b0d29-8349-4ef3-b856-2cbfc43393dc,90be6fb3-9dcb-4cd1-8b2b-695e44ccc453,,,chapter,74,0,0,2026-03-07 14:58:57.956,2026-03-07 14:58:57.956,,,false,
229b74f8-3c44-4bcc-86ef-ce97ff966393,d7ade2ee-4851-453d-95e7-3887ef041e80,,,chapter,88,0,0,2026-03-07 13:38:49.879,2026-03-07 13:38:49.879,,,false,
229ec80e-e70a-4c35-bc23-2fe63e4fb1c4,90be6fb3-9dcb-4cd1-8b2b-695e44ccc453,,,chapter,91,0,0,2026-03-07 15:18:47.627,2026-03-07 15:18:47.627,,,false,
22a97769-ec46-4482-8521-db4c3acebad0,9be38f57-61b3-48fb-b053-984d2a423bd8,,,chapter,88,0,0,2026-03-07 14:06:07.193,2026-03-07 14:06:07.193,,,false,
22bb9a72-42f6-4e24-9165-1b94225b7a1e,d7ade2ee-4851-453d-95e7-3887ef041e80,,,chapter,28,0,0,2026-03-07 12:45:28.141,2026-03-07 12:45:28.141,,,false,
22cab2e1-54b9-4906-bc95-7fc4221e6ccd,50a5c422-6a50-4eb6-b173-111ffffc3d41,,,chapter,487,0,0,2026-03-07 16:02:44.325,2026-03-07 16:02:44.325,,,false,
22d32218-b0dd-4c56-9308-59aeb0dcf329,fd6ac307-0703-4168-8e6b-755812f44bae,,,chapter,329,0,0,2026-03-07 15:16:25.213,2026-03-07 15:16:25.213,,,false,
22dd2e42-df2d-46b7-a140-a77347d31c04,fb09a54a-d9fa-404d-986a-bf1ccb7d2287,,,chapter,249,0,0,2026-03-07 14:43:17.604,2026-03-07 14:43:17.604,,,false,
22f181b2-7cb1-4d21-aa42-df27d7989a9a,9be38f57-61b3-48fb-b053-984d2a423bd8,,,chapter,84,0,0,2026-03-07 14:05:54.193,2026-03-07 14:05:54.193,,,false,
22ff1d5b-ec7f-4fce-bdeb-892d2e0a4e9d,50a5c422-6a50-4eb6-b173-111ffffc3d41,,,chapter,61,0,0,2026-03-07 16:06:24.33,2026-03-07 16:06:24.33,,,false,
233edd88-137d-4ec7-91d0-6919fd93685b,d7ade2ee-4851-453d-95e7-3887ef041e80,,,chapter,66,0,0,2026-03-07 13:20:11.969,2026-03-07 13:20:11.969,,,false,
2342ea75-7c06-45e0-a0d1-a24a47827db8,a124c29b-236a-4dc5-9b03-290e082785d5,,,chapter,60,0,0,2026-03-07 14:57:37.019,2026-03-07 14:57:37.019,,,false,
235b7efb-1b1d-49f2-a317-76e8e5c500e0,90be6fb3-9dcb-4cd1-8b2b-695e44ccc453,,,chapter,175,0,0,2026-03-07 13:47:42.952,2026-03-07 13:47:42.952,,,false,
236a611d-8434-413b-9484-86d6c7b86b78,9be38f57-61b3-48fb-b053-984d2a423bd8,,,chapter,28,0,0,2026-03-07 12:59:30.744,2026-03-07 12:59:30.744,,,false,
23927924-228c-4fda-ab53-699b66675400,a765dc53-3f13-4f00-a19b-aa2cb581c9dd,125e398e-2559-43d7-bd43-9855cc3af7ea,,chapter,209,0,0,2026-03-07 14:52:55.046,2026-03-07 14:52:55.046,,,false,
23c13bc5-7a6c-4d3b-b18b-ef9e7ce6fc88,61829d6d-8dc1-411e-a3f8-2c26cb5606e8,,,chapter,107,0,0,2026-03-07 12:14:39.165,2026-03-07 12:14:39.165,,,false,
24118c75-9bdb-47c1-ac9a-4bf3a4eb04b7,fd6ac307-0703-4168-8e6b-755812f44bae,,,chapter,61,0,0,2026-03-07 15:46:54.158,2026-03-07 15:46:54.158,,,false,
24188cf5-3161-4310-9eaf-1b9724cc0d66,50a5c422-6a50-4eb6-b173-111ffffc3d41,,,chapter,43,0,0,2026-03-07 15:54:19.243,2026-03-07 15:54:19.243,,,false,
24191d30-5bc7-4a9c-beb6-0a3fd18da2d0,50a5c422-6a50-4eb6-b173-111ffffc3d41,,,chapter,137,0,0,2026-03-07 12:42:13.221,2026-03-07 12:42:13.221,,,false,
24256202-f0c3-47f2-847b-a6fb9f6be7cc,d7ade2ee-4851-453d-95e7-3887ef041e80,,,chapter,100.1,0,0,2026-03-07 12:13:02.095,2026-03-07 12:13:02.095,,,false,
244601d7-057c-4a41-a548-e90d9c5268ad,90be6fb3-9dcb-4cd1-8b2b-695e44ccc453,,,chapter,190,0,0,2026-03-07 14:02:30.142,2026-03-07 14:02:30.142,,,false,
246c209e-f522-4826-b9a5-06c169d36106,a765dc53-3f13-4f00-a19b-aa2cb581c9dd,125e398e-2559-43d7-bd43-9855cc3af7ea,,chapter,292,0,0,2026-03-07 15:41:51.2,2026-03-07 15:41:51.2,,,false,
246c6833-da2b-4db4-9f9d-b84bc2de263d,a765dc53-3f13-4f00-a19b-aa2cb581c9dd,125e398e-2559-43d7-bd43-9855cc3af7ea,,chapter,46,0,0,2026-03-07 15:51:39.206,2026-03-07 15:51:39.206,,,false,
2478c63e-0b3b-464f-a28f-d75f41c86b9e,50a5c422-6a50-4eb6-b173-111ffffc3d41,,,chapter,511,0,0,2026-03-07 16:04:41.022,2026-03-07 16:04:41.022,,,false,
2494d936-def1-4ac7-9b9f-00952b120dfc,90be6fb3-9dcb-4cd1-8b2b-695e44ccc453,,,chapter,146,0,0,2026-03-07 13:12:12.442,2026-03-07 13:12:12.442,,,false,
249b7627-58ac-4ff2-828d-f835bd31ac4b,61aa237e-d5bd-4f55-b5fc-be9683abc2c8,,,chapter,12,0,0,2026-03-07 12:04:15.593,2026-03-07 12:04:15.593,,,false,
24a3ad37-d978-4f67-a56a-1af4fae54b92,90be6fb3-9dcb-4cd1-8b2b-695e44ccc453,,,chapter,25,0,0,2026-03-07 14:16:00.307,2026-03-07 14:16:00.307,,,false,
24b7108a-b5aa-48de-ace4-8ba5731a1e18,5fc9a5b6-e624-46f0-a9bc-df01537b4907,,,chapter,222,0,0,2026-03-07 14:11:51.677,2026-03-07 14:11:51.677,,,false,
24b7f95e-1ad4-439f-8f13-b04c5fea2fe0,a765dc53-3f13-4f00-a19b-aa2cb581c9dd,125e398e-2559-43d7-bd43-9855cc3af7ea,,chapter,85,0,0,2026-03-07 15:59:30.258,2026-03-07 15:59:30.258,,,false,
24d2c68d-5720-4d52-837b-763d07ef00aa,fb09a54a-d9fa-404d-986a-bf1ccb7d2287,,,chapter,34,0,0,2026-03-07 15:14:07.283,2026-03-07 15:14:07.283,,,false,
24e4712b-c8ed-4564-9fb8-0451d20773c5,9be38f57-61b3-48fb-b053-984d2a423bd8,,,chapter,98,0,0,2026-03-07 14:18:17.501,2026-03-07 14:18:17.501,,,false,
252c4aa9-05e7-40e4-857b-943133af7872,a124c29b-236a-4dc5-9b03-290e082785d5,,,chapter,142,0,0,2026-03-07 13:10:15.537,2026-03-07 13:10:15.537,,,false,
253bba60-4c94-46f0-9a08-246c46ba60a1,9be38f57-61b3-48fb-b053-984d2a423bd8,,,chapter,100,0,0,2026-03-07 12:10:25.861,2026-03-07 12:10:25.861,,,false,
253eae0d-c40b-4572-84e3-383ea793603f,61aa237e-d5bd-4f55-b5fc-be9683abc2c8,,,chapter,62,0,0,2026-03-07 13:05:36.626,2026-03-07 13:05:36.626,,,false,
255e23b6-f6a4-4ad7-b148-3c45d196155a,50a5c422-6a50-4eb6-b173-111ffffc3d41,,,chapter,96,0,0,2026-03-07 16:09:07.984,2026-03-07 16:09:07.984,,,false,
256d2fdf-1c56-4149-986f-e1f1694fe163,50a5c422-6a50-4eb6-b173-111ffffc3d41,,,chapter,459,0,0,2026-03-07 15:59:17.743,2026-03-07 15:59:17.743,,,false,
25700408-2c55-48f5-ad29-ade12783928b,a124c29b-236a-4dc5-9b03-290e082785d5,,,chapter,216,0,0,2026-03-07 14:26:14.369,2026-03-07 14:26:14.369,,,false,
2577f5a4-706d-4602-bd23-595f565dedb8,fd6ac307-0703-4168-8e6b-755812f44bae,,,chapter,270,0,0,2026-03-07 14:36:12.411,2026-03-07 14:36:12.411,,,false,
258080fd-9d16-4f2d-8e3f-518220bc3d64,a765dc53-3f13-4f00-a19b-aa2cb581c9dd,6eef4131-c168-4f89-a4a9-b2ddde5c4ab8,,chapter,50,0,0,2026-03-07 15:00:33.454,2026-03-07 15:00:33.454,,,false,
258e2a0f-0515-4424-bc41-31cd021a76e1,fd6ac307-0703-4168-8e6b-755812f44bae,,,chapter,267,0,0,2026-03-07 14:25:16.693,2026-03-07 14:25:16.693,,,false,
25ab5b7c-44e4-4a26-b447-3ffda23dbadc,a765dc53-3f13-4f00-a19b-aa2cb581c9dd,125e398e-2559-43d7-bd43-9855cc3af7ea,,chapter,149.5,0,0,2026-03-07 14:08:02.354,2026-03-07 14:08:02.354,,,false,
25af0c9d-7ff2-4c45-9551-f5c70015e2c8,5fc9a5b6-e624-46f0-a9bc-df01537b4907,,,chapter,149,0,0,2026-03-07 12:48:19.765,2026-03-07 12:48:19.765,,,false,
25c6462e-cfe7-4c7a-9125-cfa129fe66ba,fd6ac307-0703-4168-8e6b-755812f44bae,,,chapter,89,0,0,2026-03-07 15:52:59.623,2026-03-07 15:52:59.623,,,false,
25d1f0cb-525b-4ccd-be01-663ef518ebf7,fd6ac307-0703-4168-8e6b-755812f44bae,,,chapter,199,0,0,2026-03-07 13:43:14.759,2026-03-07 13:43:14.759,,,false,
25e31d09-185c-490a-8694-55a296a480c5,9be38f57-61b3-48fb-b053-984d2a423bd8,,,chapter,108,0,0,2026-03-07 12:11:08.999,2026-03-07 12:11:08.999,,,false,
25e618a6-2c9e-4374-aab3-c4d06fd4bac6,fd6ac307-0703-4168-8e6b-755812f44bae,,,chapter,107,0,0,2026-03-07 12:05:46.331,2026-03-07 12:05:46.331,,,false,
25f78512-bb70-4553-a527-e7e5d855c8e9,50a5c422-6a50-4eb6-b173-111ffffc3d41,,,chapter,277,0,0,2026-03-07 14:59:35.303,2026-03-07 14:59:35.303,,,false,
25fbd119-2850-4b37-8e4c-deaf73f7420c,90be6fb3-9dcb-4cd1-8b2b-695e44ccc453,,,chapter,126,0,0,2026-03-07 12:55:27.287,2026-03-07 12:55:27.287,,,false,
261b5d2f-3cf9-426e-a59c-1afb688a60fd,a124c29b-236a-4dc5-9b03-290e082785d5,,,chapter,121,0,0,2026-03-07 12:38:34.015,2026-03-07 12:38:34.015,,,false,
261cf7a3-bc8b-4d15-a464-ebe896e161b5,a765dc53-3f13-4f00-a19b-aa2cb581c9dd,125e398e-2559-43d7-bd43-9855cc3af7ea,,chapter,312,0,0,2026-03-07 15:45:56.911,2026-03-07 15:45:56.911,,,false,
261d9e64-c160-4fb5-94f6-942a5393f2a3,90be6fb3-9dcb-4cd1-8b2b-695e44ccc453,,,chapter,173,0,0,2026-03-07 13:47:10.195,2026-03-07 13:47:10.195,,,false,
262928ba-5520-473d-8ca8-6030ab877d0e,a765dc53-3f13-4f00-a19b-aa2cb581c9dd,6eef4131-c168-4f89-a4a9-b2ddde5c4ab8,,chapter,135,0,0,2026-03-07 13:52:08.053,2026-03-07 13:52:08.053,,,false,
262a7e28-9335-421a-a30f-33203aa98bc9,a765dc53-3f13-4f00-a19b-aa2cb581c9dd,6eef4131-c168-4f89-a4a9-b2ddde5c4ab8,,chapter,169,0,0,2026-03-07 14:19:18.782,2026-03-07 14:19:18.782,,,false,
2638bee4-9240-468a-974a-40db6dc31cf6,d7ade2ee-4851-453d-95e7-3887ef041e80,,,chapter,13,0,0,2026-03-07 12:13:05.858,2026-03-07 12:13:05.858,,,false,
265ab977-3905-4ddf-8d07-87f39eacaae7,61829d6d-8dc1-411e-a3f8-2c26cb5606e8,,,chapter,18,0,0,2026-03-07 13:21:24.669,2026-03-07 13:21:24.669,,,false,
26657726-13d4-47ad-814d-669aeace1bad,50a5c422-6a50-4eb6-b173-111ffffc3d41,,,chapter,111,0,0,2026-03-07 12:10:14.153,2026-03-07 12:10:14.153,,,false,
266589b4-ccbf-40c0-80b0-babb9de002e6,fb09a54a-d9fa-404d-986a-bf1ccb7d2287,,,chapter,159,0,0,2026-03-07 13:18:49.632,2026-03-07 13:18:49.632,,,false,
2680c4ca-8f84-4f7b-bf6e-3bac95fe89b6,a765dc53-3f13-4f00-a19b-aa2cb581c9dd,6eef4131-c168-4f89-a4a9-b2ddde5c4ab8,,chapter,144,0,0,2026-03-07 14:06:43.418,2026-03-07 14:06:43.418,,,false,
268611ec-a465-4730-807d-42690029f2cb,fd6ac307-0703-4168-8e6b-755812f44bae,,,chapter,289,0,0,2026-03-07 14:45:15.212,2026-03-07 14:45:15.212,,,false,
2689e3e0-27de-4587-897b-c1b41160c264,fb09a54a-d9fa-404d-986a-bf1ccb7d2287,,,chapter,80,0,0,2026-03-07 15:34:23.132,2026-03-07 15:34:23.132,,,false,
269e824d-b827-4b70-9a44-22db9fa7f04f,50a5c422-6a50-4eb6-b173-111ffffc3d41,,,chapter,309,0,0,2026-03-07 15:20:01.442,2026-03-07 15:20:01.442,,,false,
26b69b9b-c4aa-4819-b410-6b54f5374527,61829d6d-8dc1-411e-a3f8-2c26cb5606e8,,,chapter,67,0,0,2026-03-07 14:10:52.271,2026-03-07 14:10:52.271,,,false,
26c04224-6538-498a-a36d-07f9258d92ed,9a20020d-7bea-4fe6-8c9a-40712bf9e882,,,chapter,59,0,0,2026-03-07 13:09:55.42,2026-03-07 13:09:55.42,,,false,
26c3619e-c42a-4dbc-a6d8-e7ac77c361dc,fd6ac307-0703-4168-8e6b-755812f44bae,,,chapter,162,0,0,2026-03-07 13:06:52.82,2026-03-07 13:06:52.82,,,false,
26e77c87-1ec2-4f7a-9764-b301722c2a34,a124c29b-236a-4dc5-9b03-290e082785d5,,,chapter,3,0,0,2026-03-07 14:37:46.44,2026-03-07 14:37:46.44,,,false,
26f88cd8-719c-4490-858d-1a34d8db4265,90be6fb3-9dcb-4cd1-8b2b-695e44ccc453,,,chapter,205.6,0,0,2026-03-07 14:15:39.403,2026-03-07 14:15:39.403,,,false,
26feb72f-53c5-428a-947d-c8deabccb81e,9a20020d-7bea-4fe6-8c9a-40712bf9e882,,,chapter,14,0,0,2026-03-07 12:22:20.353,2026-03-07 12:22:20.353,,,false,
2715cc87-e50a-4884-987e-2f1bbd27e536,a765dc53-3f13-4f00-a19b-aa2cb581c9dd,6eef4131-c168-4f89-a4a9-b2ddde5c4ab8,,chapter,120,0,0,2026-03-07 13:35:16.661,2026-03-07 13:35:16.661,,,false,
272181ab-28c8-4c22-bf93-e21d50765053,fd6ac307-0703-4168-8e6b-755812f44bae,,,chapter,128,0,0,2026-03-07 12:33:41.855,2026-03-07 12:33:41.855,,,false,
27337034-ef2a-4c2f-84b8-4799fc300d0e,90be6fb3-9dcb-4cd1-8b2b-695e44ccc453,,,chapter,196,0,0,2026-03-07 14:02:25.671,2026-03-07 14:02:25.671,,,false,
2737297e-f76f-48e5-9ccb-55e581fb817a,a124c29b-236a-4dc5-9b03-290e082785d5,,,chapter,204,0,0,2026-03-07 14:13:46.664,2026-03-07 14:13:46.664,,,false,
2744dd99-dc20-4c32-828b-f27e9b76e698,50a5c422-6a50-4eb6-b173-111ffffc3d41,,,chapter,172,0,0,2026-03-07 13:32:39.914,2026-03-07 13:32:39.914,,,false,
2767ffbd-86a8-4432-9981-c81e8995a017,86ecbec7-1381-43fa-9f0b-701e37d40083,,,chapter,95,0,0,2026-03-07 14:04:03.722,2026-03-07 14:04:03.722,,,false,
27699c08-3ce0-499a-81d1-f7477a9533f5,61829d6d-8dc1-411e-a3f8-2c26cb5606e8,,,chapter,88,0,0,2026-03-07 14:33:18.533,2026-03-07 14:33:18.533,,,false,
27759d00-046a-4819-b243-feba111bbab5,5fc9a5b6-e624-46f0-a9bc-df01537b4907,,,chapter,16,0,0,2026-03-07 13:04:12.421,2026-03-07 13:04:12.421,,,false,
27cbabe5-43e4-432d-8176-7e3926c433fa,fb09a54a-d9fa-404d-986a-bf1ccb7d2287,,,chapter,160,0,0,2026-03-07 13:18:54.022,2026-03-07 13:18:54.022,,,false,
27d6ef67-86ec-4196-a59b-2d7e3bcda4ba,50a5c422-6a50-4eb6-b173-111ffffc3d41,,,chapter,462,0,0,2026-03-07 16:00:40.146,2026-03-07 16:00:40.146,,,false,
27dbb2d7-f70b-4a01-ac53-a12793630aae,50a5c422-6a50-4eb6-b173-111ffffc3d41,,,chapter,127,0,0,2026-03-07 12:26:56.104,2026-03-07 12:26:56.104,,,false,
27fe5243-3f0a-4d48-a063-a517adbdd950,86ecbec7-1381-43fa-9f0b-701e37d40083,,,chapter,49,0,0,2026-03-07 13:13:27.846,2026-03-07 13:13:27.846,,,false,
285e149b-c224-44cf-90b3-74e3ca5f2836,61829d6d-8dc1-411e-a3f8-2c26cb5606e8,,,chapter,70,0,0,2026-03-07 14:22:13.309,2026-03-07 14:22:13.309,,,false,
28674073-00e9-44f3-b80d-756bcff477ee,50a5c422-6a50-4eb6-b173-111ffffc3d41,,,chapter,285,0,0,2026-03-07 15:00:24.371,2026-03-07 15:00:24.371,,,false,
28722b59-4593-457f-a72e-cf6985e7303f,61829d6d-8dc1-411e-a3f8-2c26cb5606e8,,,chapter,55,0,0,2026-03-07 14:09:56.15,2026-03-07 14:09:56.15,,,false,
28753313-1fc2-434f-bd1e-b25d51eefe7d,fd6ac307-0703-4168-8e6b-755812f44bae,,,chapter,161,0,0,2026-03-07 13:06:56.685,2026-03-07 13:06:56.685,,,false,
28c080a9-00e2-4188-bc61-25114e18a210,86ecbec7-1381-43fa-9f0b-701e37d40083,,,chapter,79,0,0,2026-03-07 13:49:14.03,2026-03-07 13:49:14.03,,,false,
292d2d8c-b885-455e-bc46-ce52215e19a9,61aa237e-d5bd-4f55-b5fc-be9683abc2c8,,,chapter,43,0,0,2026-03-07 12:33:01.888,2026-03-07 12:33:01.888,,,false,
293ba5b2-7875-4909-bd66-21017767ba0f,5fc9a5b6-e624-46f0-a9bc-df01537b4907,,,chapter,206,0,0,2026-03-07 13:57:54.107,2026-03-07 13:57:54.107,,,false,
29488442-c366-48fe-978a-ad9cc9a51847,fd6ac307-0703-4168-8e6b-755812f44bae,,,chapter,266,0,0,2026-03-07 14:25:12.323,2026-03-07 14:25:12.323,,,false,
294945fc-8cd1-4fef-96fa-243e9a4a9f10,fd6ac307-0703-4168-8e6b-755812f44bae,,,chapter,56,0,0,2026-03-07 15:46:17.517,2026-03-07 15:46:17.517,,,false,
29c757e1-262c-40ee-8ff2-b1d5819c1002,61aa237e-d5bd-4f55-b5fc-be9683abc2c8,,,chapter,101,0,0,2026-03-07 12:03:46.54,2026-03-07 12:03:46.54,,,false,
29ef081b-e4a4-49ed-b5a1-23e6bb9bc54e,a765dc53-3f13-4f00-a19b-aa2cb581c9dd,6eef4131-c168-4f89-a4a9-b2ddde5c4ab8,,chapter,111,0,0,2026-03-07 13:17:10.653,2026-03-07 13:17:10.653,,,false,
29f4667e-08fa-4258-9b38-ff7407362496,50a5c422-6a50-4eb6-b173-111ffffc3d41,,,chapter,45,0,0,2026-03-07 15:59:05.687,2026-03-07 15:59:05.687,,,false,
29fc2d92-b0db-47b8-8d66-607ad0e34f84,fd6ac307-0703-4168-8e6b-755812f44bae,,,chapter,43.5,0,0,2026-03-07 15:43:22.09,2026-03-07 15:43:22.09,,,false,
2a2e1ef5-b158-4b4e-9024-2e63de81b97c,9be38f57-61b3-48fb-b053-984d2a423bd8,,,chapter,125,0,0,2026-03-07 12:28:14.578,2026-03-07 12:28:14.578,,,false,
2a43cb51-773c-48d2-b743-0fa7bcd488b0,9be38f57-61b3-48fb-b053-984d2a423bd8,,,chapter,57,0,0,2026-03-07 13:34:14.631,2026-03-07 13:34:14.631,,,false,
2a7e4395-4546-481f-804b-e17205407c93,50a5c422-6a50-4eb6-b173-111ffffc3d41,,,chapter,150,0,0,2026-03-07 12:58:38.743,2026-03-07 12:58:38.743,,,false,
2a835d3e-0aab-4ba7-a9c9-c3e626effac9,50a5c422-6a50-4eb6-b173-111ffffc3d41,,,chapter,55,0,0,2026-03-07 16:05:42.854,2026-03-07 16:05:42.854,,,false,
2a9d86e4-506d-4e42-95f6-6dc361e7bb0f,61829d6d-8dc1-411e-a3f8-2c26cb5606e8,,,chapter,151,0,0,2026-03-07 13:03:21.983,2026-03-07 13:03:21.983,,,false,
2aa6fced-d696-494e-9346-e983d8616741,61829d6d-8dc1-411e-a3f8-2c26cb5606e8,,,chapter,130,0,0,2026-03-07 12:46:53.349,2026-03-07 12:46:53.349,,,false,
2ab514c9-eeca-4c91-9a1b-8f2fd914450d,50a5c422-6a50-4eb6-b173-111ffffc3d41,,,chapter,50,0,0,2026-03-07 16:03:45.951,2026-03-07 16:03:45.951,,,false,
2ad6b802-3a3f-43ee-aa06-b7e2c94d93c4,d7ade2ee-4851-453d-95e7-3887ef041e80,,,chapter,35,0,0,2026-03-07 12:45:43.535,2026-03-07 12:45:43.535,,,false,
2add47eb-746c-413f-9723-595609a59576,fb09a54a-d9fa-404d-986a-bf1ccb7d2287,,,chapter,78,0,0,2026-03-07 15:34:10.126,2026-03-07 15:34:10.126,,,false,
2af7e1fa-0fd9-4e5b-9451-038005aa5f81,50a5c422-6a50-4eb6-b173-111ffffc3d41,,,chapter,399,0,0,2026-03-07 15:47:45.547,2026-03-07 15:47:45.547,,,false,
2afa0191-3e88-4ef5-9352-a255500039a9,86ecbec7-1381-43fa-9f0b-701e37d40083,,,chapter,59,0,0,2026-03-07 13:31:32.205,2026-03-07 13:31:32.205,,,false,
2b07b226-4792-4e11-b976-8bd66bf81c25,fb09a54a-d9fa-404d-986a-bf1ccb7d2287,,,chapter,200,0,0,2026-03-07 14:09:04.612,2026-03-07 14:09:04.612,,,false,
2b09972e-e009-411b-843b-9cab3a5cbcb0,fd6ac307-0703-4168-8e6b-755812f44bae,,,chapter,70,0,0,2026-03-07 15:49:32.983,2026-03-07 15:49:32.983,,,false,
2b0a77ca-477e-4abd-a0b3-2fce5c283178,50a5c422-6a50-4eb6-b173-111ffffc3d41,,,chapter,217,0,0,2026-03-07 14:16:36.202,2026-03-07 14:16:36.202,,,false,
2b0b7aff-ceed-488e-a0e7-ba0f1f05325b,fb09a54a-d9fa-404d-986a-bf1ccb7d2287,,,chapter,208,0,0,2026-03-07 14:09:37.255,2026-03-07 14:09:37.255,,,false,
2b1de9ce-dbd9-43bf-b10f-f71c525a9b9f,50a5c422-6a50-4eb6-b173-111ffffc3d41,,,chapter,53,0,0,2026-03-07 16:05:38.444,2026-03-07 16:05:38.444,,,false,
2b2dffec-da2d-4f66-bb25-20590f8e22c4,86ecbec7-1381-43fa-9f0b-701e37d40083,,,chapter,48,0,0,2026-03-07 13:13:01.789,2026-03-07 13:13:01.789,,,false,
2b2e1a02-6e53-47e8-bb57-05e476b8c979,fd6ac307-0703-4168-8e6b-755812f44bae,,,chapter,17,0,0,2026-03-07 13:07:35.528,2026-03-07 13:07:35.528,,,false,
2b4e85d8-6e5f-4b80-9cde-c36ef55d9044,af8258f2-06f0-4bde-a687-0b55a69cb2c0,,,chapter,8,0,0,2026-03-07 13:25:54.954,2026-03-07 13:25:54.954,,,false,
2b551014-ccf6-4a98-88ea-a4964949b0e0,90be6fb3-9dcb-4cd1-8b2b-695e44ccc453,,,chapter,195,0,0,2026-03-07 14:02:48.409,2026-03-07 14:02:48.409,,,false,
2b653edd-6434-4a19-9c05-27313406a556,50a5c422-6a50-4eb6-b173-111ffffc3d41,,,chapter,344,0,0,2026-03-07 15:36:35.417,2026-03-07 15:36:35.417,,,false,
2b667020-6ba9-4b34-87a6-e39b6feaf509,90be6fb3-9dcb-4cd1-8b2b-695e44ccc453,,,chapter,15,0,0,2026-03-07 13:11:59.269,2026-03-07 13:11:59.269,,,false,
2b720c0f-4e01-4392-a007-6f761ce7669c,50a5c422-6a50-4eb6-b173-111ffffc3d41,,,chapter,358,0,0,2026-03-07 15:37:30.786,2026-03-07 15:37:30.786,,,false,
2b92da6d-2d4d-4fd5-ac54-7a4327c48f12,af8258f2-06f0-4bde-a687-0b55a69cb2c0,,,chapter,44,0,0,2026-03-07 12:35:36.064,2026-03-07 12:35:36.064,,,false,
2b9a808f-7bfa-4d9b-a946-27f2861ddc8f,50a5c422-6a50-4eb6-b173-111ffffc3d41,,,chapter,34,0,0,2026-03-07 15:32:57.822,2026-03-07 15:32:57.822,,,false,
2b9d9ab6-3060-4ad1-ab5c-ecce8fa12fdb,90be6fb3-9dcb-4cd1-8b2b-695e44ccc453,,,chapter,160,0,0,2026-03-07 13:30:20.201,2026-03-07 13:30:20.201,,,false,
2b9e3af7-39b9-4c00-ba1f-f3c80bcf6079,a765dc53-3f13-4f00-a19b-aa2cb581c9dd,125e398e-2559-43d7-bd43-9855cc3af7ea,,chapter,220,0,0,2026-03-07 15:03:00.929,2026-03-07 15:03:00.929,,,false,
2ba4f6f8-09c2-412a-909f-559f5435dfdc,a765dc53-3f13-4f00-a19b-aa2cb581c9dd,125e398e-2559-43d7-bd43-9855cc3af7ea,,chapter,246,0,0,2026-03-07 15:22:12.031,2026-03-07 15:22:12.031,,,false,
2bb3631f-f26e-4302-a959-c35d8302c5af,61829d6d-8dc1-411e-a3f8-2c26cb5606e8,,,chapter,54,0,0,2026-03-07 14:10:16.116,2026-03-07 14:10:16.116,,,false,
2bc2f344-4baf-41e7-ab39-57c9819bb638,90be6fb3-9dcb-4cd1-8b2b-695e44ccc453,,,chapter,182,0,0,2026-03-07 13:48:15.032,2026-03-07 13:48:15.032,,,false,
2bebf7f1-3ab8-41e4-a6fb-70a0ad821320,fb09a54a-d9fa-404d-986a-bf1ccb7d2287,,,chapter,56,0,0,2026-03-07 15:23:25.593,2026-03-07 15:23:25.593,,,false,
2bf512ae-f0de-445b-956f-82a50fda5841,90be6fb3-9dcb-4cd1-8b2b-695e44ccc453,,,chapter,184,0,0,2026-03-07 14:01:42.381,2026-03-07 14:01:42.381,,,false,
2c1f1fe7-63b2-4bf6-a707-15fdc6c5a2ad,9be38f57-61b3-48fb-b053-984d2a423bd8,,,chapter,96,0,0,2026-03-07 14:18:07.612,2026-03-07 14:18:07.612,,,false,
2c1f570b-29b0-4974-8812-72ba8ae27936,a765dc53-3f13-4f00-a19b-aa2cb581c9dd,125e398e-2559-43d7-bd43-9855cc3af7ea,,chapter,48.5,0,0,2026-03-07 15:51:49.843,2026-03-07 15:51:49.843,,,false,
2c24d089-c0d2-489f-846e-bcb27e103f2a,86ecbec7-1381-43fa-9f0b-701e37d40083,,,chapter,65,0,0,2026-03-07 13:32:26.651,2026-03-07 13:32:26.651,,,false,
2c8947c9-4a3f-42b9-bd18-54888d1869f0,50a5c422-6a50-4eb6-b173-111ffffc3d41,,,chapter,434,0,0,2026-03-07 15:56:25.234,2026-03-07 15:56:25.234,,,false,
2c8aa925-0476-4c35-8d7b-cd9635331ce3,af8258f2-06f0-4bde-a687-0b55a69cb2c0,,,chapter,5,0,0,2026-03-07 12:36:13.409,2026-03-07 12:36:13.409,,,false,
2c8b3176-e0d8-410d-ba2c-75d679deb7ce,a765dc53-3f13-4f00-a19b-aa2cb581c9dd,125e398e-2559-43d7-bd43-9855cc3af7ea,,chapter,229,0,0,2026-03-07 15:13:17.325,2026-03-07 15:13:17.325,,,false,
2c998a18-4d45-466f-9ec1-614181984113,50a5c422-6a50-4eb6-b173-111ffffc3d41,,,chapter,260,0,0,2026-03-07 14:48:52.382,2026-03-07 14:48:52.382,,,false,
2cd7864a-6cb0-4eb4-9e87-fcc8af70e39e,50a5c422-6a50-4eb6-b173-111ffffc3d41,,,chapter,294,0,0,2026-03-07 15:11:15.861,2026-03-07 15:11:15.861,,,false,
2cd8a671-5e15-41a2-a374-9c3716e68c7d,fb09a54a-d9fa-404d-986a-bf1ccb7d2287,,,chapter,35,0,0,2026-03-07 15:14:11.695,2026-03-07 15:14:11.695,,,false,
2ce74608-4d4f-44a0-bc1a-0bc385a2fba5,9be38f57-61b3-48fb-b053-984d2a423bd8,,,chapter,43,0,0,2026-03-07 13:15:24.322,2026-03-07 13:15:24.322,,,false,
2cf89a19-f200-45b4-ba80-c07c172c96a8,d7ade2ee-4851-453d-95e7-3887ef041e80,,,chapter,77,0,0,2026-03-07 13:20:21.079,2026-03-07 13:20:21.079,,,false,
2d0d9501-8fe6-4cd9-8226-629849a1578e,90be6fb3-9dcb-4cd1-8b2b-695e44ccc453,,,chapter,78,0,0,2026-03-07 14:59:16.965,2026-03-07 14:59:16.965,,,false,
2d0f9657-9150-4611-973d-4a07e0903795,90be6fb3-9dcb-4cd1-8b2b-695e44ccc453,,,chapter,80,0,0,2026-03-07 15:09:25.812,2026-03-07 15:09:25.812,,,false,
2d112110-1ed6-4e4f-ae55-153af09a7b7e,61829d6d-8dc1-411e-a3f8-2c26cb5606e8,,,chapter,159,0,0,2026-03-07 13:21:00.091,2026-03-07 13:21:00.091,,,false,
2d11841a-e9a2-45b9-b802-d243aabb8b4a,61aa237e-d5bd-4f55-b5fc-be9683abc2c8,,,chapter,8,0,0,2026-03-07 13:23:15.645,2026-03-07 13:23:15.645,,,false,
2d1c7b9a-2848-4154-9d4d-070a2e93121b,fd6ac307-0703-4168-8e6b-755812f44bae,,,chapter,319,0,0,2026-03-07 15:05:55.128,2026-03-07 15:05:55.128,,,false,
2d201bba-4b10-4da8-bedf-f70e12937529,5fc9a5b6-e624-46f0-a9bc-df01537b4907,,,chapter,232,0,0,2026-03-07 14:23:40.805,2026-03-07 14:23:40.805,,,false,
2d21e454-e57c-4758-8a7f-1f6dae269bb4,fd6ac307-0703-4168-8e6b-755812f44bae,,,chapter,282,0,0,2026-03-07 14:36:40.956,2026-03-07 14:36:40.956,,,false,
2d22c8a3-62fe-477c-86ce-74e10d9ceca8,fd6ac307-0703-4168-8e6b-755812f44bae,,,chapter,324,0,0,2026-03-07 15:06:31.944,2026-03-07 15:06:31.944,,,false,
2d24040a-62ab-4858-8add-b0bbc06b11a5,90be6fb3-9dcb-4cd1-8b2b-695e44ccc453,,,chapter,101,0,0,2026-03-07 12:23:56.996,2026-03-07 12:23:56.996,,,false,
2d49dc88-05fa-4314-8509-63f2b09ca0c8,50a5c422-6a50-4eb6-b173-111ffffc3d41,,,chapter,494,0,0,2026-03-07 16:03:09.432,2026-03-07 16:03:09.432,,,false,
2d5dc9e3-815e-498b-8a99-71f5f46d9882,a765dc53-3f13-4f00-a19b-aa2cb581c9dd,125e398e-2559-43d7-bd43-9855cc3af7ea,,chapter,52,0,0,2026-03-07 15:52:08.206,2026-03-07 15:52:08.206,,,false,
2d9a11dd-dbc8-4706-b761-2510f6bcfc43,fb09a54a-d9fa-404d-986a-bf1ccb7d2287,,,chapter,124,0,0,2026-03-07 12:29:27.108,2026-03-07 12:29:27.108,,,false,
2da1ee9a-9159-4423-b102-3613934c65a3,a765dc53-3f13-4f00-a19b-aa2cb581c9dd,125e398e-2559-43d7-bd43-9855cc3af7ea,,chapter,53,0,0,2026-03-07 15:52:15.349,2026-03-07 15:52:15.349,,,false,
2dba27b4-c485-47b1-b580-f181c5cde055,50a5c422-6a50-4eb6-b173-111ffffc3d41,,,chapter,2,0,0,2026-03-07 13:50:25.376,2026-03-07 13:50:25.376,,,false,
2dbb5dd1-c0b8-4e2b-8930-9b402bf1ad7d,5fc9a5b6-e624-46f0-a9bc-df01537b4907,,,chapter,36,0,0,2026-03-07 14:34:26.068,2026-03-07 14:34:26.068,,,false,
2dc45fb9-91c8-4b4c-bd58-be7790f1164c,d7ade2ee-4851-453d-95e7-3887ef041e80,,,chapter,21,0,0,2026-03-07 12:29:45.169,2026-03-07 12:29:45.169,,,false,
2ddf0329-5f95-454b-9394-b27d2c89845b,50a5c422-6a50-4eb6-b173-111ffffc3d41,,,chapter,500,0,0,2026-03-07 16:03:50.456,2026-03-07 16:03:50.456,,,false,
2de143e3-694f-43bf-9315-d81bca849baf,90be6fb3-9dcb-4cd1-8b2b-695e44ccc453,,,chapter,185,0,0,2026-03-07 14:01:46.676,2026-03-07 14:01:46.676,,,false,
2e004a0f-f356-4162-ab43-c7db3e6585bd,61aa237e-d5bd-4f55-b5fc-be9683abc2c8,,,chapter,67,0,0,2026-03-07 13:05:47.869,2026-03-07 13:05:47.869,,,false,
2e019236-bb02-460c-a269-43a73aea2ae7,61829d6d-8dc1-411e-a3f8-2c26cb5606e8,,,chapter,105,0,0,2026-03-07 12:14:30.565,2026-03-07 12:14:30.565,,,false,
2e3f4c2c-318f-4015-931a-3f0629c4240e,d7ade2ee-4851-453d-95e7-3887ef041e80,,,chapter,48,0,0,2026-03-07 13:02:14.246,2026-03-07 13:02:14.246,,,false,
2e3f5faa-fe4d-4b8c-bf99-2e0de19cf324,fd6ac307-0703-4168-8e6b-755812f44bae,,,chapter,260,0,0,2026-03-07 14:24:47.014,2026-03-07 14:24:47.014,,,false,
2e47ee63-442f-415c-83cf-e1dc07f6588d,fd6ac307-0703-4168-8e6b-755812f44bae,,,chapter,157,0,0,2026-03-07 13:06:36.751,2026-03-07 13:06:36.751,,,false,
2e4e35ff-e9bd-4093-86b4-13467baea8c2,a765dc53-3f13-4f00-a19b-aa2cb581c9dd,125e398e-2559-43d7-bd43-9855cc3af7ea,,chapter,83,0,0,2026-03-07 15:59:21.981,2026-03-07 15:59:21.981,,,false,
2e598084-8ae8-4ce9-9b5f-32bfa0da8f31,a765dc53-3f13-4f00-a19b-aa2cb581c9dd,6eef4131-c168-4f89-a4a9-b2ddde5c4ab8,,chapter,41,0,0,2026-03-07 14:51:22.665,2026-03-07 14:51:22.665,,,false,
2e6d4a9d-fca5-402b-9985-5da8ccddf54f,50a5c422-6a50-4eb6-b173-111ffffc3d41,,,chapter,198,0,0,2026-03-07 13:50:21.314,2026-03-07 13:50:21.314,,,false,
2e89ee16-c08f-49cc-ad65-2372582a5386,a765dc53-3f13-4f00-a19b-aa2cb581c9dd,125e398e-2559-43d7-bd43-9855cc3af7ea,,chapter,7,0,0,2026-03-07 15:57:11.186,2026-03-07 15:57:11.186,,,false,
2e8c4537-b7ff-4160-b7b8-ab5e181f2125,a124c29b-236a-4dc5-9b03-290e082785d5,,,chapter,194,0,0,2026-03-07 14:01:33.669,2026-03-07 14:01:33.669,,,false,
2ea36cc8-16d7-47d6-803e-742d6ed54570,5fc9a5b6-e624-46f0-a9bc-df01537b4907,,,chapter,141,0,0,2026-03-07 12:32:07.011,2026-03-07 12:32:07.011,,,false,
2ea97e39-dfb5-42f8-8a5d-c7d6d75cd722,5fc9a5b6-e624-46f0-a9bc-df01537b4907,,,chapter,142,0,0,2026-03-07 12:47:45.176,2026-03-07 12:47:45.176,,,false,
2eb23546-b637-42a8-895f-724dcadebe5c,61aa237e-d5bd-4f55-b5fc-be9683abc2c8,,,chapter,36,0,0,2026-03-07 12:32:11.324,2026-03-07 12:32:11.324,,,false,
2eb78cfa-a135-4f7d-9e31-3ccfb6fe6307,a124c29b-236a-4dc5-9b03-290e082785d5,,,chapter,151,0,0,2026-03-07 13:10:50.363,2026-03-07 13:10:50.363,,,false,
2ef0f5ec-40b5-40a5-b74e-7de7bc769283,af8258f2-06f0-4bde-a687-0b55a69cb2c0,,,chapter,60,0,0,2026-03-07 12:52:00.604,2026-03-07 12:52:00.604,,,false,
2f0d0e3b-678b-4fb9-b5ef-223bd1f8c569,90be6fb3-9dcb-4cd1-8b2b-695e44ccc453,,,chapter,155,0,0,2026-03-07 13:29:56.985,2026-03-07 13:29:56.985,,,false,
2f32204c-2bf9-4b0e-83b6-db63274be126,fb09a54a-d9fa-404d-986a-bf1ccb7d2287,,,chapter,150,0,0,2026-03-07 13:01:26.774,2026-03-07 13:01:26.774,,,false,
2f596626-0627-4c80-a73e-0459cc6bc394,61829d6d-8dc1-411e-a3f8-2c26cb5606e8,,,chapter,4,0,0,2026-03-07 13:56:23.592,2026-03-07 13:56:23.592,,,false,
2f5d0c27-9368-4c57-9e86-10f57dcc2fc9,50a5c422-6a50-4eb6-b173-111ffffc3d41,,,chapter,519,0,0,2026-03-07 16:05:23.62,2026-03-07 16:05:23.62,,,false,
2f603852-1e93-4a72-bcd7-78d867c525c2,a765dc53-3f13-4f00-a19b-aa2cb581c9dd,6eef4131-c168-4f89-a4a9-b2ddde5c4ab8,,chapter,52,0,0,2026-03-07 15:01:22.289,2026-03-07 15:01:22.289,,,false,
2f68804e-dc3e-40d3-9ed5-cd875ab644d7,a765dc53-3f13-4f00-a19b-aa2cb581c9dd,125e398e-2559-43d7-bd43-9855cc3af7ea,,chapter,42,0,0,2026-03-07 15:51:24.907,2026-03-07 15:51:24.907,,,false,
2f6bb947-4242-4e2d-a9e7-7d5f371e36b0,5fc9a5b6-e624-46f0-a9bc-df01537b4907,,,chapter,216,0,0,2026-03-07 14:11:19.305,2026-03-07 14:11:19.305,,,false,
2f718070-0090-428a-9622-089ef8767f47,61829d6d-8dc1-411e-a3f8-2c26cb5606e8,,,chapter,49,0,0,2026-03-07 13:56:38.612,2026-03-07 13:56:38.612,,,false,
2f7211a5-5f0d-440b-a511-d8e1b5c0ac3d,90be6fb3-9dcb-4cd1-8b2b-695e44ccc453,,,chapter,34,0,0,2026-03-07 14:27:29.929,2026-03-07 14:27:29.929,,,false,
2f74e722-2ca3-4841-8694-2636d48efdd3,50a5c422-6a50-4eb6-b173-111ffffc3d41,,,chapter,464,0,0,2026-03-07 16:00:48.488,2026-03-07 16:00:48.488,,,false,
2f9f8ed7-fd96-4ba1-99da-54f2a5966f4e,fb09a54a-d9fa-404d-986a-bf1ccb7d2287,,,chapter,268,0,0,2026-03-07 15:03:22.215,2026-03-07 15:03:22.215,,,false,
2fb4c752-f3a6-46e9-9975-aa9369fbb3bd,50a5c422-6a50-4eb6-b173-111ffffc3d41,,,chapter,509,0,0,2026-03-07 16:04:32.135,2026-03-07 16:04:32.135,,,false,
2fc11b8d-505d-4ccf-9556-d5d4039bbd27,a124c29b-236a-4dc5-9b03-290e082785d5,,,chapter,16,0,0,2026-03-07 13:28:58.996,2026-03-07 13:28:58.996,,,false,
2fe06160-9143-4013-8819-4f050d23d67b,a124c29b-236a-4dc5-9b03-290e082785d5,,,chapter,175,0,0,2026-03-07 13:46:11.77,2026-03-07 13:46:11.77,,,false,
2fe4a879-ba1c-45b8-8767-915ca925722d,a765dc53-3f13-4f00-a19b-aa2cb581c9dd,125e398e-2559-43d7-bd43-9855cc3af7ea,,chapter,260,0,0,2026-03-07 15:28:56.839,2026-03-07 15:28:56.839,,,false,
2ffa5f15-79dd-4b4c-b194-e7fcc5d0dbac,5fc9a5b6-e624-46f0-a9bc-df01537b4907,,,chapter,220,0,0,2026-03-07 14:11:42.979,2026-03-07 14:11:42.979,,,false,
300981eb-0b68-4821-b4a9-51b975c66736,d7ade2ee-4851-453d-95e7-3887ef041e80,,,chapter,17,0,0,2026-03-07 12:13:19.267,2026-03-07 12:13:19.267,,,false,
3041263a-fa48-4a76-ba9a-7382a0c00db7,a765dc53-3f13-4f00-a19b-aa2cb581c9dd,125e398e-2559-43d7-bd43-9855cc3af7ea,,chapter,15,0,0,2026-03-07 14:08:06.701,2026-03-07 14:08:06.701,,,false,
30486126-439d-4e87-bceb-adb4d3118c67,a765dc53-3f13-4f00-a19b-aa2cb581c9dd,6eef4131-c168-4f89-a4a9-b2ddde5c4ab8,,chapter,80,0,0,2026-03-07 15:20:38.353,2026-03-07 15:20:38.353,,,false,
3050fd07-4107-48c5-b5d1-bae990f143f4,5fc9a5b6-e624-46f0-a9bc-df01537b4907,,,chapter,133,0,0,2026-03-07 12:31:29.246,2026-03-07 12:31:29.246,,,false,
3055b6fc-539d-4c47-9944-205ea142017e,fb09a54a-d9fa-404d-986a-bf1ccb7d2287,,,chapter,197,0,0,2026-03-07 13:55:10.354,2026-03-07 13:55:10.354,,,false,
30886fe3-1b07-4b15-954f-2b2c8a409774,a765dc53-3f13-4f00-a19b-aa2cb581c9dd,6eef4131-c168-4f89-a4a9-b2ddde5c4ab8,,chapter,98,0,0,2026-03-07 15:28:06.778,2026-03-07 15:28:06.778,,,false,
308d4dbb-bf1e-4683-86e8-cd01ab85fd10,9be38f57-61b3-48fb-b053-984d2a423bd8,,,chapter,29.5,0,0,2026-03-07 12:59:35.349,2026-03-07 12:59:35.349,,,false,
308f5403-e66e-43c8-b751-7ad330c44f0a,61829d6d-8dc1-411e-a3f8-2c26cb5606e8,,,chapter,133,0,0,2026-03-07 12:47:02.398,2026-03-07 12:47:02.398,,,false,
3091017f-af30-44c4-a9a0-d4946745c26f,90be6fb3-9dcb-4cd1-8b2b-695e44ccc453,,,chapter,14,0,0,2026-03-07 12:56:25.531,2026-03-07 12:56:25.531,,,false,
309cd72f-2a18-4f0b-b423-ae997b4b9726,50a5c422-6a50-4eb6-b173-111ffffc3d41,,,chapter,11,0,0,2026-03-07 12:09:56.47,2026-03-07 12:09:56.47,,,false,
30a4d183-d766-4e10-9480-8f31e23a2cd2,a765dc53-3f13-4f00-a19b-aa2cb581c9dd,125e398e-2559-43d7-bd43-9855cc3af7ea,,chapter,276.5,0,0,2026-03-07 15:37:38.935,2026-03-07 15:37:38.935,,,false,
30bb668e-15d2-4780-9e21-aee64b3a15f6,a765dc53-3f13-4f00-a19b-aa2cb581c9dd,125e398e-2559-43d7-bd43-9855cc3af7ea,,chapter,277,0,0,2026-03-07 15:37:42.474,2026-03-07 15:37:42.474,,,false,
30d0915f-1aae-4068-8a49-a2d9d277b03a,50a5c422-6a50-4eb6-b173-111ffffc3d41,,,chapter,420,0,0,2026-03-07 15:53:44.68,2026-03-07 15:53:44.68,,,false,
30e5a8f9-80f4-454b-b0be-d63855f86867,90be6fb3-9dcb-4cd1-8b2b-695e44ccc453,,,chapter,137,0,0,2026-03-07 12:56:30.178,2026-03-07 12:56:30.178,,,false,
30ff40c4-22f6-4741-a512-e11d7fde38bf,5fc9a5b6-e624-46f0-a9bc-df01537b4907,,,chapter,104,0,0,2026-03-07 12:02:02.888,2026-03-07 12:02:02.888,,,false,
312c3a1d-5cbe-4ad2-a14d-d1d486be4961,fd6ac307-0703-4168-8e6b-755812f44bae,,,chapter,165,0,0,2026-03-07 13:07:08.459,2026-03-07 13:07:08.459,,,false,
312cfed1-a11d-41f0-bf42-8482572427a0,a124c29b-236a-4dc5-9b03-290e082785d5,,,chapter,217,0,0,2026-03-07 14:26:10.516,2026-03-07 14:26:10.516,,,false,
314f3799-54fb-40ec-b413-cf1ef3728676,50a5c422-6a50-4eb6-b173-111ffffc3d41,,,chapter,438,0,0,2026-03-07 15:56:29.415,2026-03-07 15:56:29.415,,,false,
315297aa-6a7c-449d-8629-f6d2b35f8360,fd6ac307-0703-4168-8e6b-755812f44bae,,,chapter,114,0,0,2026-03-07 12:18:07.831,2026-03-07 12:18:07.831,,,false,
3158c42c-b80f-410c-b781-d52201a29836,50a5c422-6a50-4eb6-b173-111ffffc3d41,,,chapter,449,0,0,2026-03-07 15:59:00.97,2026-03-07 15:59:00.97,,,false,
315eeba9-fea0-4a04-b477-79fcd2396810,af8258f2-06f0-4bde-a687-0b55a69cb2c0,,,chapter,67,0,0,2026-03-07 13:08:08.439,2026-03-07 13:08:08.439,,,false,
31680e3d-7fce-4c31-8f29-c6c36f9acf81,a765dc53-3f13-4f00-a19b-aa2cb581c9dd,6eef4131-c168-4f89-a4a9-b2ddde5c4ab8,,chapter,51,0,0,2026-03-07 15:01:02.914,2026-03-07 15:01:02.914,,,false,
316baf32-000c-4713-8959-c088b391a60e,af8258f2-06f0-4bde-a687-0b55a69cb2c0,,,chapter,1,1,0,2026-03-07 12:06:48.993,2026-03-07 12:06:48.993,,,false,
319085dd-9ffe-4fa9-80a9-588a7d14c82f,9a20020d-7bea-4fe6-8c9a-40712bf9e882,,,chapter,36,0,0,2026-03-07 12:53:38.146,2026-03-07 12:53:38.146,,,false,
31986e14-0f9b-4f53-a907-40e2172c20bc,a124c29b-236a-4dc5-9b03-290e082785d5,,,chapter,98,0,0,2026-03-07 15:26:31.073,2026-03-07 15:26:31.073,,,false,
3199458c-289c-4cf1-83e3-9c677faf6da7,a765dc53-3f13-4f00-a19b-aa2cb581c9dd,125e398e-2559-43d7-bd43-9855cc3af7ea,,chapter,136,0,0,2026-03-07 13:53:45.666,2026-03-07 13:53:45.666,,,false,
31b90696-433d-4669-8e51-22fe9d5644ff,9a20020d-7bea-4fe6-8c9a-40712bf9e882,,,chapter,102,0,0,2026-03-07 12:21:31.159,2026-03-07 12:21:31.159,,,false,
31ba6a08-8ad6-499b-8404-b36fbe6217a2,50a5c422-6a50-4eb6-b173-111ffffc3d41,,,chapter,101,0,0,2026-03-07 12:09:13.623,2026-03-07 12:09:13.623,,,false,
31da4019-0fcd-4d79-b34a-13568d2503d6,50a5c422-6a50-4eb6-b173-111ffffc3d41,,,chapter,49,0,0,2026-03-07 16:02:52.65,2026-03-07 16:02:52.65,,,false,
31dedec5-a285-405a-b236-d3519a2dcf90,d7ade2ee-4851-453d-95e7-3887ef041e80,,,chapter,37,0,0,2026-03-07 12:46:17.798,2026-03-07 12:46:17.798,,,false,
31ea794c-2b14-4fe3-9530-b05b41e82cb7,a124c29b-236a-4dc5-9b03-290e082785d5,,,chapter,26,0,0,2026-03-07 14:37:32.353,2026-03-07 14:37:32.353,,,false,
31ff156e-50ba-49fb-9a60-bf8709a283e7,50a5c422-6a50-4eb6-b173-111ffffc3d41,,,chapter,123,0,0,2026-03-07 12:26:46.238,2026-03-07 12:26:46.238,,,false,
3223edcd-5f03-4cdf-8def-ba2cc8f791a8,50a5c422-6a50-4eb6-b173-111ffffc3d41,,,chapter,201,0,0,2026-03-07 14:04:11.687,2026-03-07 14:04:11.687,,,false,
326c396c-1530-4c43-aff0-cd7a339c3daf,50a5c422-6a50-4eb6-b173-111ffffc3d41,,,chapter,402,0,0,2026-03-07 15:50:22.143,2026-03-07 15:50:22.143,,,false,
327f42bc-bbac-48ae-a7e1-5ebbd9929cce,fd6ac307-0703-4168-8e6b-755812f44bae,,,chapter,112,0,0,2026-03-07 12:06:21.569,2026-03-07 12:06:21.569,,,false,
3281720d-fc14-45ba-a61f-d2ab3a10e535,90be6fb3-9dcb-4cd1-8b2b-695e44ccc453,,,chapter,64,0,0,2026-03-07 14:48:27.253,2026-03-07 14:48:27.253,,,false,
32afc7ed-71b1-47af-a2e7-b606ff9404cf,a124c29b-236a-4dc5-9b03-290e082785d5,,,chapter,124,0,0,2026-03-07 12:38:43.499,2026-03-07 12:38:43.499,,,false,
32bb6e9c-5a9a-4b54-a8c9-757cb34fbc28,9be38f57-61b3-48fb-b053-984d2a423bd8,,,chapter,70,0,0,2026-03-07 13:51:19.625,2026-03-07 13:51:19.625,,,false,
32bdf236-e8fc-45c1-90c1-fc627c431a5c,90be6fb3-9dcb-4cd1-8b2b-695e44ccc453,,,chapter,58,0,0,2026-03-07 14:48:14.87,2026-03-07 14:48:14.87,,,false,
32d520a5-01db-4e31-971d-dcef7dde33e0,a124c29b-236a-4dc5-9b03-290e082785d5,,,chapter,81,0,0,2026-03-07 15:18:17.572,2026-03-07 15:18:17.572,,,false,
32fd28d3-865e-46ae-aff2-52498c4677bf,9be38f57-61b3-48fb-b053-984d2a423bd8,,,chapter,102,0,0,2026-03-07 12:10:59.393,2026-03-07 12:10:59.393,,,false,
330c46e9-7e51-4503-8901-3684263a62ff,fd6ac307-0703-4168-8e6b-755812f44bae,,,chapter,19,0,0,2026-03-07 13:25:40.854,2026-03-07 13:25:40.854,,,false,
330e79e5-4978-4301-b1bf-7d263a6b478d,fd6ac307-0703-4168-8e6b-755812f44bae,,,chapter,74,0,0,2026-03-07 15:49:49.262,2026-03-07 15:49:49.262,,,false,
331e4700-5dca-4471-ad59-c6427d749b63,90be6fb3-9dcb-4cd1-8b2b-695e44ccc453,,,chapter,95.5,0,0,2026-03-07 15:19:11.232,2026-03-07 15:19:11.232,,,false,
3323c52f-880e-4788-8123-9f44bc30489b,fd6ac307-0703-4168-8e6b-755812f44bae,,,chapter,333,0,0,2026-03-07 15:16:39.673,2026-03-07 15:16:39.673,,,false,
334c4ccc-5e87-4a88-8183-c97b7054fb2a,d7ade2ee-4851-453d-95e7-3887ef041e80,,,chapter,43,0,0,2026-03-07 13:01:53.094,2026-03-07 13:01:53.094,,,false,
337e7b80-d7d7-4dba-b590-2bd0399478a3,fd6ac307-0703-4168-8e6b-755812f44bae,,,chapter,29,0,0,2026-03-07 14:45:19.678,2026-03-07 14:45:19.678,,,false,
3398a0de-f3d0-4812-a761-c7c7e3bbaacb,61829d6d-8dc1-411e-a3f8-2c26cb5606e8,,,chapter,26,0,0,2026-03-07 13:39:33.811,2026-03-07 13:39:33.811,,,false,
339d9700-ca98-43fd-a052-94095dddac42,a765dc53-3f13-4f00-a19b-aa2cb581c9dd,6eef4131-c168-4f89-a4a9-b2ddde5c4ab8,,chapter,154,0,0,2026-03-07 14:07:17.123,2026-03-07 14:07:17.123,,,false,
33a75d91-8945-45e6-b11d-26248798e8da,50a5c422-6a50-4eb6-b173-111ffffc3d41,,,chapter,368,0,0,2026-03-07 15:41:12.434,2026-03-07 15:41:12.434,,,false,
33a78953-2ee3-44a4-a70f-c4732eeef2fb,fd6ac307-0703-4168-8e6b-755812f44bae,,,chapter,300,0,0,2026-03-07 14:55:50.681,2026-03-07 14:55:50.681,,,false,
33c21f55-0d35-4419-a4a1-2f58934cf4d8,50a5c422-6a50-4eb6-b173-111ffffc3d41,,,chapter,174,0,0,2026-03-07 13:32:48.709,2026-03-07 13:32:48.709,,,false,
33e1f5be-e243-498e-9f77-719ac4e1befc,9be38f57-61b3-48fb-b053-984d2a423bd8,,,chapter,56,0,0,2026-03-07 13:34:05.345,2026-03-07 13:34:05.345,,,false,
33ef77ed-8d45-443b-b0f0-88f1c2625d4f,50a5c422-6a50-4eb6-b173-111ffffc3d41,,,chapter,413,0,0,2026-03-07 15:51:01.631,2026-03-07 15:51:01.631,,,false,
340de0bb-e634-4878-92a3-c62ed20e4d20,9a20020d-7bea-4fe6-8c9a-40712bf9e882,,,chapter,3,0,0,2026-03-07 12:37:47.239,2026-03-07 12:37:47.239,,,false,
34191ccb-f49e-4422-9fa5-eb53778a7707,90be6fb3-9dcb-4cd1-8b2b-695e44ccc453,,,chapter,67,0,0,2026-03-07 14:58:53.069,2026-03-07 14:58:53.069,,,false,
3426c68f-06b1-418f-9c2b-53c6a387c362,61aa237e-d5bd-4f55-b5fc-be9683abc2c8,,,chapter,9,0,0,2026-03-07 13:24:20.126,2026-03-07 13:24:20.126,,,false,
34397e37-ac2b-4cc2-a91f-82a3d521c509,fd6ac307-0703-4168-8e6b-755812f44bae,,,chapter,94,0,0,2026-03-07 15:55:37.751,2026-03-07 15:55:37.751,,,false,
347b7dd5-7f7b-4431-8026-d79ca2f3f905,fb09a54a-d9fa-404d-986a-bf1ccb7d2287,,,chapter,163,0,0,2026-03-07 13:19:01.805,2026-03-07 13:19:01.805,,,false,
3480896f-43dd-4e37-860b-15226bbcb677,a765dc53-3f13-4f00-a19b-aa2cb581c9dd,125e398e-2559-43d7-bd43-9855cc3af7ea,,chapter,254,0,0,2026-03-07 15:28:22.594,2026-03-07 15:28:22.594,,,false,
34817eba-7be5-4a12-af5a-1ed14fdfb918,9be38f57-61b3-48fb-b053-984d2a423bd8,,,chapter,27,0,0,2026-03-07 12:59:08.82,2026-03-07 12:59:08.82,,,false,
34828c3e-15af-4c98-b778-f51da3999ce9,61829d6d-8dc1-411e-a3f8-2c26cb5606e8,,,chapter,12,0,0,2026-03-07 12:30:07.316,2026-03-07 12:30:07.316,,,false,
34966fd9-6ba6-48c9-a3b0-8350df9e76e9,a765dc53-3f13-4f00-a19b-aa2cb581c9dd,6eef4131-c168-4f89-a4a9-b2ddde5c4ab8,,chapter,175,0,0,2026-03-07 14:29:26.701,2026-03-07 14:29:26.701,,,false,
3498d8e3-af80-47e7-8a97-7d57a29305c9,9a20020d-7bea-4fe6-8c9a-40712bf9e882,,,chapter,24,0,0,2026-03-07 12:37:28.31,2026-03-07 12:37:28.31,,,false,
349d1ed5-b2b8-4528-b78d-52e4b82546c7,d7ade2ee-4851-453d-95e7-3887ef041e80,,,chapter,34,0,0,2026-03-07 12:45:58.716,2026-03-07 12:45:58.716,,,false,
34ae1d5b-494e-4c97-8be7-11f564f04f99,90be6fb3-9dcb-4cd1-8b2b-695e44ccc453,,,chapter,76,0,0,2026-03-07 14:59:07.209,2026-03-07 14:59:07.209,,,false,
34bc215b-65f7-4bda-8726-5b09f1e985f6,90be6fb3-9dcb-4cd1-8b2b-695e44ccc453,,,chapter,72,0,0,2026-03-07 14:58:43.557,2026-03-07 14:58:43.557,,,false,
34be7f45-38c0-44d9-a3f4-f4b1447782f7,5fc9a5b6-e624-46f0-a9bc-df01537b4907,,,chapter,159,0,0,2026-03-07 13:04:08.353,2026-03-07 13:04:08.353,,,false,
34c7983a-5954-4803-a6e5-bd5513dab48c,a765dc53-3f13-4f00-a19b-aa2cb581c9dd,125e398e-2559-43d7-bd43-9855cc3af7ea,,chapter,149,0,0,2026-03-07 14:07:57.494,2026-03-07 14:07:57.494,,,false,
34ffc509-6927-42fb-934c-8f6f852603df,d7ade2ee-4851-453d-95e7-3887ef041e80,,,chapter,99,0,0,2026-03-07 13:55:44.844,2026-03-07 13:55:44.844,,,false,
350197b6-44c3-45fa-b585-abc8d431e42d,fb09a54a-d9fa-404d-986a-bf1ccb7d2287,,,chapter,112,0,0,2026-03-07 12:12:34.304,2026-03-07 12:12:34.304,,,false,
35099978-bc77-4f09-b64f-dd15ff1f9238,50a5c422-6a50-4eb6-b173-111ffffc3d41,,,chapter,67,0,0,2026-03-07 16:06:46.113,2026-03-07 16:06:46.113,,,false,
351c0db4-f9b4-4993-98d7-38c9393c3029,d7ade2ee-4851-453d-95e7-3887ef041e80,,,chapter,35.5,0,0,2026-03-07 12:46:03.769,2026-03-07 12:46:03.769,,,false,
355a8d60-f2cb-4468-b8c4-7250c99d1506,a765dc53-3f13-4f00-a19b-aa2cb581c9dd,125e398e-2559-43d7-bd43-9855cc3af7ea,,chapter,60,0,0,2026-03-07 15:54:57.425,2026-03-07 15:54:57.425,,,false,
35659d61-69cb-468f-9206-93a57f29140e,fd6ac307-0703-4168-8e6b-755812f44bae,,,chapter,390,0,0,2026-03-07 15:39:35.197,2026-03-07 15:39:35.197,,,false,
35adf909-e32f-4aee-8bbb-eb19461dc687,a765dc53-3f13-4f00-a19b-aa2cb581c9dd,125e398e-2559-43d7-bd43-9855cc3af7ea,,chapter,98,0,0,2026-03-07 16:01:34.926,2026-03-07 16:01:34.926,,,false,
35aea959-553c-4a1a-9d0e-bdf300638962,90be6fb3-9dcb-4cd1-8b2b-695e44ccc453,,,chapter,35,0,0,2026-03-07 14:27:47.777,2026-03-07 14:27:47.777,,,false,
35eba168-cb51-4fa1-8217-13c5c0523594,d7ade2ee-4851-453d-95e7-3887ef041e80,,,chapter,41,0,0,2026-03-07 13:01:47.04,2026-03-07 13:01:47.04,,,false,
363fb3d4-fe92-4bb6-9ae9-f54b57e70dfc,90be6fb3-9dcb-4cd1-8b2b-695e44ccc453,,,chapter,68,0,0,2026-03-07 14:58:09.641,2026-03-07 14:58:09.641,,,false,
3652d477-d8c5-4832-99cd-765278ced7fa,50a5c422-6a50-4eb6-b173-111ffffc3d41,,,chapter,229,0,0,2026-03-07 14:28:00.395,2026-03-07 14:28:00.395,,,false,
36546437-ae5e-47c9-b43d-22f8cc45cd24,50a5c422-6a50-4eb6-b173-111ffffc3d41,,,chapter,456,0,0,2026-03-07 15:58:56.93,2026-03-07 15:58:56.93,,,false,
36a7239c-2af1-475f-a52f-0e52748852e5,d7ade2ee-4851-453d-95e7-3887ef041e80,,,chapter,100,0,0,2026-03-07 12:13:14.422,2026-03-07 12:13:14.422,,,false,
36b6f6f5-2e83-460e-9b91-ff0a7cba54ab,a765dc53-3f13-4f00-a19b-aa2cb581c9dd,125e398e-2559-43d7-bd43-9855cc3af7ea,,chapter,61,0,0,2026-03-07 15:55:01.385,2026-03-07 15:55:01.385,,,false,
36c8d471-96ad-4e96-b367-088d508d9d4e,50a5c422-6a50-4eb6-b173-111ffffc3d41,,,chapter,23,0,0,2026-03-07 14:27:56.49,2026-03-07 14:27:56.49,,,false,
36cf6f77-e4f8-4cdb-ab34-b738966081e3,af8258f2-06f0-4bde-a687-0b55a69cb2c0,,,chapter,22.1,0,0,2026-03-07 12:07:47.226,2026-03-07 12:07:47.226,,,false,
36e14100-6289-458f-b925-396e6c29ee70,fb09a54a-d9fa-404d-986a-bf1ccb7d2287,,,chapter,195,0,0,2026-03-07 13:55:14.971,2026-03-07 13:55:14.971,,,false,
36e9af83-73ec-4583-9f5d-67dff0d2650b,61829d6d-8dc1-411e-a3f8-2c26cb5606e8,,,chapter,32,0,0,2026-03-07 13:39:48.273,2026-03-07 13:39:48.273,,,false,
36f9fba6-888b-4202-8f7d-a333400e579f,fd6ac307-0703-4168-8e6b-755812f44bae,,,chapter,240,0,0,2026-03-07 14:12:32.903,2026-03-07 14:12:32.903,,,false,
372bea25-856f-4e99-af17-9f539566b239,61829d6d-8dc1-411e-a3f8-2c26cb5606e8,,,chapter,125,0,0,2026-03-07 12:30:34.797,2026-03-07 12:30:34.797,,,false,
372f4d3c-cbee-42b4-a7e5-ccd92305847b,50a5c422-6a50-4eb6-b173-111ffffc3d41,,,chapter,259,0,0,2026-03-07 14:48:48.595,2026-03-07 14:48:48.595,,,false,
372fddf9-4452-4768-b254-87531e28a287,fb09a54a-d9fa-404d-986a-bf1ccb7d2287,,,chapter,126,0,0,2026-03-07 12:29:36.135,2026-03-07 12:29:36.135,,,false,
375154f3-e210-408e-9bf1-913da3e312d5,50a5c422-6a50-4eb6-b173-111ffffc3d41,,,chapter,112,0,0,2026-03-07 12:10:09.481,2026-03-07 12:10:09.481,,,false,
379c529b-9301-4aa3-ad19-7aac177b9e15,a765dc53-3f13-4f00-a19b-aa2cb581c9dd,125e398e-2559-43d7-bd43-9855cc3af7ea,,chapter,65,0,0,2026-03-07 15:55:17.857,2026-03-07 15:55:17.857,,,false,
37aff7dd-a984-4b9e-839e-96ee9c0c2592,fd6ac307-0703-4168-8e6b-755812f44bae,,,chapter,361,0,0,2026-03-07 15:30:58.367,2026-03-07 15:30:58.367,,,false,
37d907eb-46b5-4c18-b3dc-9016ce5c93b4,fb09a54a-d9fa-404d-986a-bf1ccb7d2287,,,chapter,17,0,0,2026-03-07 13:37:17.189,2026-03-07 13:37:17.189,,,false,
37ec9200-91a0-477f-9b29-7e8ac825eee8,fb09a54a-d9fa-404d-986a-bf1ccb7d2287,,,chapter,174,0,0,2026-03-07 13:37:21.454,2026-03-07 13:37:21.454,,,false,
37f3ffa9-7172-431d-9d63-0b127994fdd8,90be6fb3-9dcb-4cd1-8b2b-695e44ccc453,,,chapter,8,0,0,2026-03-07 15:09:20.803,2026-03-07 15:09:20.803,,,false,
38035614-5cd9-4eee-8b0a-8375aa8a5e58,a765dc53-3f13-4f00-a19b-aa2cb581c9dd,125e398e-2559-43d7-bd43-9855cc3af7ea,,chapter,88,0,0,2026-03-07 15:59:42.053,2026-03-07 15:59:42.053,,,false,
380de35e-8915-452f-9be4-76a5953557bb,5fc9a5b6-e624-46f0-a9bc-df01537b4907,,,chapter,66,0,0,2026-03-07 14:54:48.037,2026-03-07 14:54:48.037,,,false,
3822d570-c80d-4606-9f44-69d089eb5885,af8258f2-06f0-4bde-a687-0b55a69cb2c0,,,chapter,58,0,0,2026-03-07 12:51:50.322,2026-03-07 12:51:50.322,,,false,
382ff6a0-83a5-4c36-ad70-5d23e7f0fa7a,fb09a54a-d9fa-404d-986a-bf1ccb7d2287,,,chapter,3,0,0,2026-03-07 15:03:57.547,2026-03-07 15:03:57.547,,,false,
38435901-549a-42e3-b16d-1983d6933104,fd6ac307-0703-4168-8e6b-755812f44bae,,,chapter,33,0,0,2026-03-07 15:16:20.206,2026-03-07 15:16:20.206,,,false,
38661b4e-023a-4c2e-81b3-46cdea99d8c5,fb09a54a-d9fa-404d-986a-bf1ccb7d2287,,,chapter,267,0,0,2026-03-07 14:54:04.597,2026-03-07 14:54:04.597,,,false,
3872d6df-eb96-4dbb-8753-d9cf0f327194,5fc9a5b6-e624-46f0-a9bc-df01537b4907,,,chapter,80,0,0,2026-03-07 15:04:52.638,2026-03-07 15:04:52.638,,,false,
38858b14-9f93-4525-8e0c-f1cc7d97ada3,9a20020d-7bea-4fe6-8c9a-40712bf9e882,,,chapter,41,0,0,2026-03-07 12:54:05.944,2026-03-07 12:54:05.944,,,false,
3893920e-90dd-4210-aa8e-25d9735b5486,a124c29b-236a-4dc5-9b03-290e082785d5,,,chapter,200,0,0,2026-03-07 14:14:05.253,2026-03-07 14:14:05.253,,,false,
3894a48b-e746-4da5-bd1d-9a6c84c2db0c,fd6ac307-0703-4168-8e6b-755812f44bae,,,chapter,381,0,0,2026-03-07 15:36:13.119,2026-03-07 15:36:13.119,,,false,
3895121a-8781-4e59-a8bc-3a77de72e65d,5fc9a5b6-e624-46f0-a9bc-df01537b4907,,,chapter,174,0,0,2026-03-07 13:22:04.385,2026-03-07 13:22:04.385,,,false,
38a33df1-efd5-4dac-af32-d3bce5f243f6,61aa237e-d5bd-4f55-b5fc-be9683abc2c8,,,chapter,32,0,0,2026-03-07 12:17:40.451,2026-03-07 12:17:40.451,,,false,
38a3ace6-ecad-4869-b196-d9e889112c55,5fc9a5b6-e624-46f0-a9bc-df01537b4907,,,chapter,45,0,0,2026-03-07 14:35:15.487,2026-03-07 14:35:15.487,,,false,
38af6fd4-9f91-4185-914b-5e58cd11b4cc,5fc9a5b6-e624-46f0-a9bc-df01537b4907,,,chapter,126,0,0,2026-03-07 12:16:13.99,2026-03-07 12:16:13.99,,,false,
38bac346-80c9-4e4b-ad60-5c389e9d5a15,61aa237e-d5bd-4f55-b5fc-be9683abc2c8,,,chapter,79,0,0,2026-03-07 13:23:32.474,2026-03-07 13:23:32.474,,,false,
38cd1d71-ce9c-4d38-8fa4-9f963a91443b,86ecbec7-1381-43fa-9f0b-701e37d40083,,,chapter,56,0,0,2026-03-07 13:31:25.968,2026-03-07 13:31:25.968,,,false,
38e102d9-1344-45ae-9476-15cfa8f4d8f9,50a5c422-6a50-4eb6-b173-111ffffc3d41,,,chapter,468,0,0,2026-03-07 16:01:00.773,2026-03-07 16:01:00.773,,,false,
38e43235-5ee4-4311-8413-fb5212f2370f,50a5c422-6a50-4eb6-b173-111ffffc3d41,,,chapter,181,0,0,2026-03-07 13:33:17.154,2026-03-07 13:33:17.154,,,false,
38f8e146-5aa5-4eea-a6d6-aad6c888c6b9,50a5c422-6a50-4eb6-b173-111ffffc3d41,,,chapter,163,0,0,2026-03-07 13:14:13.55,2026-03-07 13:14:13.55,,,false,
39174144-5d1d-499a-a671-5a54547cd8af,a765dc53-3f13-4f00-a19b-aa2cb581c9dd,125e398e-2559-43d7-bd43-9855cc3af7ea,,chapter,250.5,0,0,2026-03-07 15:22:35.217,2026-03-07 15:22:35.217,,,false,
39175d0a-2a6a-4001-af1a-21237c114eec,90be6fb3-9dcb-4cd1-8b2b-695e44ccc453,,,chapter,53,0,0,2026-03-07 14:39:08.705,2026-03-07 14:39:08.705,,,false,
391967e4-341c-4650-999d-c4d058be7c56,a765dc53-3f13-4f00-a19b-aa2cb581c9dd,125e398e-2559-43d7-bd43-9855cc3af7ea,,chapter,108,0,0,2026-03-07 13:18:01.004,2026-03-07 13:18:01.004,,,false,
39220bc2-91d2-4a74-b31e-8f22096415c7,fb09a54a-d9fa-404d-986a-bf1ccb7d2287,,,chapter,251,0,0,2026-03-07 14:43:22.138,2026-03-07 14:43:22.138,,,false,
3947e469-ca0e-4791-96bf-af14e5b75923,a124c29b-236a-4dc5-9b03-290e082785d5,,,chapter,178,0,0,2026-03-07 13:46:07.631,2026-03-07 13:46:07.631,,,false,
396ae3ba-5329-487e-b0a0-7341e0bec8d9,9be38f57-61b3-48fb-b053-984d2a423bd8,,,chapter,13.5,0,0,2026-03-07 12:43:01.641,2026-03-07 12:43:01.641,,,false,
39744f80-aea8-4458-86e8-0efe417b5f4f,fd6ac307-0703-4168-8e6b-755812f44bae,,,chapter,205,0,0,2026-03-07 13:43:38.302,2026-03-07 13:43:38.302,,,false,
397ebc72-bf9e-40b6-8070-386bf289a7f6,50a5c422-6a50-4eb6-b173-111ffffc3d41,,,chapter,73,0,0,2026-03-07 16:07:17.25,2026-03-07 16:07:17.25,,,false,
398b6300-4ce3-4cf9-9f1a-9f8aca2dae4e,fb09a54a-d9fa-404d-986a-bf1ccb7d2287,,,chapter,120,0,0,2026-03-07 12:29:03.186,2026-03-07 12:29:03.186,,,false,
39ad56c0-384c-4b28-ba0f-f2619759dc7c,fd6ac307-0703-4168-8e6b-755812f44bae,,,chapter,92,0,0,2026-03-07 15:53:15.509,2026-03-07 15:53:15.509,,,false,
39e95e2e-22de-4af3-94f6-e121e21aebfa,fb09a54a-d9fa-404d-986a-bf1ccb7d2287,,,chapter,14,0,0,2026-03-07 12:44:55.07,2026-03-07 12:44:55.07,,,false,
39f2eaff-c709-4750-a6f7-db2fcfed4039,b8e789e4-f33e-406b-9e1b-6639267faf7b,,,chapter,7,0,0,2026-03-07 12:03:20.713,2026-03-07 12:03:20.713,,,false,
39f4efcd-16fd-4a90-8ada-8a1714f61fd2,90be6fb3-9dcb-4cd1-8b2b-695e44ccc453,,,chapter,177,0,0,2026-03-07 13:47:29.033,2026-03-07 13:47:29.033,,,false,
3a065576-92f8-4ae6-a909-7e6753bbc669,fb09a54a-d9fa-404d-986a-bf1ccb7d2287,,,chapter,204,0,0,2026-03-07 14:09:46.874,2026-03-07 14:09:46.874,,,false,
3a0b01a8-05f5-42b2-ae44-e097cfdbc8a5,50a5c422-6a50-4eb6-b173-111ffffc3d41,,,chapter,419,0,0,2026-03-07 15:53:36.412,2026-03-07 15:53:36.412,,,false,
3a255258-bd4f-4238-9989-209804fc0014,a765dc53-3f13-4f00-a19b-aa2cb581c9dd,125e398e-2559-43d7-bd43-9855cc3af7ea,,chapter,184,0,0,2026-03-07 14:41:30.995,2026-03-07 14:41:30.995,,,false,
3a2769e3-1ead-4dd6-86d3-9dbee715665f,a765dc53-3f13-4f00-a19b-aa2cb581c9dd,6eef4131-c168-4f89-a4a9-b2ddde5c4ab8,,chapter,91,0,0,2026-03-07 15:21:43.358,2026-03-07 15:21:43.358,,,false,
3a592056-059e-40da-a0db-b86b520f9323,fd6ac307-0703-4168-8e6b-755812f44bae,,,chapter,180,0,0,2026-03-07 13:25:18.351,2026-03-07 13:25:18.351,,,false,
3a64f5c3-736b-42c5-b398-a10da3296b88,fb09a54a-d9fa-404d-986a-bf1ccb7d2287,,,chapter,132.5,0,0,2026-03-07 12:44:32.789,2026-03-07 12:44:32.789,,,false,
3a7ac3de-9e22-418e-85bd-759e69d79d6d,a765dc53-3f13-4f00-a19b-aa2cb581c9dd,6eef4131-c168-4f89-a4a9-b2ddde5c4ab8,,chapter,114,0,0,2026-03-07 13:35:04.125,2026-03-07 13:35:04.125,,,false,
3aa45eae-b397-488f-8fbb-98da0c1e3fa3,50a5c422-6a50-4eb6-b173-111ffffc3d41,,,chapter,22,0,0,2026-03-07 14:17:10.725,2026-03-07 14:17:10.725,,,false,
3aaaed05-7280-46de-a60a-27842752379a,9a20020d-7bea-4fe6-8c9a-40712bf9e882,,,chapter,63,0,0,2026-03-07 13:27:35.866,2026-03-07 13:27:35.866,,,false,
3ac744bf-e275-4ddf-a940-deacb56de276,5fc9a5b6-e624-46f0-a9bc-df01537b4907,,,chapter,55,0,0,2026-03-07 14:44:33.319,2026-03-07 14:44:33.319,,,false,
3ada9335-942a-46bf-a0b6-1d9f0173478a,61829d6d-8dc1-411e-a3f8-2c26cb5606e8,,,chapter,87,0,0,2026-03-07 14:33:09.634,2026-03-07 14:33:09.634,,,false,
3ae4309f-1d23-4b9a-aa59-b2aaa0f02b99,50a5c422-6a50-4eb6-b173-111ffffc3d41,,,chapter,250,0,0,2026-03-07 14:39:31.001,2026-03-07 14:39:31.001,,,false,
3af82cf7-a999-450f-b1f1-61796f741bd2,50a5c422-6a50-4eb6-b173-111ffffc3d41,,,chapter,26,0,0,2026-03-07 14:49:00.026,2026-03-07 14:49:00.026,,,false,
3af9edf0-cf06-4d3b-810d-1a10ef735760,a124c29b-236a-4dc5-9b03-290e082785d5,,,chapter,102,0,0,2026-03-07 12:22:54.985,2026-03-07 12:22:54.985,,,false,
3b38d7d4-f22c-45df-8bb2-94cb0e46fd7a,a765dc53-3f13-4f00-a19b-aa2cb581c9dd,125e398e-2559-43d7-bd43-9855cc3af7ea,,chapter,66,0,0,2026-03-07 15:55:21.843,2026-03-07 15:55:21.843,,,false,
3b70cdea-37a9-4b6d-b92f-bd4b48d00579,a765dc53-3f13-4f00-a19b-aa2cb581c9dd,125e398e-2559-43d7-bd43-9855cc3af7ea,,chapter,75,0,0,2026-03-07 15:57:39.051,2026-03-07 15:57:39.051,,,false,
3bac1ad1-b0fe-45d8-9ced-ea90980fc549,fb09a54a-d9fa-404d-986a-bf1ccb7d2287,,,chapter,173,0,0,2026-03-07 13:37:08.83,2026-03-07 13:37:08.83,,,false,
3bdfd14d-e86a-4bb1-a580-e6b1112e4606,fd6ac307-0703-4168-8e6b-755812f44bae,,,chapter,301,0,0,2026-03-07 14:56:00.27,2026-03-07 14:56:00.27,,,false,
3bef679f-d0b5-4db2-abb6-8b920cc2d193,5fc9a5b6-e624-46f0-a9bc-df01537b4907,,,chapter,54,0,0,2026-03-07 14:44:28.33,2026-03-07 14:44:28.33,,,false,
3bf4c085-bdc0-4da3-994c-27e7de9e6d5e,fb09a54a-d9fa-404d-986a-bf1ccb7d2287,,,chapter,99,0,0,2026-03-07 15:39:03.706,2026-03-07 15:39:03.706,,,false,
3c050105-79a9-42d4-af85-8d4b97902598,90be6fb3-9dcb-4cd1-8b2b-695e44ccc453,,,chapter,189,0,0,2026-03-07 14:02:03.853,2026-03-07 14:02:03.853,,,false,
3c06b253-5fd0-4af8-b7e7-6e79c360951a,50a5c422-6a50-4eb6-b173-111ffffc3d41,,,chapter,39,0,0,2026-03-07 15:47:33.902,2026-03-07 15:47:33.902,,,false,
3c0f6910-5fbf-444f-9c73-a95ce62f70f0,9a20020d-7bea-4fe6-8c9a-40712bf9e882,,,chapter,10,0,0,2026-03-07 12:21:42.775,2026-03-07 12:21:42.775,,,false,
3c370312-086e-40cc-9c7b-fe3bc165ef05,9be38f57-61b3-48fb-b053-984d2a423bd8,,,chapter,48,0,0,2026-03-07 13:15:38.07,2026-03-07 13:15:38.07,,,false,
3c66f239-5f4a-4cba-95b5-6b0e6cbfba0f,fb09a54a-d9fa-404d-986a-bf1ccb7d2287,,,chapter,272.2,0,0,2026-03-07 15:03:41.59,2026-03-07 15:03:41.59,,,false,
3c6ea37b-bc93-4d1a-acf5-03b5da9fcaa2,5fc9a5b6-e624-46f0-a9bc-df01537b4907,,,chapter,47,0,0,2026-03-07 14:43:49.378,2026-03-07 14:43:49.378,,,false,
3c86d2cf-8b8d-4561-b18c-77a1ce878746,fb09a54a-d9fa-404d-986a-bf1ccb7d2287,,,chapter,168.5,0,0,2026-03-07 13:19:10.063,2026-03-07 13:19:10.063,,,false,
3c9cb409-e6ca-41a4-ba9b-7dfa690698d5,fd6ac307-0703-4168-8e6b-755812f44bae,,,chapter,46,0,0,2026-03-07 15:43:36.636,2026-03-07 15:43:36.636,,,false,
3ca87958-ddb5-4af3-986d-03fb2c78d182,a765dc53-3f13-4f00-a19b-aa2cb581c9dd,6eef4131-c168-4f89-a4a9-b2ddde5c4ab8,,chapter,105,0,0,2026-03-07 13:16:44.133,2026-03-07 13:16:44.133,,,false,
3cade22d-8347-4199-b72b-4b4b4e117688,a124c29b-236a-4dc5-9b03-290e082785d5,,,chapter,212,0,0,2026-03-07 14:14:36.764,2026-03-07 14:14:36.764,,,false,
3cc53eda-f16d-4132-b344-dfe2defe8bdb,5fc9a5b6-e624-46f0-a9bc-df01537b4907,,,chapter,199,0,0,2026-03-07 13:41:55.863,2026-03-07 13:41:55.863,,,false,
3cca9797-4238-49e7-ba6d-f3744a564c3f,50a5c422-6a50-4eb6-b173-111ffffc3d41,,,chapter,376,0,0,2026-03-07 15:44:05.598,2026-03-07 15:44:05.598,,,false,
3ccccc5b-5254-4d1a-84d3-333b4e158894,61829d6d-8dc1-411e-a3f8-2c26cb5606e8,,,chapter,27,0,0,2026-03-07 13:39:29.476,2026-03-07 13:39:29.476,,,false,
3ccdbaf9-b2d9-4931-96bd-8fb52348add7,50a5c422-6a50-4eb6-b173-111ffffc3d41,,,chapter,255,0,0,2026-03-07 14:39:58.566,2026-03-07 14:39:58.566,,,false,
3cce9fcc-0160-4b2d-9d7f-3187dcbb86f6,61aa237e-d5bd-4f55-b5fc-be9683abc2c8,,,chapter,61,0,0,2026-03-07 12:50:19.914,2026-03-07 12:50:19.914,,,false,
3cff4570-c1f8-49a1-9b17-603f3113d98c,50a5c422-6a50-4eb6-b173-111ffffc3d41,,,chapter,452,0,0,2026-03-07 15:58:40.426,2026-03-07 15:58:40.426,,,false,
3d29bc80-aa09-4741-8976-044fb5fd2a98,a124c29b-236a-4dc5-9b03-290e082785d5,,,chapter,152,0,0,2026-03-07 13:10:58.776,2026-03-07 13:10:58.776,,,false,
3d685f6a-919c-469e-912e-e71a46cba4a7,a765dc53-3f13-4f00-a19b-aa2cb581c9dd,125e398e-2559-43d7-bd43-9855cc3af7ea,,chapter,253,0,0,2026-03-07 15:28:52.557,2026-03-07 15:28:52.557,,,false,
3d7e5b40-3923-4083-a21a-bea0ec91d929,5fc9a5b6-e624-46f0-a9bc-df01537b4907,,,chapter,203,0,0,2026-03-07 13:57:38.653,2026-03-07 13:57:38.653,,,false,
3dadbfbf-f6c8-4351-8913-78f4104a5ca9,9be38f57-61b3-48fb-b053-984d2a423bd8,,,chapter,27.5,0,0,2026-03-07 12:59:13.429,2026-03-07 12:59:13.429,,,false,
3dbfba67-1689-4744-935c-b8f701767707,5fc9a5b6-e624-46f0-a9bc-df01537b4907,,,chapter,17,0,0,2026-03-07 13:05:00.69,2026-03-07 13:05:00.69,,,false,
3dc21b05-f31c-4f84-8a52-e3d3b8fe331e,5fc9a5b6-e624-46f0-a9bc-df01537b4907,,,chapter,115,0,0,2026-03-07 12:15:20.186,2026-03-07 12:15:20.186,,,false,
3ddd174b-23d0-4c6f-b4b7-af04b1b7bbbb,61829d6d-8dc1-411e-a3f8-2c26cb5606e8,,,chapter,114,0,0,2026-03-07 12:29:54.719,2026-03-07 12:29:54.719,,,false,
3dfa77d2-f387-4ab9-9291-e6df46817ce5,90be6fb3-9dcb-4cd1-8b2b-695e44ccc453,,,chapter,114,0,0,2026-03-07 12:39:16.249,2026-03-07 12:39:16.249,,,false,
3dfc6c47-d23f-4a08-8a3d-17fac774a636,61aa237e-d5bd-4f55-b5fc-be9683abc2c8,,,chapter,46,0,0,2026-03-07 12:33:23.374,2026-03-07 12:33:23.374,,,false,
3dfd420d-f22b-407b-9e2f-663a74c70974,86ecbec7-1381-43fa-9f0b-701e37d40083,,,chapter,11,0,0,2026-03-07 12:08:42.835,2026-03-07 12:08:42.835,,,false,
3e164afd-0753-4965-8300-4cd32cbc462c,fb09a54a-d9fa-404d-986a-bf1ccb7d2287,,,chapter,144,0,0,2026-03-07 13:00:50.797,2026-03-07 13:00:50.797,,,false,
3e413803-3026-4e49-9fe0-33791e792431,d7ade2ee-4851-453d-95e7-3887ef041e80,,,chapter,33,0,0,2026-03-07 12:45:53.736,2026-03-07 12:45:53.736,,,false,
3e45d4d1-153b-41a5-adc1-29ca684ec52c,a765dc53-3f13-4f00-a19b-aa2cb581c9dd,125e398e-2559-43d7-bd43-9855cc3af7ea,,chapter,145,0,0,2026-03-07 14:08:19.455,2026-03-07 14:08:19.455,,,false,
3e50cab2-25c2-4fa9-a719-7f6fd7623d1e,fb09a54a-d9fa-404d-986a-bf1ccb7d2287,,,chapter,272.1,0,0,2026-03-07 15:04:06.131,2026-03-07 15:04:06.131,,,false,
3e5f4b8c-a7e0-4144-ac59-84e46fb384c3,a765dc53-3f13-4f00-a19b-aa2cb581c9dd,6eef4131-c168-4f89-a4a9-b2ddde5c4ab8,,chapter,146,0,0,2026-03-07 14:06:34.52,2026-03-07 14:06:34.52,,,false,
3e8d8b60-0133-4f87-8c16-f0a1fba227b8,d7ade2ee-4851-453d-95e7-3887ef041e80,,,chapter,61.1,0,0,2026-03-07 13:20:07.978,2026-03-07 13:20:07.978,,,false,
3ea16a26-8f48-428d-bb34-6f1423cfc23b,50a5c422-6a50-4eb6-b173-111ffffc3d41,,,chapter,326,0,0,2026-03-07 15:27:22.578,2026-03-07 15:27:22.578,,,false,
3ebfa255-da3d-4ec9-af01-530af70e47ee,af8258f2-06f0-4bde-a687-0b55a69cb2c0,,,chapter,80,0,0,2026-03-07 13:25:49.44,2026-03-07 13:25:49.44,,,false,
3ee0a736-e98b-4596-9d4a-556124bbfb04,9be38f57-61b3-48fb-b053-984d2a423bd8,,,chapter,76,0,0,2026-03-07 14:05:13.816,2026-03-07 14:05:13.816,,,false,
3eebdf16-e2e2-4932-8aa0-f578530d7379,fd6ac307-0703-4168-8e6b-755812f44bae,,,chapter,401,0,0,2026-03-07 15:43:17.462,2026-03-07 15:43:17.462,,,false,
3efa5008-8abd-4559-8257-16eb11185560,fb09a54a-d9fa-404d-986a-bf1ccb7d2287,,,chapter,84,0,0,2026-03-07 15:34:40.884,2026-03-07 15:34:40.884,,,false,
3efcfcc3-4279-42ed-ba02-e3ed611df5ca,fb09a54a-d9fa-404d-986a-bf1ccb7d2287,,,chapter,261,0,0,2026-03-07 14:54:00.397,2026-03-07 14:54:00.397,,,false,
3f040946-e3d5-45c9-93fc-09be43f1e011,af8258f2-06f0-4bde-a687-0b55a69cb2c0,,,chapter,7,0,0,2026-03-07 13:07:58.102,2026-03-07 13:07:58.102,,,false,
3f05ada3-e99b-45ef-b97c-175bb4c9cf27,fd6ac307-0703-4168-8e6b-755812f44bae,,,chapter,369,0,0,2026-03-07 15:31:31.715,2026-03-07 15:31:31.715,,,false,
3f1a2628-af7f-41ed-b222-4ab7f6625a18,5fc9a5b6-e624-46f0-a9bc-df01537b4907,,,chapter,21,0,0,2026-03-07 13:58:07.865,2026-03-07 13:58:07.865,,,false,
3f1e9475-5490-4f24-8772-0b41a796ea3d,86ecbec7-1381-43fa-9f0b-701e37d40083,,,chapter,23,0,0,2026-03-07 12:41:26.465,2026-03-07 12:41:26.465,,,false,
3f2326f7-d44b-48bc-bab6-41cfb751734a,50a5c422-6a50-4eb6-b173-111ffffc3d41,,,chapter,33,0,0,2026-03-07 15:31:55.621,2026-03-07 15:31:55.621,,,false,
3f2b2bea-8314-43f7-b237-71856b0aed17,a124c29b-236a-4dc5-9b03-290e082785d5,,,chapter,36,0,0,2026-03-07 14:46:24.074,2026-03-07 14:46:24.074,,,false,
3f46804d-6c81-49df-aae3-8888aeff8c81,5fc9a5b6-e624-46f0-a9bc-df01537b4907,,,chapter,155,0,0,2026-03-07 12:48:50.722,2026-03-07 12:48:50.722,,,false,
3f536f68-143f-46e0-a07a-c97711462ec2,a124c29b-236a-4dc5-9b03-290e082785d5,,,chapter,139,0,0,2026-03-07 12:55:10.601,2026-03-07 12:55:10.601,,,false,
3f6cea51-0a52-48b5-9f19-8a29e129ceeb,a765dc53-3f13-4f00-a19b-aa2cb581c9dd,6eef4131-c168-4f89-a4a9-b2ddde5c4ab8,,chapter,134,0,0,2026-03-07 13:52:03.632,2026-03-07 13:52:03.632,,,false,
3faba5a9-f300-4e44-b29c-dfd5205d6245,af8258f2-06f0-4bde-a687-0b55a69cb2c0,,,chapter,46,0,0,2026-03-07 12:35:52.017,2026-03-07 12:35:52.017,,,false,
3fc3e68e-6389-4607-bb79-cdc81381c58a,9be38f57-61b3-48fb-b053-984d2a423bd8,,,chapter,2,0,0,2026-03-07 12:43:22.86,2026-03-07 12:43:22.86,,,false,
3fca825e-dbfa-46df-a48d-0a0835c72e1f,5fc9a5b6-e624-46f0-a9bc-df01537b4907,,,chapter,161,0,0,2026-03-07 13:04:16.772,2026-03-07 13:04:16.772,,,false,
3fe1bca0-8c45-4c21-8883-4cef35d878c1,a124c29b-236a-4dc5-9b03-290e082785d5,,,chapter,162,0,0,2026-03-07 13:29:03.811,2026-03-07 13:29:03.811,,,false,
3febbfb6-277b-42fa-b65c-d2cce5687e42,90be6fb3-9dcb-4cd1-8b2b-695e44ccc453,,,chapter,38,0,0,2026-03-07 14:27:52.326,2026-03-07 14:27:52.326,,,false,
4021933b-d6c9-4f39-a2cd-3c6908e20c77,61829d6d-8dc1-411e-a3f8-2c26cb5606e8,,,chapter,79,0,0,2026-03-07 14:23:01.355,2026-03-07 14:23:01.355,,,false,
40322beb-edd7-4073-b840-af009e15e90f,fd6ac307-0703-4168-8e6b-755812f44bae,,,chapter,122,0,0,2026-03-07 12:18:50.55,2026-03-07 12:18:50.55,,,false,
4041d4bc-22c6-4f05-b082-c0e3ef65e11c,fb09a54a-d9fa-404d-986a-bf1ccb7d2287,,,chapter,141,0,0,2026-03-07 13:00:18.178,2026-03-07 13:00:18.178,,,false,
404d3703-dc9c-437f-a7b6-c55f229fe7ca,50a5c422-6a50-4eb6-b173-111ffffc3d41,,,chapter,331,0,0,2026-03-07 15:32:00.679,2026-03-07 15:32:00.679,,,false,
40731534-580b-4246-b3f0-b5e262b31d0c,a124c29b-236a-4dc5-9b03-290e082785d5,,,chapter,55,0,0,2026-03-07 14:57:14.684,2026-03-07 14:57:14.684,,,false,
40812e18-7ab1-4c8c-a6b9-4ce58f7d39cd,a124c29b-236a-4dc5-9b03-290e082785d5,,,chapter,24,0,0,2026-03-07 14:37:08.964,2026-03-07 14:37:08.964,,,false,
409151f6-43d3-4479-b839-867e0fce9a14,a124c29b-236a-4dc5-9b03-290e082785d5,,,chapter,46,0,0,2026-03-07 14:47:10.124,2026-03-07 14:47:10.124,,,false,
409f57b1-3aa9-4c1e-9722-04996891e8b9,fd6ac307-0703-4168-8e6b-755812f44bae,,,chapter,39,0,0,2026-03-07 15:39:26.376,2026-03-07 15:39:26.376,,,false,
40c7e143-5c00-4160-9543-16f6cbb050a1,86ecbec7-1381-43fa-9f0b-701e37d40083,,,chapter,70,0,0,2026-03-07 13:48:24.604,2026-03-07 13:48:24.604,,,false,
40e42e21-229f-4c36-b1a8-1c1debca5e19,61829d6d-8dc1-411e-a3f8-2c26cb5606e8,,,chapter,86,0,0,2026-03-07 14:33:05.516,2026-03-07 14:33:05.516,,,false,
410938d6-42ec-44de-a5e3-a1a762036635,fb09a54a-d9fa-404d-986a-bf1ccb7d2287,,,chapter,162,0,0,2026-03-07 13:18:45.323,2026-03-07 13:18:45.323,,,false,
410ccb99-ee27-4b8d-a37f-ce30a96b9cf5,a765dc53-3f13-4f00-a19b-aa2cb581c9dd,6eef4131-c168-4f89-a4a9-b2ddde5c4ab8,,chapter,10,0,0,2026-03-07 13:16:17.868,2026-03-07 13:16:17.868,,,false,
411773fc-b6fa-44c2-8e4f-14808c8e2fd4,a765dc53-3f13-4f00-a19b-aa2cb581c9dd,125e398e-2559-43d7-bd43-9855cc3af7ea,,chapter,114,0,0,2026-03-07 13:36:02.025,2026-03-07 13:36:02.025,,,false,
4171bc23-111e-4e30-93df-994812d20479,90be6fb3-9dcb-4cd1-8b2b-695e44ccc453,,,chapter,13,0,0,2026-03-07 12:56:07.582,2026-03-07 12:56:07.582,,,false,
419befa2-7687-4c36-b635-accd95681f52,fd6ac307-0703-4168-8e6b-755812f44bae,,,chapter,7,0,0,2026-03-07 15:49:28.681,2026-03-07 15:49:28.681,,,false,
419f05ae-6f51-48cd-8fb6-8d2517410bcb,fb09a54a-d9fa-404d-986a-bf1ccb7d2287,,,chapter,181,0,0,2026-03-07 13:37:58.707,2026-03-07 13:37:58.707,,,false,
41bfc3de-9707-4a3d-aee5-b7f7c52f92b1,af8258f2-06f0-4bde-a687-0b55a69cb2c0,,,chapter,71,0,0,2026-03-07 13:08:14.023,2026-03-07 13:08:14.023,,,false,
41db5b07-e947-4ec7-874a-59dcd8afcef7,90be6fb3-9dcb-4cd1-8b2b-695e44ccc453,,,chapter,164,0,0,2026-03-07 13:30:58.88,2026-03-07 13:30:58.88,,,false,
41e5ed83-b3b1-4e6a-8867-3253692eda64,fb09a54a-d9fa-404d-986a-bf1ccb7d2287,,,chapter,165,0,0,2026-03-07 13:19:14.055,2026-03-07 13:19:14.055,,,false,
41e9c608-f957-485c-9e08-2c8c9c2b3afd,af8258f2-06f0-4bde-a687-0b55a69cb2c0,,,chapter,38,0,0,2026-03-07 12:35:20.284,2026-03-07 12:35:20.284,,,false,
41fe9205-32ff-4583-b7c3-a1d8b3bc6548,fb09a54a-d9fa-404d-986a-bf1ccb7d2287,,,chapter,260,0,0,2026-03-07 14:53:24.44,2026-03-07 14:53:24.44,,,false,
421af68d-8536-4c3a-815d-2a5861323727,fd6ac307-0703-4168-8e6b-755812f44bae,,,chapter,142,0,0,2026-03-07 12:50:25.582,2026-03-07 12:50:25.582,,,false,
4239554c-7ae4-400b-bd90-18dfe115fcb1,af8258f2-06f0-4bde-a687-0b55a69cb2c0,,,chapter,79,0,0,2026-03-07 13:08:52.211,2026-03-07 13:08:52.211,,,false,
4267360c-466a-42b3-8c11-6b49fb5704ea,a765dc53-3f13-4f00-a19b-aa2cb581c9dd,6eef4131-c168-4f89-a4a9-b2ddde5c4ab8,,chapter,127,0,0,2026-03-07 13:35:53.669,2026-03-07 13:35:53.669,,,false,
427e9261-6f32-4d50-bd38-f77caf8c00fc,50a5c422-6a50-4eb6-b173-111ffffc3d41,,,chapter,230,0,0,2026-03-07 14:28:05.175,2026-03-07 14:28:05.175,,,false,
42a3cc25-08d7-429f-8595-5e09419a2232,a765dc53-3f13-4f00-a19b-aa2cb581c9dd,6eef4131-c168-4f89-a4a9-b2ddde5c4ab8,,chapter,92,0,0,2026-03-07 15:27:46.423,2026-03-07 15:27:46.423,,,false,
42adc175-f876-496e-8e93-1af853ee1dcd,fb09a54a-d9fa-404d-986a-bf1ccb7d2287,,,chapter,113,0,0,2026-03-07 12:28:31.818,2026-03-07 12:28:31.818,,,false,
42aefb78-90c8-4503-99b2-54e5111285fb,d7ade2ee-4851-453d-95e7-3887ef041e80,,,chapter,90,0,0,2026-03-07 13:39:09.72,2026-03-07 13:39:09.72,,,false,
42cc0910-a6d3-47d8-be10-fe16666c9dd8,86ecbec7-1381-43fa-9f0b-701e37d40083,,,chapter,63,0,0,2026-03-07 13:32:00.272,2026-03-07 13:32:00.272,,,false,
42e59ea9-c0a8-4610-8af6-6189cc34a15d,a765dc53-3f13-4f00-a19b-aa2cb581c9dd,125e398e-2559-43d7-bd43-9855cc3af7ea,,chapter,10,0,0,2026-03-07 13:17:21.951,2026-03-07 13:17:21.951,,,false,
42fb5a75-44a0-4e3b-9ea8-eb4d5da2af1e,61829d6d-8dc1-411e-a3f8-2c26cb5606e8,,,chapter,132,0,0,2026-03-07 12:46:57.889,2026-03-07 12:46:57.889,,,false,
431786af-5996-4f03-b932-318e8d698cdd,fb09a54a-d9fa-404d-986a-bf1ccb7d2287,,,chapter,236,0,0,2026-03-07 14:32:18.346,2026-03-07 14:32:18.346,,,false,
43261a6a-d14a-4951-a746-997c4c231acb,a765dc53-3f13-4f00-a19b-aa2cb581c9dd,6eef4131-c168-4f89-a4a9-b2ddde5c4ab8,,chapter,37,0,0,2026-03-07 14:51:02.586,2026-03-07 14:51:02.586,,,false,
432e9a0f-5012-42b3-9460-fe331b83ff20,a765dc53-3f13-4f00-a19b-aa2cb581c9dd,125e398e-2559-43d7-bd43-9855cc3af7ea,,chapter,270,0,0,2026-03-07 15:33:35.828,2026-03-07 15:33:35.828,,,false,
4334171e-3dc6-4178-94de-e2c8cf1b4bab,9a20020d-7bea-4fe6-8c9a-40712bf9e882,,,chapter,80,0,0,2026-03-07 13:45:30.68,2026-03-07 13:45:30.68,,,false,
43360b85-5f3c-4634-b1dd-5c51bb7edecc,fb09a54a-d9fa-404d-986a-bf1ccb7d2287,,,chapter,59,0,0,2026-03-07 15:23:45.433,2026-03-07 15:23:45.433,,,false,
433a39f2-7e33-4e56-afb7-6d538c0231ad,50a5c422-6a50-4eb6-b173-111ffffc3d41,,,chapter,219,0,0,2026-03-07 14:16:49.387,2026-03-07 14:16:49.387,,,false,
433f0173-13ab-4426-8f8d-53cf4d2ee315,90be6fb3-9dcb-4cd1-8b2b-695e44ccc453,,,chapter,45,0,0,2026-03-07 14:38:42.187,2026-03-07 14:38:42.187,,,false,
4361eae3-8157-4a4b-bd5b-ca34371bbd5b,50a5c422-6a50-4eb6-b173-111ffffc3d41,,,chapter,128,0,0,2026-03-07 12:41:36.786,2026-03-07 12:41:36.786,,,false,
436c42bc-6458-4f12-9ee5-1d71d1ae9bcb,90be6fb3-9dcb-4cd1-8b2b-695e44ccc453,,,chapter,44,0,0,2026-03-07 14:38:37.623,2026-03-07 14:38:37.623,,,false,
437dfbcf-473d-42bf-9bef-4998362733c1,90be6fb3-9dcb-4cd1-8b2b-695e44ccc453,,,chapter,61.5,0,0,2026-03-07 14:48:18.972,2026-03-07 14:48:18.972,,,false,
438899f6-4734-4bcb-b140-0b1eea6a2341,5fc9a5b6-e624-46f0-a9bc-df01537b4907,,,chapter,116,0,0,2026-03-07 12:15:24.356,2026-03-07 12:15:24.356,,,false,
439ab58b-d48f-427f-84de-c8e234c36d05,50a5c422-6a50-4eb6-b173-111ffffc3d41,,,chapter,17,0,0,2026-03-07 13:14:45.466,2026-03-07 13:14:45.466,,,false,
43a58c0d-11a7-4e1b-82c5-ac970a09a24f,d7ade2ee-4851-453d-95e7-3887ef041e80,,,chapter,78,0,0,2026-03-07 13:38:03.544,2026-03-07 13:38:03.544,,,false,
43ab9550-21f4-4592-b1bd-f5381b240fb1,50a5c422-6a50-4eb6-b173-111ffffc3d41,,,chapter,513,0,0,2026-03-07 16:04:49.869,2026-03-07 16:04:49.869,,,false,
43c4b6f7-92f3-4431-adff-f3abef675c7c,50a5c422-6a50-4eb6-b173-111ffffc3d41,,,chapter,347,0,0,2026-03-07 15:36:43.746,2026-03-07 15:36:43.746,,,false,
43d75046-bf0e-4407-8ffa-29ef83616423,90be6fb3-9dcb-4cd1-8b2b-695e44ccc453,,,chapter,107,0,0,2026-03-07 12:24:48.599,2026-03-07 12:24:48.599,,,false,
43eb4f14-9961-4d3e-9f24-05eb2cbf5e1b,a765dc53-3f13-4f00-a19b-aa2cb581c9dd,6eef4131-c168-4f89-a4a9-b2ddde5c4ab8,,chapter,5,0,0,2026-03-07 15:00:38.242,2026-03-07 15:00:38.242,,,false,
44023ff3-0789-417e-bee1-2419e824ba10,61829d6d-8dc1-411e-a3f8-2c26cb5606e8,,,chapter,97,0,0,2026-03-07 14:34:01.67,2026-03-07 14:34:01.67,,,false,
440446cb-ea69-4570-b218-e759b7c8fa3d,fb09a54a-d9fa-404d-986a-bf1ccb7d2287,,,chapter,123,0,0,2026-03-07 12:29:22.251,2026-03-07 12:29:22.251,,,false,
4405874d-4b2d-4ab1-a78e-1d958e421e52,af8258f2-06f0-4bde-a687-0b55a69cb2c0,,,chapter,65,0,0,2026-03-07 13:07:40.054,2026-03-07 13:07:40.054,,,false,
442675ef-03ba-453d-9633-22b02c0338f6,90be6fb3-9dcb-4cd1-8b2b-695e44ccc453,,,chapter,28,0,0,2026-03-07 14:26:58.192,2026-03-07 14:26:58.192,,,false,
443e6472-6ac5-4e4d-bca9-bc100c949fa4,a124c29b-236a-4dc5-9b03-290e082785d5,,,chapter,77,0,0,2026-03-07 15:09:02.139,2026-03-07 15:09:02.139,,,false,
4451ced0-073a-4eeb-8a92-822f0f57e16c,fb09a54a-d9fa-404d-986a-bf1ccb7d2287,,,chapter,201,0,0,2026-03-07 14:09:09.114,2026-03-07 14:09:09.114,,,false,
4471eb36-026f-4aff-9fcb-c309d34271e4,90be6fb3-9dcb-4cd1-8b2b-695e44ccc453,,,chapter,191,0,0,2026-03-07 14:02:16.781,2026-03-07 14:02:16.781,,,false,
448544da-ace5-4e59-8b26-2db7c61a27aa,a765dc53-3f13-4f00-a19b-aa2cb581c9dd,125e398e-2559-43d7-bd43-9855cc3af7ea,,chapter,1,0,0,2026-03-07 13:17:25.802,2026-03-07 13:17:25.802,,,false,
448761e2-7284-4f3e-aa52-d518011bc33b,90be6fb3-9dcb-4cd1-8b2b-695e44ccc453,,,chapter,89,0,0,2026-03-07 15:10:09.523,2026-03-07 15:10:09.523,,,false,
44894a06-b955-4068-bee7-1fa31ff6eda2,86ecbec7-1381-43fa-9f0b-701e37d40083,,,chapter,74,0,0,2026-03-07 13:48:55.04,2026-03-07 13:48:55.04,,,false,
449b7ef5-0281-43cc-b702-4dba0194e9c4,61aa237e-d5bd-4f55-b5fc-be9683abc2c8,,,chapter,11,0,0,2026-03-07 12:04:21.651,2026-03-07 12:04:21.651,,,false,
44ad36bf-b17e-479b-bb67-0b97adc6e5ec,50a5c422-6a50-4eb6-b173-111ffffc3d41,,,chapter,332,0,0,2026-03-07 15:32:05.351,2026-03-07 15:32:05.351,,,false,
44bab0b7-aacc-42bc-94b0-b4771b4bc831,a765dc53-3f13-4f00-a19b-aa2cb581c9dd,6eef4131-c168-4f89-a4a9-b2ddde5c4ab8,,chapter,140,0,0,2026-03-07 13:52:34.229,2026-03-07 13:52:34.229,,,false,
44f5d383-b136-4a6c-8961-5bfca1c931fc,9be38f57-61b3-48fb-b053-984d2a423bd8,,,chapter,3,0,0,2026-03-07 12:59:38.947,2026-03-07 12:59:38.947,,,false,
45286aae-9062-4902-9533-cf7026d03b52,a765dc53-3f13-4f00-a19b-aa2cb581c9dd,125e398e-2559-43d7-bd43-9855cc3af7ea,,chapter,50,0,0,2026-03-07 15:52:01.049,2026-03-07 15:52:01.049,,,false,
452eaee7-84d4-40ca-9a15-aaa8c4258ced,9a20020d-7bea-4fe6-8c9a-40712bf9e882,,,chapter,94,0,0,2026-03-07 14:00:09.441,2026-03-07 14:00:09.441,,,false,
453deca1-2942-4ff9-8b80-e2a4600480d1,a765dc53-3f13-4f00-a19b-aa2cb581c9dd,6eef4131-c168-4f89-a4a9-b2ddde5c4ab8,,chapter,47.5,0,0,2026-03-07 14:52:00.487,2026-03-07 14:52:00.487,,,false,
45499425-851c-4ef7-b651-aba8f5aeef6a,86ecbec7-1381-43fa-9f0b-701e37d40083,,,chapter,16,0,0,2026-03-07 12:40:48.009,2026-03-07 12:40:48.009,,,false,
45575dae-4330-4c97-ba6d-2427c0d8f32d,a765dc53-3f13-4f00-a19b-aa2cb581c9dd,125e398e-2559-43d7-bd43-9855cc3af7ea,,chapter,93,0,0,2026-03-07 16:00:07.412,2026-03-07 16:00:07.412,,,false,
455bfd78-7eb8-494f-9bdd-612bb63510a0,61829d6d-8dc1-411e-a3f8-2c26cb5606e8,,,chapter,66,0,0,2026-03-07 14:10:47.796,2026-03-07 14:10:47.796,,,false,
456fefbb-268c-4659-b50e-ab6c8f7d4f29,a124c29b-236a-4dc5-9b03-290e082785d5,,,chapter,15,0,0,2026-03-07 13:10:32.52,2026-03-07 13:10:32.52,,,false,
457478cd-d01a-4260-9fb5-123d39f795c0,9a20020d-7bea-4fe6-8c9a-40712bf9e882,,,chapter,1,0,0,2026-03-07 12:21:25.015,2026-03-07 12:21:25.015,,,false,
45afe0a9-7caf-4ee8-b43c-cd3343bd3aed,5fc9a5b6-e624-46f0-a9bc-df01537b4907,,,chapter,107,0,0,2026-03-07 12:02:15.669,2026-03-07 12:02:15.669,,,false,
45b0f8ab-f785-426b-b808-6d94faa3d602,61829d6d-8dc1-411e-a3f8-2c26cb5606e8,,,chapter,19,0,0,2026-03-07 13:21:16.511,2026-03-07 13:21:16.511,,,false,
45b92acb-4cee-4bb3-829d-5b766f736939,a124c29b-236a-4dc5-9b03-290e082785d5,,,chapter,88,0,0,2026-03-07 15:18:03.755,2026-03-07 15:18:03.755,,,false,
45d11695-6555-47ee-8d04-51901434524a,61829d6d-8dc1-411e-a3f8-2c26cb5606e8,,,chapter,71,0,0,2026-03-07 14:22:23.733,2026-03-07 14:22:23.733,,,false,
45daaa8c-504d-465c-bb45-16420eeb652e,90be6fb3-9dcb-4cd1-8b2b-695e44ccc453,,,chapter,154,0,0,2026-03-07 13:12:16.858,2026-03-07 13:12:16.858,,,false,
45dde638-0bd8-47a5-9b1c-4fe1a50d6647,a124c29b-236a-4dc5-9b03-290e082785d5,,,chapter,219,0,0,2026-03-07 14:25:53.699,2026-03-07 14:25:53.699,,,false,
45e0999b-5d8f-46e7-8efe-79e75b1a0c16,86ecbec7-1381-43fa-9f0b-701e37d40083,,,chapter,97,0,0,2026-03-07 14:16:13.952,2026-03-07 14:16:13.952,,,false,
45e0e268-9fe0-4743-ac10-46896774031f,fd6ac307-0703-4168-8e6b-755812f44bae,,,chapter,6,0,0,2026-03-07 15:46:45.819,2026-03-07 15:46:45.819,,,false,
45ec7c92-23bd-418d-b6d5-aa9e555e24a9,fd6ac307-0703-4168-8e6b-755812f44bae,,,chapter,262,0,0,2026-03-07 14:24:55.526,2026-03-07 14:24:55.526,,,false,
45f89df2-b5a5-4170-b99b-5d2cafec32d7,90be6fb3-9dcb-4cd1-8b2b-695e44ccc453,,,chapter,40,0,0,2026-03-07 14:38:06.72,2026-03-07 14:38:06.72,,,false,
4650134e-5335-4804-a722-82224b250331,50a5c422-6a50-4eb6-b173-111ffffc3d41,,,chapter,89,0,0,2026-03-07 16:08:42.214,2026-03-07 16:08:42.214,,,false,
4660232f-fb11-4b30-b4d6-42bb60008fed,61aa237e-d5bd-4f55-b5fc-be9683abc2c8,,,chapter,84,0,0,2026-03-07 13:24:02.511,2026-03-07 13:24:02.511,,,false,
46653794-68c2-463a-a9d2-10c1d72b0637,9be38f57-61b3-48fb-b053-984d2a423bd8,,,chapter,87,0,0,2026-03-07 14:06:16.178,2026-03-07 14:06:16.178,,,false,
467186a4-0bab-4c23-8bee-7d9107fd205e,5fc9a5b6-e624-46f0-a9bc-df01537b4907,,,chapter,67,0,0,2026-03-07 14:54:43.574,2026-03-07 14:54:43.574,,,false,
4678a549-cd59-4b66-ae25-ba70c8812c49,5fc9a5b6-e624-46f0-a9bc-df01537b4907,,,chapter,160,0,0,2026-03-07 13:04:21.485,2026-03-07 13:04:21.485,,,false,
467c7306-85d4-48d4-8dae-a4a75091d1c8,a124c29b-236a-4dc5-9b03-290e082785d5,,,chapter,224,0,0,2026-03-07 14:26:33.923,2026-03-07 14:26:33.923,,,false,
46a6c62f-1630-44a4-8d5d-3a64880b8595,5fc9a5b6-e624-46f0-a9bc-df01537b4907,,,chapter,93,0,0,2026-03-07 15:15:36.225,2026-03-07 15:15:36.225,,,false,
46a8bcad-f67e-45b7-bd98-b94f675c2bc7,50a5c422-6a50-4eb6-b173-111ffffc3d41,,,chapter,237,0,0,2026-03-07 14:28:36.54,2026-03-07 14:28:36.54,,,false,
46ac58f1-8fe0-4630-8dd2-8bd6aa500cc6,50a5c422-6a50-4eb6-b173-111ffffc3d41,,,chapter,116,0,0,2026-03-07 12:26:16.558,2026-03-07 12:26:16.558,,,false,
46ac9b83-4b7c-4dbe-a54f-5f95912ac22d,5fc9a5b6-e624-46f0-a9bc-df01537b4907,,,chapter,131,0,0,2026-03-07 12:31:19.776,2026-03-07 12:31:19.776,,,false,
46bfe7bd-2397-4d29-9256-6f013c38df8d,50a5c422-6a50-4eb6-b173-111ffffc3d41,,,chapter,197,0,0,2026-03-07 13:50:16.717,2026-03-07 13:50:16.717,,,false,
46d37b8b-e352-418a-9248-92bb2c8a5aa9,61829d6d-8dc1-411e-a3f8-2c26cb5606e8,,,chapter,149,0,0,2026-03-07 13:03:09.895,2026-03-07 13:03:09.895,,,false,
46d55235-2341-42f9-b588-64c558157ce4,50a5c422-6a50-4eb6-b173-111ffffc3d41,,,chapter,54,0,0,2026-03-07 16:05:47.159,2026-03-07 16:05:47.159,,,false,
46ee9fb9-9420-476d-b895-89c35d49f89a,9a20020d-7bea-4fe6-8c9a-40712bf9e882,,,chapter,69,0,0,2026-03-07 13:27:54.036,2026-03-07 13:27:54.036,,,false,
46f07103-7399-4d58-9acd-43a0d101e793,5fc9a5b6-e624-46f0-a9bc-df01537b4907,,,chapter,204,0,0,2026-03-07 13:57:44.157,2026-03-07 13:57:44.157,,,false,
4710a3bc-424a-4a4e-9ed6-200713adde05,90be6fb3-9dcb-4cd1-8b2b-695e44ccc453,,,chapter,194,0,0,2026-03-07 14:02:21.297,2026-03-07 14:02:21.297,,,false,
4746b22f-6e69-4ab2-a5f0-92dca465ab5c,a765dc53-3f13-4f00-a19b-aa2cb581c9dd,125e398e-2559-43d7-bd43-9855cc3af7ea,,chapter,89,0,0,2026-03-07 15:59:46.826,2026-03-07 15:59:46.826,,,false,
47687d22-8fa9-49c7-ae63-e0f1f9d9cd9a,5fc9a5b6-e624-46f0-a9bc-df01537b4907,,,chapter,198,0,0,2026-03-07 13:41:45.419,2026-03-07 13:41:45.419,,,false,
4771c788-a2d1-4c7a-94f2-aa12313c5e10,a124c29b-236a-4dc5-9b03-290e082785d5,,,chapter,192,0,0,2026-03-07 14:01:03.036,2026-03-07 14:01:03.036,,,false,
47791bf6-5f95-4d5e-b232-b0b971fa3520,fb09a54a-d9fa-404d-986a-bf1ccb7d2287,,,chapter,15,0,0,2026-03-07 13:00:55.375,2026-03-07 13:00:55.375,,,false,
47a7f318-8a72-406d-a768-f89cebaa5930,a765dc53-3f13-4f00-a19b-aa2cb581c9dd,125e398e-2559-43d7-bd43-9855cc3af7ea,,chapter,313,0,0,2026-03-07 15:45:45.141,2026-03-07 15:45:45.141,,,false,
47ba1d22-fed3-484f-922b-40b95c21bc6c,fd6ac307-0703-4168-8e6b-755812f44bae,,,chapter,115,0,0,2026-03-07 12:18:12.781,2026-03-07 12:18:12.781,,,false,
47bff332-a747-4d49-bf48-4a954818886c,50a5c422-6a50-4eb6-b173-111ffffc3d41,,,chapter,281,0,0,2026-03-07 14:59:48.72,2026-03-07 14:59:48.72,,,false,
47cde2a7-c460-428e-932f-90332adc21b0,50a5c422-6a50-4eb6-b173-111ffffc3d41,,,chapter,108,0,0,2026-03-07 12:10:01.133,2026-03-07 12:10:01.133,,,false,
47e719f9-c7a3-4432-949f-54d9c6b8722e,fd6ac307-0703-4168-8e6b-755812f44bae,,,chapter,209,0,0,2026-03-07 13:58:30.983,2026-03-07 13:58:30.983,,,false,
47eb21f9-df15-4f60-a0e4-2c7a3c410567,fb09a54a-d9fa-404d-986a-bf1ccb7d2287,,,chapter,180,0,0,2026-03-07 13:37:54.459,2026-03-07 13:37:54.459,,,false,
47ee56b5-6830-4b40-884a-89f189ad24eb,b8e789e4-f33e-406b-9e1b-6639267faf7b,,,chapter,2,0,0,2026-03-07 12:03:11.346,2026-03-07 12:03:11.346,,,false,
47f93c63-f89f-425f-a533-3e6dadcd925c,61829d6d-8dc1-411e-a3f8-2c26cb5606e8,,,chapter,155,0,0,2026-03-07 13:03:38.109,2026-03-07 13:03:38.109,,,false,
4814b8c6-e0f7-4160-9165-2f9f796ace59,86ecbec7-1381-43fa-9f0b-701e37d40083,,,chapter,98,0,0,2026-03-07 14:16:17.995,2026-03-07 14:16:17.995,,,false,
482282ed-5914-488c-a07c-c7cee910e561,5fc9a5b6-e624-46f0-a9bc-df01537b4907,,,chapter,78,0,0,2026-03-07 15:04:39.055,2026-03-07 15:04:39.055,,,false,
48270054-3eb7-40af-bf6d-b731138a8463,fd6ac307-0703-4168-8e6b-755812f44bae,,,chapter,313,0,0,2026-03-07 15:06:03.193,2026-03-07 15:06:03.193,,,false,
482e5a55-858a-4dfd-8735-cbd146f2983e,a765dc53-3f13-4f00-a19b-aa2cb581c9dd,125e398e-2559-43d7-bd43-9855cc3af7ea,,chapter,199,0,0,2026-03-07 14:52:08.302,2026-03-07 14:52:08.302,,,false,
4864ca8d-a733-42ad-8f58-ae3b4ab75fa3,50a5c422-6a50-4eb6-b173-111ffffc3d41,,,chapter,122,0,0,2026-03-07 12:27:04.391,2026-03-07 12:27:04.391,,,false,
4878fa08-3eb3-4ca8-8e47-1d8c2ece599e,5fc9a5b6-e624-46f0-a9bc-df01537b4907,,,chapter,24,0,0,2026-03-07 14:23:54.415,2026-03-07 14:23:54.415,,,false,
48a1e44c-334a-480b-a6e8-04b8a0705f30,af8258f2-06f0-4bde-a687-0b55a69cb2c0,,,chapter,9,1,0,2026-03-07 13:26:48.53,2026-03-07 13:26:48.53,,,false,
48ab86d1-b578-4174-a730-b48a1ce5e19d,50a5c422-6a50-4eb6-b173-111ffffc3d41,,,chapter,443,0,0,2026-03-07 15:57:02.884,2026-03-07 15:57:02.884,,,false,
48ae7662-5664-40e6-9695-efad0605089c,a765dc53-3f13-4f00-a19b-aa2cb581c9dd,125e398e-2559-43d7-bd43-9855cc3af7ea,,chapter,305,0,0,2026-03-07 15:45:16.427,2026-03-07 15:45:16.427,,,false,
48b7f7f6-6105-4c4b-9f25-2e151c0a52dd,fb09a54a-d9fa-404d-986a-bf1ccb7d2287,,,chapter,75,0,0,2026-03-07 15:30:34.787,2026-03-07 15:30:34.787,,,false,
48c4f7dd-9a95-4731-a0f4-7cb8d754511e,d7ade2ee-4851-453d-95e7-3887ef041e80,,,chapter,2,0,0,2026-03-07 12:13:44.33,2026-03-07 12:13:44.33,,,false,
48d1f36b-8447-461e-8e1c-45643e087db7,fd6ac307-0703-4168-8e6b-755812f44bae,,,chapter,82,0,0,2026-03-07 15:52:30.762,2026-03-07 15:52:30.762,,,false,
495b9c41-de6a-4dc6-a8fa-62cd2b6e0d06,fb09a54a-d9fa-404d-986a-bf1ccb7d2287,,,chapter,176,0,0,2026-03-07 13:37:25.03,2026-03-07 13:37:25.03,,,false,
497ed8d9-c58c-4e50-a4e9-55cfbe0b70b4,fd6ac307-0703-4168-8e6b-755812f44bae,,,chapter,204,0,0,2026-03-07 13:44:00.692,2026-03-07 13:44:00.692,,,false,
498babab-7235-42f1-94b7-d1f1870a888f,5fc9a5b6-e624-46f0-a9bc-df01537b4907,,,chapter,188,0,0,2026-03-07 13:40:50.958,2026-03-07 13:40:50.958,,,false,
499891d2-c43e-4e37-903c-e4611c7b6615,61829d6d-8dc1-411e-a3f8-2c26cb5606e8,,,chapter,158,0,0,2026-03-07 13:20:43.533,2026-03-07 13:20:43.533,,,false,
499c4b9e-a9bf-40c2-95f9-b2f6c79d6d2d,d7ade2ee-4851-453d-95e7-3887ef041e80,,,chapter,19,0,0,2026-03-07 12:13:32.271,2026-03-07 12:13:32.271,,,false,
49be764a-0d25-49b8-936a-f465cdd63f68,9a20020d-7bea-4fe6-8c9a-40712bf9e882,,,chapter,58,0,0,2026-03-07 13:10:03.281,2026-03-07 13:10:03.281,,,false,
49d44db7-ed3c-4740-9be6-b02c562d16d7,a124c29b-236a-4dc5-9b03-290e082785d5,,,chapter,131,0,0,2026-03-07 12:54:43.498,2026-03-07 12:54:43.498,,,false,
49ee2202-b74d-4756-9b77-2c1afd377b55,50a5c422-6a50-4eb6-b173-111ffffc3d41,,,chapter,149,0,0,2026-03-07 12:58:34.526,2026-03-07 12:58:34.526,,,false,
4a0e4569-ce92-44ac-a18a-ea8f85a3c9f2,90be6fb3-9dcb-4cd1-8b2b-695e44ccc453,,,chapter,59.5,0,0,2026-03-07 14:47:57.402,2026-03-07 14:47:57.402,,,false,
4a18af39-c13f-4992-8f33-b8594ca13651,9be38f57-61b3-48fb-b053-984d2a423bd8,,,chapter,55,0,0,2026-03-07 13:33:57.18,2026-03-07 13:33:57.18,,,false,
4a23f219-7af8-4cf3-b969-11e2327dd0c5,50a5c422-6a50-4eb6-b173-111ffffc3d41,,,chapter,412,0,0,2026-03-07 15:51:05.254,2026-03-07 15:51:05.254,,,false,
4a36ed54-e839-43b7-8513-05e670cf64bc,fd6ac307-0703-4168-8e6b-755812f44bae,,,chapter,168,0,0,2026-03-07 13:07:12.497,2026-03-07 13:07:12.497,,,false,
4a3c6bf5-8ec9-44af-a97a-aac44a309b08,50a5c422-6a50-4eb6-b173-111ffffc3d41,,,chapter,273,0,0,2026-03-07 14:59:53.346,2026-03-07 14:59:53.346,,,false,
4a3f63f0-92b0-4199-b458-d7b39f246236,a124c29b-236a-4dc5-9b03-290e082785d5,,,chapter,223,0,0,2026-03-07 14:26:38.152,2026-03-07 14:26:38.152,,,false,
4a79f1a2-532c-4923-9903-9b5135acbfd8,a765dc53-3f13-4f00-a19b-aa2cb581c9dd,6eef4131-c168-4f89-a4a9-b2ddde5c4ab8,,chapter,79,0,0,2026-03-07 15:20:42.706,2026-03-07 15:20:42.706,,,false,
4a85a6a3-03b1-41c2-b6eb-5cb02de4a28e,fb09a54a-d9fa-404d-986a-bf1ccb7d2287,,,chapter,219,0,0,2026-03-07 14:21:35.356,2026-03-07 14:21:35.356,,,false,
4ad3e115-18dd-45fa-8ba2-510d43728564,50a5c422-6a50-4eb6-b173-111ffffc3d41,,,chapter,87,0,0,2026-03-07 16:08:27.612,2026-03-07 16:08:27.612,,,false,
4ad9708a-3454-4d31-a2a3-3bd4fc8fb37d,50a5c422-6a50-4eb6-b173-111ffffc3d41,,,chapter,179,0,0,2026-03-07 13:33:09.108,2026-03-07 13:33:09.108,,,false,
4afbf1fd-a04c-4e41-aec9-ca6c3c7b9321,fd6ac307-0703-4168-8e6b-755812f44bae,,,chapter,133,0,0,2026-03-07 12:34:09.496,2026-03-07 12:34:09.496,,,false,
4b2cc1ab-de6e-4397-9dd8-28e6b95fa1d2,a765dc53-3f13-4f00-a19b-aa2cb581c9dd,125e398e-2559-43d7-bd43-9855cc3af7ea,,chapter,74,0,0,2026-03-07 15:57:30.809,2026-03-07 15:57:30.809,,,false,
4b56f307-04d9-4e71-8d19-2d00e084e687,50a5c422-6a50-4eb6-b173-111ffffc3d41,,,chapter,520,0,0,2026-03-07 16:06:01.192,2026-03-07 16:06:01.192,,,false,
4b62f8d1-86bc-4d95-af5b-3ef898f5159d,a765dc53-3f13-4f00-a19b-aa2cb581c9dd,125e398e-2559-43d7-bd43-9855cc3af7ea,,chapter,203,0,0,2026-03-07 14:52:47.913,2026-03-07 14:52:47.913,,,false,
4bac083f-3c48-4aad-afb6-98ae1b28985d,61aa237e-d5bd-4f55-b5fc-be9683abc2c8,,,chapter,47,0,0,2026-03-07 12:33:34.918,2026-03-07 12:33:34.918,,,false,
4bb52e30-b353-4eaf-8112-ea330ca49f57,a124c29b-236a-4dc5-9b03-290e082785d5,,,chapter,79,0,0,2026-03-07 15:17:30.234,2026-03-07 15:17:30.234,,,false,
4bb79048-8b27-4ace-9617-d48cf36cfe8f,50a5c422-6a50-4eb6-b173-111ffffc3d41,,,chapter,394,0,0,2026-03-07 15:47:26.284,2026-03-07 15:47:26.284,,,false,
4bd8ae09-5c19-4148-9858-4c1f30db4b8e,5fc9a5b6-e624-46f0-a9bc-df01537b4907,,,chapter,232.5,0,0,2026-03-07 14:23:44.817,2026-03-07 14:23:44.817,,,false,
4bde72ee-04e0-4ad4-9270-df1c21f62677,a765dc53-3f13-4f00-a19b-aa2cb581c9dd,125e398e-2559-43d7-bd43-9855cc3af7ea,,chapter,36,0,0,2026-03-07 15:48:46.557,2026-03-07 15:48:46.557,,,false,
4c14847a-8700-4968-afe6-6af47bc59e48,90be6fb3-9dcb-4cd1-8b2b-695e44ccc453,,,chapter,70.5,0,0,2026-03-07 14:58:30.237,2026-03-07 14:58:30.237,,,false,
4c39b37f-c998-4c75-b3d2-b4d893ca9e56,a765dc53-3f13-4f00-a19b-aa2cb581c9dd,6eef4131-c168-4f89-a4a9-b2ddde5c4ab8,,chapter,173,0,0,2026-03-07 14:29:22.107,2026-03-07 14:29:22.107,,,false,
4c50ba8e-a43b-4621-9245-12eb2224c3f6,fb09a54a-d9fa-404d-986a-bf1ccb7d2287,,,chapter,223,0,0,2026-03-07 14:21:49.516,2026-03-07 14:21:49.516,,,false,
4c54ff38-5eca-47fb-ac89-10cfb983cab2,50a5c422-6a50-4eb6-b173-111ffffc3d41,,,chapter,352,0,0,2026-03-07 15:37:22.777,2026-03-07 15:37:22.777,,,false,
4c6732ec-872c-4cd2-adfa-2ce207ea80a6,a765dc53-3f13-4f00-a19b-aa2cb581c9dd,125e398e-2559-43d7-bd43-9855cc3af7ea,,chapter,6,0,0,2026-03-07 15:54:49.212,2026-03-07 15:54:49.212,,,false,
4c8ecd38-d6e9-4910-8c7e-5b3a650b00d2,90be6fb3-9dcb-4cd1-8b2b-695e44ccc453,,,chapter,203,0,0,2026-03-07 14:15:24.202,2026-03-07 14:15:24.202,,,false,
4c95f3e6-b838-4b48-898a-e4f4f95daa59,a765dc53-3f13-4f00-a19b-aa2cb581c9dd,125e398e-2559-43d7-bd43-9855cc3af7ea,,chapter,320,0,0,2026-03-07 15:48:26.787,2026-03-07 15:48:26.787,,,false,
4ca98e29-7d8d-4233-8719-c488a8b59aab,a765dc53-3f13-4f00-a19b-aa2cb581c9dd,125e398e-2559-43d7-bd43-9855cc3af7ea,,chapter,91,0,0,2026-03-07 15:59:59.45,2026-03-07 15:59:59.45,,,false,
4cab74ad-675f-43e5-aa88-d424871e034d,9be38f57-61b3-48fb-b053-984d2a423bd8,,,chapter,95,0,0,2026-03-07 14:18:02.863,2026-03-07 14:18:02.863,,,false,
4cac0346-9727-4004-9891-a9febbd6bc69,61aa237e-d5bd-4f55-b5fc-be9683abc2c8,,,chapter,99,0,0,2026-03-07 13:42:31.531,2026-03-07 13:42:31.531,,,false,
4cbc3478-bc0e-4030-a5d4-50ddee5db0f1,a124c29b-236a-4dc5-9b03-290e082785d5,,,chapter,32,0,0,2026-03-07 14:37:36.942,2026-03-07 14:37:36.942,,,false,
4cc7c4f0-9eb8-46b1-aaa2-d11619596cf0,fb09a54a-d9fa-404d-986a-bf1ccb7d2287,,,chapter,68,0,0,2026-03-07 15:29:49.473,2026-03-07 15:29:49.473,,,false,
4ccc12a9-6ffa-42b5-98ee-baef01ab26c4,61829d6d-8dc1-411e-a3f8-2c26cb5606e8,,,chapter,121,0,0,2026-03-07 12:30:17.41,2026-03-07 12:30:17.41,,,false,
4cda3e0c-d970-457c-980f-99beb57be39f,a765dc53-3f13-4f00-a19b-aa2cb581c9dd,125e398e-2559-43d7-bd43-9855cc3af7ea,,chapter,293.5,0,0,2026-03-07 15:41:59.296,2026-03-07 15:41:59.296,,,false,
4ce2d22b-1cb9-4228-8d78-0cef1631380d,fd6ac307-0703-4168-8e6b-755812f44bae,,,chapter,232,0,0,2026-03-07 13:59:37.968,2026-03-07 13:59:37.968,,,false,
4ce53cf5-9847-4a46-82c7-96f477eb3241,61829d6d-8dc1-411e-a3f8-2c26cb5606e8,,,chapter,139,0,0,2026-03-07 12:47:27.196,2026-03-07 12:47:27.196,,,false,
4cf22b2a-e8d2-44e6-ad8b-4e661a30a7bc,61829d6d-8dc1-411e-a3f8-2c26cb5606e8,,,chapter,29,0,0,2026-03-07 13:39:43.809,2026-03-07 13:39:43.809,,,false,
4cfd5f13-65a2-4c83-b97a-c331f6ba2b0e,50a5c422-6a50-4eb6-b173-111ffffc3d41,,,chapter,518,0,0,2026-03-07 16:05:19.182,2026-03-07 16:05:19.182,,,false,
4d0f3d43-97aa-411e-9c61-8b2bcdb18b4c,61aa237e-d5bd-4f55-b5fc-be9683abc2c8,,,chapter,41,0,0,2026-03-07 12:33:12.79,2026-03-07 12:33:12.79,,,false,
4d27c82c-b7da-447e-b34e-e4024dbd543c,fd6ac307-0703-4168-8e6b-755812f44bae,,,chapter,85,0,0,2026-03-07 15:52:42.848,2026-03-07 15:52:42.848,,,false,
4d2cc402-724e-4c25-be43-58b36fac3d33,5fc9a5b6-e624-46f0-a9bc-df01537b4907,,,chapter,134,0,0,2026-03-07 12:31:34.393,2026-03-07 12:31:34.393,,,false,
4d3457a2-67cd-40dc-8e43-a6ab345ec406,50a5c422-6a50-4eb6-b173-111ffffc3d41,,,chapter,448,0,0,2026-03-07 15:58:27.778,2026-03-07 15:58:27.778,,,false,
4d571177-47e1-4f12-b4b6-0c79ca1d17af,a765dc53-3f13-4f00-a19b-aa2cb581c9dd,125e398e-2559-43d7-bd43-9855cc3af7ea,,chapter,307,0,0,2026-03-07 15:45:23.561,2026-03-07 15:45:23.561,,,false,
4d6005f4-0c43-4ab6-9d68-d49add2a1bfb,a124c29b-236a-4dc5-9b03-290e082785d5,,,chapter,132,0,0,2026-03-07 12:54:34.58,2026-03-07 12:54:34.58,,,false,
4d6fd5d4-2ccf-41f8-97d9-89fa44b06d38,86ecbec7-1381-43fa-9f0b-701e37d40083,,,chapter,10,0,0,2026-03-07 12:07:58.292,2026-03-07 12:07:58.292,,,false,
4d79f115-62eb-48d0-bcf7-5c9ae3f888d0,9be38f57-61b3-48fb-b053-984d2a423bd8,,,chapter,91,0,0,2026-03-07 14:17:47.064,2026-03-07 14:17:47.064,,,false,
4d82a79b-4ce7-4b2e-b33b-4fec2d385711,50a5c422-6a50-4eb6-b173-111ffffc3d41,,,chapter,258,0,0,2026-03-07 14:48:44.879,2026-03-07 14:48:44.879,,,false,
4d9be789-92ed-4243-ad47-cf48a9bbb2f2,9a20020d-7bea-4fe6-8c9a-40712bf9e882,,,chapter,77,0,0,2026-03-07 13:44:47.632,2026-03-07 13:44:47.632,,,false,
4dd187ed-8d0b-4fb8-83b5-28d33b5e7b56,fd6ac307-0703-4168-8e6b-755812f44bae,,,chapter,105,0,0,2026-03-07 12:05:37.76,2026-03-07 12:05:37.76,,,false,
4decb157-7f3f-4fbd-95fb-897906d34282,a765dc53-3f13-4f00-a19b-aa2cb581c9dd,125e398e-2559-43d7-bd43-9855cc3af7ea,,chapter,13,0,0,2026-03-07 13:53:10.758,2026-03-07 13:53:10.758,,,false,
4e340750-d28a-4289-8954-c68e9689773f,a765dc53-3f13-4f00-a19b-aa2cb581c9dd,125e398e-2559-43d7-bd43-9855cc3af7ea,,chapter,204,0,0,2026-03-07 14:53:02.312,2026-03-07 14:53:02.312,,,false,
4e3e77bc-1b24-448d-9930-41dc2f5fafca,86ecbec7-1381-43fa-9f0b-701e37d40083,,,chapter,55,0,0,2026-03-07 13:31:54.2,2026-03-07 13:31:54.2,,,false,
4e501dbd-ee4d-463f-8202-b11da2e09627,a765dc53-3f13-4f00-a19b-aa2cb581c9dd,125e398e-2559-43d7-bd43-9855cc3af7ea,,chapter,279.5,0,0,2026-03-07 15:37:57.649,2026-03-07 15:37:57.649,,,false,
4e568b79-4647-4ca2-90d6-ae63e99fe402,90be6fb3-9dcb-4cd1-8b2b-695e44ccc453,,,chapter,104,0,0,2026-03-07 12:24:01.105,2026-03-07 12:24:01.105,,,false,
4e61482e-7c53-42d4-9915-bc47bf139d3c,50a5c422-6a50-4eb6-b173-111ffffc3d41,,,chapter,472,0,0,2026-03-07 16:01:14.025,2026-03-07 16:01:14.025,,,false,
4e62b6a8-20f6-4ca5-b961-4b0ee838e049,50a5c422-6a50-4eb6-b173-111ffffc3d41,,,chapter,66,0,0,2026-03-07 16:06:41.762,2026-03-07 16:06:41.762,,,false,
4e6648b6-11ba-4e34-b454-43891a14c9c9,86ecbec7-1381-43fa-9f0b-701e37d40083,,,chapter,119.5,0,0,2026-03-07 12:25:39.332,2026-03-07 12:25:39.332,,,false,
4e72ec46-9c3f-4538-86de-6fd97a777fdc,90be6fb3-9dcb-4cd1-8b2b-695e44ccc453,,,chapter,202,0,0,2026-03-07 14:15:10.28,2026-03-07 14:15:10.28,,,false,
4e7c1219-91e9-4757-b0a1-a1219c29d54c,9a20020d-7bea-4fe6-8c9a-40712bf9e882,,,chapter,9,0,0,2026-03-07 13:59:49.221,2026-03-07 13:59:49.221,,,false,
4f083e6c-bf20-423d-8bb8-00f7fd117337,a765dc53-3f13-4f00-a19b-aa2cb581c9dd,125e398e-2559-43d7-bd43-9855cc3af7ea,,chapter,170,0,0,2026-03-07 14:30:27.794,2026-03-07 14:30:27.794,,,false,
4f33d8f1-2877-4a4f-8e18-bc7bb990dcf5,5fc9a5b6-e624-46f0-a9bc-df01537b4907,,,chapter,28,0,0,2026-03-07 14:24:11.973,2026-03-07 14:24:11.973,,,false,
4f3aa64d-bc7a-4033-84bb-3085e9f107bb,af8258f2-06f0-4bde-a687-0b55a69cb2c0,,,chapter,12,0,0,2026-03-07 12:06:43.839,2026-03-07 12:06:43.839,,,false,
4f466fa9-5aa4-4c7e-9f76-5c47167f2d2c,5fc9a5b6-e624-46f0-a9bc-df01537b4907,,,chapter,119,0,0,2026-03-07 12:15:37.947,2026-03-07 12:15:37.947,,,false,
4f6179f0-0141-4dca-80fc-8d81f93ba193,5fc9a5b6-e624-46f0-a9bc-df01537b4907,,,chapter,81,0,0,2026-03-07 15:04:56.61,2026-03-07 15:04:56.61,,,false,
4f87bae0-3016-4f54-b499-5140a42193e4,fd6ac307-0703-4168-8e6b-755812f44bae,,,chapter,335,0,0,2026-03-07 15:16:53.539,2026-03-07 15:16:53.539,,,false,
4fa7682d-7766-4b09-9063-1fe57bb7ec8e,a765dc53-3f13-4f00-a19b-aa2cb581c9dd,125e398e-2559-43d7-bd43-9855cc3af7ea,,chapter,174,0,0,2026-03-07 14:30:42.136,2026-03-07 14:30:42.136,,,false,
4fd4992e-ea5d-4b6f-b668-95a57801d0aa,fd6ac307-0703-4168-8e6b-755812f44bae,,,chapter,37,0,0,2026-03-07 15:31:46.365,2026-03-07 15:31:46.365,,,false,
500d3e6d-69cc-4276-9e27-5e147d2138c9,50a5c422-6a50-4eb6-b173-111ffffc3d41,,,chapter,202,0,0,2026-03-07 14:04:15.746,2026-03-07 14:04:15.746,,,false,
50165ddb-a45a-4c06-aeb9-5c13bb652f23,90be6fb3-9dcb-4cd1-8b2b-695e44ccc453,,,chapter,132,0,0,2026-03-07 12:55:53.553,2026-03-07 12:55:53.553,,,false,
503553f8-f841-4939-97c4-11e932910e4b,fb09a54a-d9fa-404d-986a-bf1ccb7d2287,,,chapter,233,0,0,2026-03-07 14:32:03.767,2026-03-07 14:32:03.767,,,false,
505c07c6-99ee-49be-8202-6958d5f7f953,fd6ac307-0703-4168-8e6b-755812f44bae,,,chapter,274,0,0,2026-03-07 14:35:33.47,2026-03-07 14:35:33.47,,,false,
50870a06-7f74-4e0c-bb1a-d76a0909c721,fd6ac307-0703-4168-8e6b-755812f44bae,,,chapter,206,0,0,2026-03-07 13:43:47.553,2026-03-07 13:43:47.553,,,false,
508db821-bdaf-4747-a878-1cb12d0a1428,61aa237e-d5bd-4f55-b5fc-be9683abc2c8,,,chapter,27,0,0,2026-03-07 12:17:33.92,2026-03-07 12:17:33.92,,,false,
508f2da2-a183-4943-aba7-dab850045eb6,50a5c422-6a50-4eb6-b173-111ffffc3d41,,,chapter,243,0,0,2026-03-07 14:39:14.86,2026-03-07 14:39:14.86,,,false,
5091bb42-f258-4003-bf98-88f67d4d4607,a124c29b-236a-4dc5-9b03-290e082785d5,,,chapter,64,0,0,2026-03-07 15:06:52.243,2026-03-07 15:06:52.243,,,false,
50986366-f4b6-4871-bf8a-05fc115a6c48,a765dc53-3f13-4f00-a19b-aa2cb581c9dd,6eef4131-c168-4f89-a4a9-b2ddde5c4ab8,,chapter,23,0,0,2026-03-07 14:30:04.578,2026-03-07 14:30:04.578,,,false,
509b93c8-f6e4-4608-94c5-e776b2b207ef,fb09a54a-d9fa-404d-986a-bf1ccb7d2287,,,chapter,266,0,0,2026-03-07 14:54:14.207,2026-03-07 14:54:14.207,,,false,
51143b54-772d-4ef8-86e0-1c60348d03c9,fd6ac307-0703-4168-8e6b-755812f44bae,,,chapter,327,0,0,2026-03-07 15:06:44.108,2026-03-07 15:06:44.108,,,false,
511a40eb-f7ea-47cb-92d7-80dd5a897a4b,fd6ac307-0703-4168-8e6b-755812f44bae,,,chapter,65,0,0,2026-03-07 15:49:08.153,2026-03-07 15:49:08.153,,,false,
5141ed63-f389-407c-b4c1-a827a8a5f713,fb09a54a-d9fa-404d-986a-bf1ccb7d2287,,,chapter,50,0,0,2026-03-07 15:23:03.84,2026-03-07 15:23:03.84,,,false,
514d8ab4-b38e-4aca-b51a-0122a10d5b06,61829d6d-8dc1-411e-a3f8-2c26cb5606e8,,,chapter,99,0,0,2026-03-07 14:43:45.225,2026-03-07 14:43:45.225,,,false,
51a9c7cf-43ea-4be7-af2a-31b4515be37f,61aa237e-d5bd-4f55-b5fc-be9683abc2c8,,,chapter,83,0,0,2026-03-07 13:23:20.712,2026-03-07 13:23:20.712,,,false,
51bcf9e5-7658-4b56-9fb9-92152ac9352e,fd6ac307-0703-4168-8e6b-755812f44bae,,,chapter,280,0,0,2026-03-07 14:36:21.886,2026-03-07 14:36:21.886,,,false,
51d31529-7153-4df3-baea-f0037a57fbb4,fb09a54a-d9fa-404d-986a-bf1ccb7d2287,,,chapter,49,0,0,2026-03-07 15:22:54.455,2026-03-07 15:22:54.455,,,false,
51e29ee8-089f-4255-9fcd-74d0743b1989,a124c29b-236a-4dc5-9b03-290e082785d5,,,chapter,146,0,0,2026-03-07 13:10:37.167,2026-03-07 13:10:37.167,,,false,
51eda2b8-9615-4f8d-8324-f896c96d4c9f,61aa237e-d5bd-4f55-b5fc-be9683abc2c8,,,chapter,87,0,0,2026-03-07 13:24:26.133,2026-03-07 13:24:26.133,,,false,
51f48870-c398-4801-894d-2fc377fce9a0,fd6ac307-0703-4168-8e6b-755812f44bae,,,chapter,22,0,0,2026-03-07 13:59:01.309,2026-03-07 13:59:01.309,,,false,
5210b19f-d077-44ec-b00f-99098dcfe059,50a5c422-6a50-4eb6-b173-111ffffc3d41,,,chapter,299,0,0,2026-03-07 15:11:34.711,2026-03-07 15:11:34.711,,,false,
5218989a-0b86-4a5c-8af6-f71ac762e2a6,a765dc53-3f13-4f00-a19b-aa2cb581c9dd,6eef4131-c168-4f89-a4a9-b2ddde5c4ab8,,chapter,161,0,0,2026-03-07 14:18:41.332,2026-03-07 14:18:41.332,,,false,
522f6daf-e359-4cfc-b2d9-b55c3a076ca2,fd6ac307-0703-4168-8e6b-755812f44bae,,,chapter,172,0,0,2026-03-07 13:24:38.276,2026-03-07 13:24:38.276,,,false,
523a77f5-b69d-41b1-bc8b-befd9bfd1a72,5fc9a5b6-e624-46f0-a9bc-df01537b4907,,,chapter,64,0,0,2026-03-07 14:54:39.191,2026-03-07 14:54:39.191,,,false,
523e8460-3ab2-4550-9e5f-398d9ae2fe6a,af8258f2-06f0-4bde-a687-0b55a69cb2c0,,,chapter,74,0,0,2026-03-07 13:09:01.999,2026-03-07 13:09:01.999,,,false,
525e5dda-46b0-4bd3-97f2-c5fd3e260a5d,50a5c422-6a50-4eb6-b173-111ffffc3d41,,,chapter,233,0,0,2026-03-07 14:28:32.004,2026-03-07 14:28:32.004,,,false,
526463bf-bed7-44af-9eff-430fd54c5aa8,86ecbec7-1381-43fa-9f0b-701e37d40083,,,chapter,13,0,0,2026-03-07 12:40:53.332,2026-03-07 12:40:53.332,,,false,
5275dbf8-b035-4d67-adf0-2a26a325e4c9,a124c29b-236a-4dc5-9b03-290e082785d5,,,chapter,90,0,0,2026-03-07 15:18:22.737,2026-03-07 15:18:22.737,,,false,
52850805-ad5b-4940-9489-efa84b557365,5fc9a5b6-e624-46f0-a9bc-df01537b4907,,,chapter,182,0,0,2026-03-07 13:22:41.549,2026-03-07 13:22:41.549,,,false,
528f4c56-2fe5-4b84-9c30-916fcb50fbb5,a765dc53-3f13-4f00-a19b-aa2cb581c9dd,6eef4131-c168-4f89-a4a9-b2ddde5c4ab8,,chapter,101,0,0,2026-03-07 13:16:13.588,2026-03-07 13:16:13.588,,,false,
52a08db4-5ccc-4f92-9588-99a4ad2cf045,61829d6d-8dc1-411e-a3f8-2c26cb5606e8,,,chapter,52,0,0,2026-03-07 13:57:11.108,2026-03-07 13:57:11.108,,,false,
52b4da3d-7726-438d-a73f-c1fe964f8d10,61829d6d-8dc1-411e-a3f8-2c26cb5606e8,,,chapter,115,0,0,2026-03-07 12:29:58.982,2026-03-07 12:29:58.982,,,false,
52bc2d20-eb74-47ea-93d6-4b80e512fe8f,a765dc53-3f13-4f00-a19b-aa2cb581c9dd,125e398e-2559-43d7-bd43-9855cc3af7ea,,chapter,163,0,0,2026-03-07 14:20:24.609,2026-03-07 14:20:24.609,,,false,
52bd3925-5afb-40e6-8560-bcacde13902c,61aa237e-d5bd-4f55-b5fc-be9683abc2c8,,,chapter,34,0,0,2026-03-07 12:32:36.019,2026-03-07 12:32:36.019,,,false,
52e077cc-ba98-4de0-b7bd-1b6aade82f3e,61829d6d-8dc1-411e-a3f8-2c26cb5606e8,,,chapter,145,0,0,2026-03-07 13:02:53.701,2026-03-07 13:02:53.701,,,false,
530d6b29-efb9-4029-ad3e-90c8c5d576bf,fd6ac307-0703-4168-8e6b-755812f44bae,,,chapter,26,0,0,2026-03-07 14:24:42.849,2026-03-07 14:24:42.849,,,false,
531b7095-d185-44a1-9abe-6cc9d85b6c62,5fc9a5b6-e624-46f0-a9bc-df01537b4907,,,chapter,147,0,0,2026-03-07 12:48:09.057,2026-03-07 12:48:09.057,,,false,
5321240b-00e1-4317-ab10-08458490e0e1,5fc9a5b6-e624-46f0-a9bc-df01537b4907,,,chapter,178,0,0,2026-03-07 13:22:16.942,2026-03-07 13:22:16.942,,,false,
535ec252-e696-4aee-a25b-b8efb7e59610,61829d6d-8dc1-411e-a3f8-2c26cb5606e8,,,chapter,73,0,0,2026-03-07 14:22:33.475,2026-03-07 14:22:33.475,,,false,
5363cef7-2210-441a-bd3c-f2d67bd830d5,90be6fb3-9dcb-4cd1-8b2b-695e44ccc453,,,chapter,140,0,0,2026-03-07 13:11:25.532,2026-03-07 13:11:25.532,,,false,
538c8f37-7b48-4415-98de-7b9aba20614b,a124c29b-236a-4dc5-9b03-290e082785d5,,,chapter,128,0,0,2026-03-07 12:54:16.826,2026-03-07 12:54:16.826,,,false,
539581df-edc5-4f7a-a50c-7be8ff96163f,86ecbec7-1381-43fa-9f0b-701e37d40083,,,chapter,60,0,0,2026-03-07 13:32:11.23,2026-03-07 13:32:11.23,,,false,
539d24bf-e430-4437-9471-40bb5de5b62c,a124c29b-236a-4dc5-9b03-290e082785d5,,,chapter,123,0,0,2026-03-07 12:38:38.627,2026-03-07 12:38:38.627,,,false,
53bbf046-3be7-42b2-a90d-c85a7d64c963,5fc9a5b6-e624-46f0-a9bc-df01537b4907,,,chapter,37,0,0,2026-03-07 14:34:31.005,2026-03-07 14:34:31.005,,,false,
53c0c0cd-f9a2-4b99-ad7b-de99d7babbb2,9a20020d-7bea-4fe6-8c9a-40712bf9e882,,,chapter,12,0,0,2026-03-07 12:22:16.012,2026-03-07 12:22:16.012,,,false,
53c11413-e77a-41b0-b7c2-26e1904edc80,61829d6d-8dc1-411e-a3f8-2c26cb5606e8,,,chapter,60,0,0,2026-03-07 14:11:06.011,2026-03-07 14:11:06.011,,,false,
53d4a4c4-238d-4dd4-b98d-f8d4bbc50d27,fd6ac307-0703-4168-8e6b-755812f44bae,,,chapter,297,0,0,2026-03-07 14:46:06.54,2026-03-07 14:46:06.54,,,false,
54259152-c6fb-43c4-af21-7c587f2dd5f6,61829d6d-8dc1-411e-a3f8-2c26cb5606e8,,,chapter,3,0,0,2026-03-07 13:40:01.539,2026-03-07 13:40:01.539,,,false,
543220fa-cd20-4282-9d56-85bf8c5cd222,5fc9a5b6-e624-46f0-a9bc-df01537b4907,,,chapter,76,0,0,2026-03-07 15:04:29.923,2026-03-07 15:04:29.923,,,false,
5432d898-97a4-450a-bb03-b6c80da9fea2,d7ade2ee-4851-453d-95e7-3887ef041e80,,,chapter,59,0,0,2026-03-07 13:19:31.23,2026-03-07 13:19:31.23,,,false,
543dbb28-2662-4af8-8ec7-df577aded311,fb09a54a-d9fa-404d-986a-bf1ccb7d2287,,,chapter,203,0,0,2026-03-07 14:09:13.826,2026-03-07 14:09:13.826,,,false,
5463e22d-9bce-4665-bdaa-2ff142e9305a,fd6ac307-0703-4168-8e6b-755812f44bae,,,chapter,331,0,0,2026-03-07 15:16:34.233,2026-03-07 15:16:34.233,,,false,
54797624-7cd2-4ae7-ad4a-9cbac801571a,5fc9a5b6-e624-46f0-a9bc-df01537b4907,,,chapter,111,0,0,2026-03-07 12:02:38.461,2026-03-07 12:02:38.461,,,false,
54aa7605-14e3-4b21-a7dc-5db4318d8cf4,a765dc53-3f13-4f00-a19b-aa2cb581c9dd,6eef4131-c168-4f89-a4a9-b2ddde5c4ab8,,chapter,85,0,0,2026-03-07 15:21:10.533,2026-03-07 15:21:10.533,,,false,
54bf5fbf-7b51-46c3-9a45-993ea217725c,61829d6d-8dc1-411e-a3f8-2c26cb5606e8,,,chapter,104,0,0,2026-03-07 12:14:26.31,2026-03-07 12:14:26.31,,,false,
54bffda6-41ac-447e-9e79-e157d64f803e,5fc9a5b6-e624-46f0-a9bc-df01537b4907,,,chapter,211,0,0,2026-03-07 13:58:16.794,2026-03-07 13:58:16.794,,,false,
54e42d57-aafb-4b01-a670-2f3d29c3d908,fd6ac307-0703-4168-8e6b-755812f44bae,,,chapter,84,0,0,2026-03-07 15:52:34.794,2026-03-07 15:52:34.794,,,false,
550260c4-7f41-40ba-b43d-6a1cbf8f1bb3,fd6ac307-0703-4168-8e6b-755812f44bae,,,chapter,310,0,0,2026-03-07 14:56:26.945,2026-03-07 14:56:26.945,,,false,
550c7026-1dc6-40ec-9f1b-4031ee500de2,a765dc53-3f13-4f00-a19b-aa2cb581c9dd,125e398e-2559-43d7-bd43-9855cc3af7ea,,chapter,57,0,0,2026-03-07 15:54:40.483,2026-03-07 15:54:40.483,,,false,
551233ec-4e74-4991-891a-dd724768a045,fd6ac307-0703-4168-8e6b-755812f44bae,,,chapter,254,0,0,2026-03-07 14:24:38.435,2026-03-07 14:24:38.435,,,false,
552d35b0-4dbc-48fb-b6d1-324ae5f5b6b7,a765dc53-3f13-4f00-a19b-aa2cb581c9dd,125e398e-2559-43d7-bd43-9855cc3af7ea,,chapter,303,0,0,2026-03-07 15:45:09.023,2026-03-07 15:45:09.023,,,false,
55307506-e4f2-4ebc-888c-9223ba073e10,5fc9a5b6-e624-46f0-a9bc-df01537b4907,,,chapter,108,0,0,2026-03-07 12:02:20.704,2026-03-07 12:02:20.704,,,false,
554cf47c-0812-4952-8f8b-32f8e2c9fc74,a124c29b-236a-4dc5-9b03-290e082785d5,,,chapter,144,0,0,2026-03-07 13:10:24.009,2026-03-07 13:10:24.009,,,false,
555075ba-c3ed-4e93-ac56-a1a22b5c1010,a765dc53-3f13-4f00-a19b-aa2cb581c9dd,125e398e-2559-43d7-bd43-9855cc3af7ea,,chapter,318,0,0,2026-03-07 15:48:16.512,2026-03-07 15:48:16.512,,,false,
555874d0-6fc0-4903-9e78-0858cee5818d,a765dc53-3f13-4f00-a19b-aa2cb581c9dd,6eef4131-c168-4f89-a4a9-b2ddde5c4ab8,,chapter,94,0,0,2026-03-07 15:27:54.448,2026-03-07 15:27:54.448,,,false,
557a5d34-ba90-46b8-add4-0e0e0000f88c,fb09a54a-d9fa-404d-986a-bf1ccb7d2287,,,chapter,265,0,0,2026-03-07 14:53:55.613,2026-03-07 14:53:55.613,,,false,
559cadd1-a1b6-44e2-a222-af49f527444e,86ecbec7-1381-43fa-9f0b-701e37d40083,,,chapter,61,0,0,2026-03-07 13:32:17.256,2026-03-07 13:32:17.256,,,false,
559dcc66-46fa-4538-9d5a-94fed8e3308e,61aa237e-d5bd-4f55-b5fc-be9683abc2c8,,,chapter,20,0,0,2026-03-07 12:16:48.475,2026-03-07 12:16:48.475,,,false,
55d23132-01f9-4886-b7bb-08d03b2ce6b7,a765dc53-3f13-4f00-a19b-aa2cb581c9dd,125e398e-2559-43d7-bd43-9855cc3af7ea,,chapter,155,0,0,2026-03-07 14:19:42.061,2026-03-07 14:19:42.061,,,false,
55d74fef-3f46-4380-9255-9384a3ec0e44,a765dc53-3f13-4f00-a19b-aa2cb581c9dd,125e398e-2559-43d7-bd43-9855cc3af7ea,,chapter,223,0,0,2026-03-07 15:03:10.122,2026-03-07 15:03:10.122,,,false,
55da9086-7487-4fe1-8b22-747ffa20c9af,fd6ac307-0703-4168-8e6b-755812f44bae,,,chapter,148,0,0,2026-03-07 12:50:50.907,2026-03-07 12:50:50.907,,,false,
55e2e575-621e-49a1-9b24-53e36dbb82a8,50a5c422-6a50-4eb6-b173-111ffffc3d41,,,chapter,493,0,0,2026-03-07 16:03:05.134,2026-03-07 16:03:05.134,,,false,
5605b36c-afee-476a-8afa-c2af273a67d6,50a5c422-6a50-4eb6-b173-111ffffc3d41,,,chapter,94,0,0,2026-03-07 16:08:59.402,2026-03-07 16:08:59.402,,,false,
5639fc66-eb58-4b22-a82d-032e70d3408f,fd6ac307-0703-4168-8e6b-755812f44bae,,,chapter,320,0,0,2026-03-07 15:05:59.278,2026-03-07 15:05:59.278,,,false,
566c6499-bc57-4c84-9986-6a5bcbf065a4,d7ade2ee-4851-453d-95e7-3887ef041e80,,,chapter,83,0,0,2026-03-07 13:38:34.712,2026-03-07 13:38:34.712,,,false,
567257cd-7657-48ce-bb65-efc74a4cab6f,9be38f57-61b3-48fb-b053-984d2a423bd8,,,chapter,119,0,0,2026-03-07 12:27:50.712,2026-03-07 12:27:50.712,,,false,
567ae7c9-19e5-45b2-b621-72e6f8b3fa6a,a124c29b-236a-4dc5-9b03-290e082785d5,,,chapter,195,0,0,2026-03-07 14:01:16.252,2026-03-07 14:01:16.252,,,false,
567cbca7-0b95-4a87-9453-080e4c065fa0,61829d6d-8dc1-411e-a3f8-2c26cb5606e8,,,chapter,82,0,0,2026-03-07 14:23:19.968,2026-03-07 14:23:19.968,,,false,
56953721-0957-424d-80a7-2b849cd6f6fe,50a5c422-6a50-4eb6-b173-111ffffc3d41,,,chapter,369,0,0,2026-03-07 15:41:29.731,2026-03-07 15:41:29.731,,,false,
569bbb79-ddd3-4d83-bf3f-93158e575f23,9be38f57-61b3-48fb-b053-984d2a423bd8,,,chapter,31,0,0,2026-03-07 12:59:49.249,2026-03-07 12:59:49.249,,,false,
56b6b4e5-ed1c-4b5d-991b-2ccda937319f,fb09a54a-d9fa-404d-986a-bf1ccb7d2287,,,chapter,69,0,0,2026-03-07 15:29:58.579,2026-03-07 15:29:58.579,,,false,
56d8b604-cbec-494c-b42b-73c54af533c8,50a5c422-6a50-4eb6-b173-111ffffc3d41,,,chapter,256,0,0,2026-03-07 14:40:10.588,2026-03-07 14:40:10.588,,,false,
56e0bbf7-5ae4-4dca-b46d-abefb21918af,61aa237e-d5bd-4f55-b5fc-be9683abc2c8,,,chapter,53,0,0,2026-03-07 12:49:25.619,2026-03-07 12:49:25.619,,,false,
56f5119d-fda4-4f29-9f17-e58c312ababf,9be38f57-61b3-48fb-b053-984d2a423bd8,,,chapter,78,0,0,2026-03-07 14:05:36.292,2026-03-07 14:05:36.292,,,false,
57155f46-dddc-4081-9658-22c1ba1b93e6,a124c29b-236a-4dc5-9b03-290e082785d5,,,chapter,95,0,0,2026-03-07 15:26:27.091,2026-03-07 15:26:27.091,,,false,
57281778-5a99-4f6f-8d2b-1ce0a6c4007a,50a5c422-6a50-4eb6-b173-111ffffc3d41,,,chapter,242,0,0,2026-03-07 14:28:58.631,2026-03-07 14:28:58.631,,,false,
57288230-db30-44a7-81d2-b5f7ee9161c8,a765dc53-3f13-4f00-a19b-aa2cb581c9dd,125e398e-2559-43d7-bd43-9855cc3af7ea,,chapter,236,0,0,2026-03-07 15:13:51.119,2026-03-07 15:13:51.119,,,false,
57380adc-0103-45cf-bd24-65f157cb548c,61829d6d-8dc1-411e-a3f8-2c26cb5606e8,,,chapter,23,0,0,2026-03-07 13:21:28.59,2026-03-07 13:21:28.59,,,false,
573b13c1-71f2-4d87-8ed1-f8b2714c3c7d,a765dc53-3f13-4f00-a19b-aa2cb581c9dd,125e398e-2559-43d7-bd43-9855cc3af7ea,,chapter,281,0,0,2026-03-07 15:38:05.099,2026-03-07 15:38:05.099,,,false,
5756cf8d-1703-4fe4-8372-e14968830b43,5fc9a5b6-e624-46f0-a9bc-df01537b4907,,,chapter,14,0,0,2026-03-07 12:31:58.604,2026-03-07 12:31:58.604,,,false,
576b35ec-ece0-4c76-9c96-a047a73e5039,a765dc53-3f13-4f00-a19b-aa2cb581c9dd,6eef4131-c168-4f89-a4a9-b2ddde5c4ab8,,chapter,95,0,0,2026-03-07 15:27:58.598,2026-03-07 15:27:58.598,,,false,
57728268-8e7c-4a3b-92c4-a99a5a9b0bda,fd6ac307-0703-4168-8e6b-755812f44bae,,,chapter,326,0,0,2026-03-07 15:06:39.808,2026-03-07 15:06:39.808,,,false,
5774efcb-83ca-4d2c-9b9f-ab017098ee49,fd6ac307-0703-4168-8e6b-755812f44bae,,,chapter,144,0,0,2026-03-07 12:50:38.205,2026-03-07 12:50:38.205,,,false,
578eabac-8cf1-4b47-9ffd-3439ef4d2c3f,50a5c422-6a50-4eb6-b173-111ffffc3d41,,,chapter,366,0,0,2026-03-07 15:41:08.207,2026-03-07 15:41:08.207,,,false,
5792b0b1-d4ae-4797-b835-6fb6e4b0983e,61829d6d-8dc1-411e-a3f8-2c26cb5606e8,,,chapter,47,0,0,2026-03-07 13:56:43.035,2026-03-07 13:56:43.035,,,false,
579c70c7-4b09-419d-a77a-228c7c3bb696,fd6ac307-0703-4168-8e6b-755812f44bae,,,chapter,110,0,0,2026-03-07 12:06:09.003,2026-03-07 12:06:09.003,,,false,
57c3f40f-31fa-4d04-b9ff-da755b355e74,fd6ac307-0703-4168-8e6b-755812f44bae,,,chapter,16,0,0,2026-03-07 13:06:48.315,2026-03-07 13:06:48.315,,,false,
57ccf6e6-3084-48d7-a8cb-d8871b5bc815,fd6ac307-0703-4168-8e6b-755812f44bae,,,chapter,55,0,0,2026-03-07 15:46:21.51,2026-03-07 15:46:21.51,,,false,
57d88d67-54e8-439a-b646-8f42e8e649bd,fd6ac307-0703-4168-8e6b-755812f44bae,,,chapter,393,0,0,2026-03-07 15:39:53.463,2026-03-07 15:39:53.463,,,false,
57fb2132-31ae-43bf-9989-81854335e5a9,50a5c422-6a50-4eb6-b173-111ffffc3d41,,,chapter,1,0,0,2026-03-07 12:09:08.271,2026-03-07 12:09:08.271,,,false,
5806f4dd-8c98-492d-b7c3-fb61b09cf65b,fd6ac307-0703-4168-8e6b-755812f44bae,,,chapter,345,0,0,2026-03-07 15:24:09.048,2026-03-07 15:24:09.048,,,false,
581310b4-7757-4562-bc7e-f64a85425500,9be38f57-61b3-48fb-b053-984d2a423bd8,,,chapter,26,0,0,2026-03-07 12:59:26.418,2026-03-07 12:59:26.418,,,false,
581c8898-6dd8-4524-a641-e06e28da8cb4,a124c29b-236a-4dc5-9b03-290e082785d5,,,chapter,22,0,0,2026-03-07 14:25:58.243,2026-03-07 14:25:58.243,,,false,
582b11b7-011e-438d-ae54-8b25d37abc0a,af8258f2-06f0-4bde-a687-0b55a69cb2c0,,,chapter,28,0,0,2026-03-07 12:20:17.435,2026-03-07 12:20:17.435,,,false,
58376de2-c37e-49a9-b2db-db6464db1a4e,fb09a54a-d9fa-404d-986a-bf1ccb7d2287,,,chapter,152,0,0,2026-03-07 13:01:04.039,2026-03-07 13:01:04.039,,,false,
583c514a-364c-424e-863a-59710a53738f,a765dc53-3f13-4f00-a19b-aa2cb581c9dd,125e398e-2559-43d7-bd43-9855cc3af7ea,,chapter,124,0,0,2026-03-07 13:36:49.545,2026-03-07 13:36:49.545,,,false,
58424070-17ad-4d76-b13d-252f257ba8fe,af8258f2-06f0-4bde-a687-0b55a69cb2c0,,,chapter,37,0,0,2026-03-07 12:21:12.339,2026-03-07 12:21:12.339,,,false,
58426415-d3d0-48fb-ac21-b0723c47be2d,50a5c422-6a50-4eb6-b173-111ffffc3d41,,,chapter,180,0,0,2026-03-07 13:33:21.24,2026-03-07 13:33:21.24,,,false,
5853c68e-76ec-4400-a619-62c397aa1e66,fd6ac307-0703-4168-8e6b-755812f44bae,,,chapter,62,0,0,2026-03-07 15:46:50.038,2026-03-07 15:46:50.038,,,false,
58587953-9890-496c-b4e8-bbdcfbf17832,9a20020d-7bea-4fe6-8c9a-40712bf9e882,,,chapter,6,0,0,2026-03-07 13:27:16.801,2026-03-07 13:27:16.801,,,false,
58645ecc-abb1-40dc-b744-4ba2166dbd2a,a765dc53-3f13-4f00-a19b-aa2cb581c9dd,6eef4131-c168-4f89-a4a9-b2ddde5c4ab8,,chapter,64,0,0,2026-03-07 15:11:43.379,2026-03-07 15:11:43.379,,,false,
5865d51b-bd9b-4903-8d1f-78df192fa53b,a765dc53-3f13-4f00-a19b-aa2cb581c9dd,125e398e-2559-43d7-bd43-9855cc3af7ea,,chapter,126,0,0,2026-03-07 13:36:38.871,2026-03-07 13:36:38.871,,,false,
5878d206-49ec-4ab8-a769-bc3688fa5838,a765dc53-3f13-4f00-a19b-aa2cb581c9dd,6eef4131-c168-4f89-a4a9-b2ddde5c4ab8,,chapter,11,0,0,2026-03-07 13:17:15.186,2026-03-07 13:17:15.186,,,false,
58795f4f-df97-4dbd-957e-6f823d482dd0,a765dc53-3f13-4f00-a19b-aa2cb581c9dd,6eef4131-c168-4f89-a4a9-b2ddde5c4ab8,,chapter,158,0,0,2026-03-07 14:18:32.287,2026-03-07 14:18:32.287,,,false,
588048bd-a3b8-4406-a7f3-2ed1199401cb,a765dc53-3f13-4f00-a19b-aa2cb581c9dd,125e398e-2559-43d7-bd43-9855cc3af7ea,,chapter,261,0,0,2026-03-07 15:29:00.861,2026-03-07 15:29:00.861,,,false,
58a9fc53-9d08-4af2-a02d-3d22a1f78fa1,50a5c422-6a50-4eb6-b173-111ffffc3d41,,,chapter,42,0,0,2026-03-07 15:53:40.647,2026-03-07 15:53:40.647,,,false,
58db8afd-c188-4ecb-9410-5aea7686a53a,a765dc53-3f13-4f00-a19b-aa2cb581c9dd,125e398e-2559-43d7-bd43-9855cc3af7ea,,chapter,26,0,0,2026-03-07 15:28:48.264,2026-03-07 15:28:48.264,,,false,
58f5c138-724d-4304-9f6e-a558d450a7a5,d7ade2ee-4851-453d-95e7-3887ef041e80,,,chapter,82,0,0,2026-03-07 13:38:24.732,2026-03-07 13:38:24.732,,,false,
590feb44-21e4-4419-8e7a-c13d3f1cefbe,a765dc53-3f13-4f00-a19b-aa2cb581c9dd,125e398e-2559-43d7-bd43-9855cc3af7ea,,chapter,92,0,0,2026-03-07 16:00:03.325,2026-03-07 16:00:03.325,,,false,
5932ab5a-df7c-4846-8af6-9dcbdc848540,90be6fb3-9dcb-4cd1-8b2b-695e44ccc453,,,chapter,197,0,0,2026-03-07 14:02:39.554,2026-03-07 14:02:39.554,,,false,
593307a9-10b4-4a9f-af20-5d67dba45324,50a5c422-6a50-4eb6-b173-111ffffc3d41,,,chapter,450,0,0,2026-03-07 15:58:32.52,2026-03-07 15:58:32.52,,,false,
59454749-2b66-4d57-a777-4de3af1a2b01,50a5c422-6a50-4eb6-b173-111ffffc3d41,,,chapter,103,0,0,2026-03-07 12:09:26.79,2026-03-07 12:09:26.79,,,false,
59485246-6d54-44a7-b6de-849ee05d2ecd,5fc9a5b6-e624-46f0-a9bc-df01537b4907,,,chapter,227,0,0,2026-03-07 14:12:13.82,2026-03-07 14:12:13.82,,,false,
59716039-d0a7-4aa4-ab47-bcdc719f2007,5fc9a5b6-e624-46f0-a9bc-df01537b4907,,,chapter,84,0,0,2026-03-07 15:05:05.253,2026-03-07 15:05:05.253,,,false,
59832839-c230-4d7e-8247-a91e346d7667,fb09a54a-d9fa-404d-986a-bf1ccb7d2287,,,chapter,230,0,0,2026-03-07 14:32:41.639,2026-03-07 14:32:41.639,,,false,
598e83bd-0964-4488-84bc-652079330a4c,fd6ac307-0703-4168-8e6b-755812f44bae,,,chapter,87,0,0,2026-03-07 15:52:51.195,2026-03-07 15:52:51.195,,,false,
59a34c51-5c19-48b7-a383-653f12226d13,a765dc53-3f13-4f00-a19b-aa2cb581c9dd,6eef4131-c168-4f89-a4a9-b2ddde5c4ab8,,chapter,131,0,0,2026-03-07 13:51:59.33,2026-03-07 13:51:59.33,,,false,
59b0905f-993d-4f89-a98b-8ed7bb853322,a765dc53-3f13-4f00-a19b-aa2cb581c9dd,6eef4131-c168-4f89-a4a9-b2ddde5c4ab8,,chapter,78,0,0,2026-03-07 15:12:56.465,2026-03-07 15:12:56.465,,,false,
59b2ca90-8c46-401b-ad78-1e264fa3e0ef,fd6ac307-0703-4168-8e6b-755812f44bae,,,chapter,304,0,0,2026-03-07 14:56:04.767,2026-03-07 14:56:04.767,,,false,
59de7d72-1783-4253-8803-3ac54f00a301,a765dc53-3f13-4f00-a19b-aa2cb581c9dd,6eef4131-c168-4f89-a4a9-b2ddde5c4ab8,,chapter,74,0,0,2026-03-07 15:12:37.18,2026-03-07 15:12:37.18,,,false,
5a05da59-4fe1-40bf-b79c-0afab5d6638e,50a5c422-6a50-4eb6-b173-111ffffc3d41,,,chapter,316,0,0,2026-03-07 15:26:48.719,2026-03-07 15:26:48.719,,,false,
5a09942c-13b8-4757-8d7c-2f8b51c3f27f,86ecbec7-1381-43fa-9f0b-701e37d40083,,,chapter,31,0,0,2026-03-07 12:57:21.662,2026-03-07 12:57:21.662,,,false,
5a09d1df-3537-4c16-af6b-5147bee6fe2f,50a5c422-6a50-4eb6-b173-111ffffc3d41,,,chapter,124,0,0,2026-03-07 12:27:00.181,2026-03-07 12:27:00.181,,,false,
5a17a137-fff6-4f8c-b5e2-ca3fd9fd9596,90be6fb3-9dcb-4cd1-8b2b-695e44ccc453,,,chapter,75,0,0,2026-03-07 14:59:02.706,2026-03-07 14:59:02.706,,,false,
5a1ca32b-5f76-42b0-b44f-f4f9ae174b2a,fd6ac307-0703-4168-8e6b-755812f44bae,,,chapter,79,0,0,2026-03-07 15:50:14.43,2026-03-07 15:50:14.43,,,false,
5a2e151c-694a-4c2a-a99f-da449573d187,5fc9a5b6-e624-46f0-a9bc-df01537b4907,,,chapter,169,0,0,2026-03-07 13:04:56.364,2026-03-07 13:04:56.364,,,false,
5a2e73c0-5297-4c2c-9a1a-1d94015789e8,9a20020d-7bea-4fe6-8c9a-40712bf9e882,,,chapter,53,0,0,2026-03-07 13:09:46.68,2026-03-07 13:09:46.68,,,false,
5a3c33e7-1adf-403f-8fb4-f9d52942e78e,a765dc53-3f13-4f00-a19b-aa2cb581c9dd,125e398e-2559-43d7-bd43-9855cc3af7ea,,chapter,39,0,0,2026-03-07 15:49:00.974,2026-03-07 15:49:00.974,,,false,
5a53ba90-a400-4fb1-b11d-09e540c6751d,90be6fb3-9dcb-4cd1-8b2b-695e44ccc453,,,chapter,86,0,0,2026-03-07 15:09:55.475,2026-03-07 15:09:55.475,,,false,
5a609e4d-d314-4c4a-be3c-1cf7841fd2dc,90be6fb3-9dcb-4cd1-8b2b-695e44ccc453,,,chapter,12,0,0,2026-03-07 12:39:39.36,2026-03-07 12:39:39.36,,,false,
5a911af6-0311-4a80-8551-607494b14963,9be38f57-61b3-48fb-b053-984d2a423bd8,,,chapter,121,0,0,2026-03-07 12:27:41.252,2026-03-07 12:27:41.252,,,false,
5a9fe54d-d41c-4a6f-845e-9cee7e9e86fe,a124c29b-236a-4dc5-9b03-290e082785d5,,,chapter,187,0,0,2026-03-07 14:00:37.148,2026-03-07 14:00:37.148,,,false,
5adf6661-fa49-4e5c-a644-cea946a3d5e5,50a5c422-6a50-4eb6-b173-111ffffc3d41,,,chapter,30,0,0,2026-03-07 15:11:25.146,2026-03-07 15:11:25.146,,,false,
5b1539ca-f3fd-43a1-bca6-2abf7a231834,fb09a54a-d9fa-404d-986a-bf1ccb7d2287,,,chapter,166,0,0,2026-03-07 13:19:27.254,2026-03-07 13:19:27.254,,,false,
5b332aef-5795-430e-976b-b4ac16f2e33d,d7ade2ee-4851-453d-95e7-3887ef041e80,,,chapter,27,0,0,2026-03-07 12:45:13.417,2026-03-07 12:45:13.417,,,false,
5b5acdfd-782d-4fc4-a43d-8129d0ecb650,90be6fb3-9dcb-4cd1-8b2b-695e44ccc453,,,chapter,192,0,0,2026-03-07 14:02:34.949,2026-03-07 14:02:34.949,,,false,
5b659636-7ad6-4fb9-8128-2e76276dce4b,86ecbec7-1381-43fa-9f0b-701e37d40083,,,chapter,122.7,0,0,2026-03-07 12:40:21.284,2026-03-07 12:40:21.284,,,false,
5b830aa1-a60f-47e1-a8f3-6b5f258f6749,50a5c422-6a50-4eb6-b173-111ffffc3d41,,,chapter,280,0,0,2026-03-07 14:59:44.136,2026-03-07 14:59:44.136,,,false,
5b9a0be1-2d21-416e-bba0-2320591ee7e3,a765dc53-3f13-4f00-a19b-aa2cb581c9dd,125e398e-2559-43d7-bd43-9855cc3af7ea,,chapter,236.5,0,0,2026-03-07 15:13:47.112,2026-03-07 15:13:47.112,,,false,
5b9bff33-c3b5-433a-96c4-397bf326b6da,90be6fb3-9dcb-4cd1-8b2b-695e44ccc453,,,chapter,36,0,0,2026-03-07 14:27:25.436,2026-03-07 14:27:25.436,,,false,
5b9f4f92-51b7-4df1-8272-daca822e9150,50a5c422-6a50-4eb6-b173-111ffffc3d41,,,chapter,97,0,0,2026-03-07 16:09:24.889,2026-03-07 16:09:24.889,,,false,
5ba1ac0d-81f2-4d93-8582-72142f2d0cef,90be6fb3-9dcb-4cd1-8b2b-695e44ccc453,,,chapter,69,0,0,2026-03-07 14:58:14.925,2026-03-07 14:58:14.925,,,false,
5ba22b68-a2e7-4380-9efc-393055199ece,61aa237e-d5bd-4f55-b5fc-be9683abc2c8,,,chapter,90,0,0,2026-03-07 13:24:08.305,2026-03-07 13:24:08.305,,,false,
5bb53488-1fb6-4717-b9f6-9f30f30ec462,50a5c422-6a50-4eb6-b173-111ffffc3d41,,,chapter,115,0,0,2026-03-07 12:26:12.566,2026-03-07 12:26:12.566,,,false,
5bc3797b-f410-4ce2-93da-c8a58ae52659,9a20020d-7bea-4fe6-8c9a-40712bf9e882,,,chapter,11,0,0,2026-03-07 12:22:11.746,2026-03-07 12:22:11.746,,,false,
5beffa62-d52d-410c-8f52-b15731150b1c,fd6ac307-0703-4168-8e6b-755812f44bae,,,chapter,243,0,0,2026-03-07 14:12:46.371,2026-03-07 14:12:46.371,,,false,
5c0c9626-fd8d-4349-bf2f-3d038e34afde,9be38f57-61b3-48fb-b053-984d2a423bd8,,,chapter,85,0,0,2026-03-07 14:06:02.857,2026-03-07 14:06:02.857,,,false,
5c0e80f8-28c7-4560-8508-6b7f5a5e8593,90be6fb3-9dcb-4cd1-8b2b-695e44ccc453,,,chapter,71,0,0,2026-03-07 14:58:34.704,2026-03-07 14:58:34.704,,,false,
5c1ca583-efe1-4e33-8937-d745a4f82245,a765dc53-3f13-4f00-a19b-aa2cb581c9dd,125e398e-2559-43d7-bd43-9855cc3af7ea,,chapter,33,0,0,2026-03-07 15:48:30.924,2026-03-07 15:48:30.924,,,false,
5c40569c-4a54-4188-9867-c04824692cdc,fd6ac307-0703-4168-8e6b-755812f44bae,,,chapter,137,0,0,2026-03-07 12:34:17.417,2026-03-07 12:34:17.417,,,false,
5c407f9d-7a02-4f41-a281-3a36d386946e,fb09a54a-d9fa-404d-986a-bf1ccb7d2287,,,chapter,242,0,0,2026-03-07 14:42:37.22,2026-03-07 14:42:37.22,,,false,
5c4ec5e6-216b-4ac3-83a6-ccfec60379b2,a124c29b-236a-4dc5-9b03-290e082785d5,,,chapter,143,0,0,2026-03-07 13:10:19.612,2026-03-07 13:10:19.612,,,false,
5c508d49-efa9-4ad0-8369-50ce397b8d6c,9be38f57-61b3-48fb-b053-984d2a423bd8,,,chapter,127,0,0,2026-03-07 12:43:05.337,2026-03-07 12:43:05.337,,,false,
5c85bf28-858a-4636-ac53-0f9fdfbee52d,90be6fb3-9dcb-4cd1-8b2b-695e44ccc453,,,chapter,204,0,0,2026-03-07 14:15:19.256,2026-03-07 14:15:19.256,,,false,
5c97d75d-e6fd-4d14-a8b4-e5a7c431730c,a124c29b-236a-4dc5-9b03-290e082785d5,,,chapter,170,0,0,2026-03-07 13:29:38.028,2026-03-07 13:29:38.028,,,false,
5cace901-b711-42b3-8180-bca3f48f9545,a765dc53-3f13-4f00-a19b-aa2cb581c9dd,125e398e-2559-43d7-bd43-9855cc3af7ea,,chapter,310,0,0,2026-03-07 15:45:38.179,2026-03-07 15:45:38.179,,,false,
5cb16e8d-86e6-4ebf-b2ed-f6026d64920e,fd6ac307-0703-4168-8e6b-755812f44bae,,,chapter,397,0,0,2026-03-07 15:40:02.533,2026-03-07 15:40:02.533,,,false,
5cbd6769-4ac7-4113-b26a-89556c5a57e7,61aa237e-d5bd-4f55-b5fc-be9683abc2c8,,,chapter,4,0,0,2026-03-07 12:32:41.427,2026-03-07 12:32:41.427,,,false,
5d0f7205-5be3-41c3-8b9a-9d6a1a766719,a124c29b-236a-4dc5-9b03-290e082785d5,,,chapter,127,0,0,2026-03-07 12:39:01.975,2026-03-07 12:39:01.975,,,false,
5d1f8931-1501-47d4-a5ae-220d6f79e870,fd6ac307-0703-4168-8e6b-755812f44bae,,,chapter,69,0,0,2026-03-07 15:49:24.808,2026-03-07 15:49:24.808,,,false,
5d65e968-f80b-4ba3-981e-ccb1ea0b56f8,50a5c422-6a50-4eb6-b173-111ffffc3d41,,,chapter,270,0,0,2026-03-07 14:49:40.559,2026-03-07 14:49:40.559,,,false,
5d73e660-bf2d-4056-95ef-6516b21387c5,50a5c422-6a50-4eb6-b173-111ffffc3d41,,,chapter,353,0,0,2026-03-07 15:37:10.034,2026-03-07 15:37:10.034,,,false,
5d936287-8391-4338-b4bf-76bafe71ba06,a765dc53-3f13-4f00-a19b-aa2cb581c9dd,6eef4131-c168-4f89-a4a9-b2ddde5c4ab8,,chapter,141,0,0,2026-03-07 13:52:43.853,2026-03-07 13:52:43.853,,,false,
5db6359f-d2ce-499f-86bc-cf998594fd29,a124c29b-236a-4dc5-9b03-290e082785d5,,,chapter,44,0,0,2026-03-07 14:47:04.748,2026-03-07 14:47:04.748,,,false,
5de78332-fc32-4d5e-9688-11c63c9660af,50a5c422-6a50-4eb6-b173-111ffffc3d41,,,chapter,83,0,0,2026-03-07 16:08:10.068,2026-03-07 16:08:10.068,,,false,
5e008d11-3768-499f-aecd-7f96b4515c7d,9be38f57-61b3-48fb-b053-984d2a423bd8,,,chapter,99,0,0,2026-03-07 14:18:22.437,2026-03-07 14:18:22.437,,,false,
5e0d0273-8e63-410f-b8ec-4ed5aa7c43c8,fd6ac307-0703-4168-8e6b-755812f44bae,,,chapter,373,0,0,2026-03-07 15:35:29.951,2026-03-07 15:35:29.951,,,false,
5e20a592-4bc7-4b93-88b3-2e8af32e4d1d,50a5c422-6a50-4eb6-b173-111ffffc3d41,,,chapter,382,0,0,2026-03-07 15:44:25.367,2026-03-07 15:44:25.367,,,false,
5e51cbc9-7cd1-402c-96d8-8ebc327729f4,a124c29b-236a-4dc5-9b03-290e082785d5,,,chapter,7,0,0,2026-03-07 15:08:23.827,2026-03-07 15:08:23.827,,,false,
5e5e43d1-0a03-41e3-a8c8-a7a4b7cff31d,a124c29b-236a-4dc5-9b03-290e082785d5,,,chapter,25,0,0,2026-03-07 14:36:59.107,2026-03-07 14:36:59.107,,,false,
5e66c157-8f0a-4cc9-9b40-d43fcde21a83,fd6ac307-0703-4168-8e6b-755812f44bae,,,chapter,210,0,0,2026-03-07 13:58:53.064,2026-03-07 13:58:53.064,,,false,
5e68967b-787f-4a03-9083-a832a19c4e77,fb09a54a-d9fa-404d-986a-bf1ccb7d2287,,,chapter,44,0,0,2026-03-07 15:14:57.763,2026-03-07 15:14:57.763,,,false,
5e76d0da-f6c5-4534-92ea-ce2514cc3eb8,90be6fb3-9dcb-4cd1-8b2b-695e44ccc453,,,chapter,39,0,0,2026-03-07 14:27:43.489,2026-03-07 14:27:43.489,,,false,
5e9c3477-d43a-4de9-b857-326211220525,86ecbec7-1381-43fa-9f0b-701e37d40083,,,chapter,77,0,0,2026-03-07 13:49:06.711,2026-03-07 13:49:06.711,,,false,
5ecbf092-12c3-4733-b655-928bcaac91c7,fd6ac307-0703-4168-8e6b-755812f44bae,,,chapter,309,0,0,2026-03-07 14:56:43.165,2026-03-07 14:56:43.165,,,false,
5f23fc8d-e239-4040-b59b-199704c1fd5e,a765dc53-3f13-4f00-a19b-aa2cb581c9dd,125e398e-2559-43d7-bd43-9855cc3af7ea,,chapter,182,0,0,2026-03-07 14:31:13.29,2026-03-07 14:31:13.29,,,false,
5f53472e-305f-4a02-ad8d-26c0ff9f7a55,a765dc53-3f13-4f00-a19b-aa2cb581c9dd,125e398e-2559-43d7-bd43-9855cc3af7ea,,chapter,16,0,0,2026-03-07 14:20:02.902,2026-03-07 14:20:02.902,,,false,
5f63461e-7996-46dd-9535-e1423ac85924,a765dc53-3f13-4f00-a19b-aa2cb581c9dd,125e398e-2559-43d7-bd43-9855cc3af7ea,,chapter,290,0,0,2026-03-07 15:41:46.591,2026-03-07 15:41:46.591,,,false,
5f700bcd-f7ba-4098-811c-f1d2bfb09781,a765dc53-3f13-4f00-a19b-aa2cb581c9dd,6eef4131-c168-4f89-a4a9-b2ddde5c4ab8,,chapter,156,0,0,2026-03-07 14:07:30.094,2026-03-07 14:07:30.094,,,false,
5f785a1c-4da7-4999-b42f-9d21dd608120,fd6ac307-0703-4168-8e6b-755812f44bae,,,chapter,288,0,0,2026-03-07 14:45:10.825,2026-03-07 14:45:10.825,,,false,
5fca42e7-642a-4add-8183-e669c1a06096,fd6ac307-0703-4168-8e6b-755812f44bae,,,chapter,11,0,0,2026-03-07 12:06:02.259,2026-03-07 12:06:02.259,,,false,
5ff17f54-0a24-4588-8896-f9c869e83df1,5fc9a5b6-e624-46f0-a9bc-df01537b4907,,,chapter,63,0,0,2026-03-07 14:54:29.907,2026-03-07 14:54:29.907,,,false,
5ff4c557-fce8-4f63-a54a-b6703ad63f78,fd6ac307-0703-4168-8e6b-755812f44bae,,,chapter,147,0,0,2026-03-07 12:51:02.981,2026-03-07 12:51:02.981,,,false,
601f0360-db06-4bf3-9bff-842cf16f1cde,61829d6d-8dc1-411e-a3f8-2c26cb5606e8,,,chapter,65,0,0,2026-03-07 14:10:43.062,2026-03-07 14:10:43.062,,,false,
60697494-bd52-48a2-a574-73635c0ad067,fd6ac307-0703-4168-8e6b-755812f44bae,,,chapter,130,0,0,2026-03-07 12:33:53.654,2026-03-07 12:33:53.654,,,false,
60783142-09bd-4331-93ab-def18cc16e34,fd6ac307-0703-4168-8e6b-755812f44bae,,,chapter,378,0,0,2026-03-07 15:35:51.917,2026-03-07 15:35:51.917,,,false,
609afebc-7eb3-4868-8dd3-3dcc2cbe816c,5fc9a5b6-e624-46f0-a9bc-df01537b4907,,,chapter,117,0,0,2026-03-07 12:15:29.339,2026-03-07 12:15:29.339,,,false,
609b9a68-b700-4444-9aef-ec5b7c44df68,fd6ac307-0703-4168-8e6b-755812f44bae,,,chapter,400,0,0,2026-03-07 15:42:44.479,2026-03-07 15:42:44.479,,,false,
60a369cc-fa07-4309-8898-13deb79174b3,50a5c422-6a50-4eb6-b173-111ffffc3d41,,,chapter,445,0,0,2026-03-07 15:58:15.578,2026-03-07 15:58:15.578,,,false,
60a76f0d-2477-434f-924d-660eabb3c3c4,9be38f57-61b3-48fb-b053-984d2a423bd8,,,chapter,110,0,0,2026-03-07 12:11:23.169,2026-03-07 12:11:23.169,,,false,
60a80975-f3d0-4fdf-9ffb-8b7311deddc8,fb09a54a-d9fa-404d-986a-bf1ccb7d2287,,,chapter,83,0,0,2026-03-07 15:34:32.355,2026-03-07 15:34:32.355,,,false,
60a816b7-a482-4116-ae8c-0831721680cc,5fc9a5b6-e624-46f0-a9bc-df01537b4907,,,chapter,18,0,0,2026-03-07 13:22:28.741,2026-03-07 13:22:28.741,,,false,
60c657df-3272-4a4b-8724-f7966e1a4d69,50a5c422-6a50-4eb6-b173-111ffffc3d41,,,chapter,437,0,0,2026-03-07 15:56:21.069,2026-03-07 15:56:21.069,,,false,
60c67088-916b-4175-9269-ee457fc7802a,86ecbec7-1381-43fa-9f0b-701e37d40083,,,chapter,103,0,0,2026-03-07 12:08:11.184,2026-03-07 12:08:11.184,,,false,
60dd82bf-86eb-4489-8a74-737b4b3d979f,a765dc53-3f13-4f00-a19b-aa2cb581c9dd,125e398e-2559-43d7-bd43-9855cc3af7ea,,chapter,161,0,0,2026-03-07 14:20:11.877,2026-03-07 14:20:11.877,,,false,
60ff1cc8-1c7f-455c-92ab-255f9660a8b9,a765dc53-3f13-4f00-a19b-aa2cb581c9dd,6eef4131-c168-4f89-a4a9-b2ddde5c4ab8,,chapter,76,0,0,2026-03-07 15:12:51.624,2026-03-07 15:12:51.624,,,false,
610bff9d-9022-42c0-8bb0-01937ef5decc,a765dc53-3f13-4f00-a19b-aa2cb581c9dd,6eef4131-c168-4f89-a4a9-b2ddde5c4ab8,,chapter,63,0,0,2026-03-07 15:02:09.288,2026-03-07 15:02:09.288,,,false,
615d62dc-9b6f-4b32-8232-36753d7d8392,5fc9a5b6-e624-46f0-a9bc-df01537b4907,,,chapter,156,0,0,2026-03-07 12:48:54.904,2026-03-07 12:48:54.904,,,false,
61894af2-2ead-46ac-9ca6-864337dc2901,61829d6d-8dc1-411e-a3f8-2c26cb5606e8,,,chapter,69,0,0,2026-03-07 14:22:08.765,2026-03-07 14:22:08.765,,,false,
6198b6e0-0cc3-4fc9-aa45-97520727f649,b8e789e4-f33e-406b-9e1b-6639267faf7b,,,chapter,5,0,0,2026-03-07 12:03:02.973,2026-03-07 12:03:02.973,,,false,
61d22f8d-803e-4d94-ab7a-981f53759b09,a765dc53-3f13-4f00-a19b-aa2cb581c9dd,125e398e-2559-43d7-bd43-9855cc3af7ea,,chapter,142,0,0,2026-03-07 14:07:46.177,2026-03-07 14:07:46.177,,,false,
61e0af64-9677-448b-a9e1-9c649855a045,a765dc53-3f13-4f00-a19b-aa2cb581c9dd,125e398e-2559-43d7-bd43-9855cc3af7ea,,chapter,317,0,0,2026-03-07 15:48:12.657,2026-03-07 15:48:12.657,,,false,
620adfc9-130b-49d4-9bcd-8a30b28cfc4b,a124c29b-236a-4dc5-9b03-290e082785d5,,,chapter,186,0,0,2026-03-07 14:00:32.98,2026-03-07 14:00:32.98,,,false,
621be081-9a0e-426e-8866-77146317c77a,50a5c422-6a50-4eb6-b173-111ffffc3d41,,,chapter,429,0,0,2026-03-07 15:54:10.468,2026-03-07 15:54:10.468,,,false,
6226dc93-94ab-4c4c-8bdd-c40202652328,86ecbec7-1381-43fa-9f0b-701e37d40083,,,chapter,120,0,0,2026-03-07 12:25:27.523,2026-03-07 12:25:27.523,,,false,
6235e07e-a5d9-44df-b88a-4bde79661694,61aa237e-d5bd-4f55-b5fc-be9683abc2c8,,,chapter,16,0,0,2026-03-07 12:04:39.933,2026-03-07 12:04:39.933,,,false,
623bfdc5-a2e2-4d82-b3d9-ae08bc57ae79,9be38f57-61b3-48fb-b053-984d2a423bd8,,,chapter,33,0,0,2026-03-07 12:59:58.982,2026-03-07 12:59:58.982,,,false,
627ccda2-f4e4-4977-bb80-8dbfb2614082,a765dc53-3f13-4f00-a19b-aa2cb581c9dd,125e398e-2559-43d7-bd43-9855cc3af7ea,,chapter,268.5,0,0,2026-03-07 15:33:23.676,2026-03-07 15:33:23.676,,,false,
62862088-3458-4a68-975a-75b52a5ceea2,fd6ac307-0703-4168-8e6b-755812f44bae,,,chapter,93,0,0,2026-03-07 15:53:19.42,2026-03-07 15:53:19.42,,,false,
62886c60-db15-468e-988a-902b41a61f0e,9be38f57-61b3-48fb-b053-984d2a423bd8,,,chapter,109,0,0,2026-03-07 12:11:18.53,2026-03-07 12:11:18.53,,,false,
629ac57f-24c2-4707-a837-5e36bb83d830,61829d6d-8dc1-411e-a3f8-2c26cb5606e8,,,chapter,8,1,0,2026-03-07 14:23:06.235,2026-03-07 14:23:06.235,,,false,
629feb89-7e6b-4f7e-b4bb-1c5173c9929a,90be6fb3-9dcb-4cd1-8b2b-695e44ccc453,,,chapter,17,0,0,2026-03-07 13:47:05.302,2026-03-07 13:47:05.302,,,false,
62b0c784-ddb8-47ab-94f0-2349edc67c24,61829d6d-8dc1-411e-a3f8-2c26cb5606e8,,,chapter,101,0,0,2026-03-07 12:14:22.129,2026-03-07 12:14:22.129,,,false,
62b16470-5b20-48cd-afc4-0b987b4cb1d7,a124c29b-236a-4dc5-9b03-290e082785d5,,,chapter,30,0,0,2026-03-07 14:37:18.152,2026-03-07 14:37:18.152,,,false,
62e44f72-9964-49c9-a21e-bb8566eb8487,61829d6d-8dc1-411e-a3f8-2c26cb5606e8,,,chapter,110,0,0,2026-03-07 12:14:51.69,2026-03-07 12:14:51.69,,,false,
62e46845-b211-4888-b994-9a03a8b51c20,90be6fb3-9dcb-4cd1-8b2b-695e44ccc453,,,chapter,142,0,0,2026-03-07 13:11:37.746,2026-03-07 13:11:37.746,,,false,
630e83bd-17c3-4c8b-b08b-a19999af045a,fb09a54a-d9fa-404d-986a-bf1ccb7d2287,,,chapter,202,0,0,2026-03-07 14:08:55.129,2026-03-07 14:08:55.129,,,false,
630f92c9-e86c-4159-bfb0-362da5f49dcd,9be38f57-61b3-48fb-b053-984d2a423bd8,,,chapter,97,0,0,2026-03-07 14:18:12.548,2026-03-07 14:18:12.548,,,false,
631c6de9-f300-46b0-9540-19cd2a999bad,a124c29b-236a-4dc5-9b03-290e082785d5,,,chapter,18,0,0,2026-03-07 13:46:38.071,2026-03-07 13:46:38.071,,,false,
6325a534-7db9-4f2a-a09e-d539ee9f7975,fb09a54a-d9fa-404d-986a-bf1ccb7d2287,,,chapter,4,0,0,2026-03-07 15:14:30.674,2026-03-07 15:14:30.674,,,false,
6337925c-bac5-41d7-8927-2e018900067f,a765dc53-3f13-4f00-a19b-aa2cb581c9dd,125e398e-2559-43d7-bd43-9855cc3af7ea,,chapter,284,0,0,2026-03-07 15:38:16.257,2026-03-07 15:38:16.257,,,false,
633956a4-5a85-4e3a-8d50-aa0bb32e7a8a,fb09a54a-d9fa-404d-986a-bf1ccb7d2287,,,chapter,128,0,0,2026-03-07 12:44:01.389,2026-03-07 12:44:01.389,,,false,
63465adf-fbca-4545-9143-5f0a80f40dfd,a765dc53-3f13-4f00-a19b-aa2cb581c9dd,125e398e-2559-43d7-bd43-9855cc3af7ea,,chapter,77,0,0,2026-03-07 15:57:51.34,2026-03-07 15:57:51.34,,,false,
63638e11-00da-464f-8c06-41c587c3712a,a765dc53-3f13-4f00-a19b-aa2cb581c9dd,125e398e-2559-43d7-bd43-9855cc3af7ea,,chapter,308,0,0,2026-03-07 15:45:27.251,2026-03-07 15:45:27.251,,,false,
63647e90-9952-4ae7-8485-5760e2d28add,61aa237e-d5bd-4f55-b5fc-be9683abc2c8,,,chapter,42,0,0,2026-03-07 12:33:07.441,2026-03-07 12:33:07.441,,,false,
63b64320-c428-40f4-802e-09deb034f4be,9a20020d-7bea-4fe6-8c9a-40712bf9e882,,,chapter,57,0,0,2026-03-07 13:10:11.449,2026-03-07 13:10:11.449,,,false,
63be7980-d5c7-4145-a8f1-34006b2e2173,9a20020d-7bea-4fe6-8c9a-40712bf9e882,,,chapter,54,0,0,2026-03-07 13:10:07.379,2026-03-07 13:10:07.379,,,false,
63d851cf-87ac-4f67-961d-5db4e0920dd7,d7ade2ee-4851-453d-95e7-3887ef041e80,,,chapter,18.5,0,0,2026-03-07 12:13:36.702,2026-03-07 12:13:36.702,,,false,
640b5bc6-fa2b-449c-a68a-5b14bc02f0bd,a765dc53-3f13-4f00-a19b-aa2cb581c9dd,125e398e-2559-43d7-bd43-9855cc3af7ea,,chapter,172,0,0,2026-03-07 14:30:37.369,2026-03-07 14:30:37.369,,,false,
6412110e-2d91-4998-b53b-0074b9461f21,61829d6d-8dc1-411e-a3f8-2c26cb5606e8,,,chapter,92,0,0,2026-03-07 14:33:38.925,2026-03-07 14:33:38.925,,,false,
6414e685-cc6a-49e7-956d-1923e8dda4e8,a765dc53-3f13-4f00-a19b-aa2cb581c9dd,125e398e-2559-43d7-bd43-9855cc3af7ea,,chapter,235,0,0,2026-03-07 15:13:43.057,2026-03-07 15:13:43.057,,,false,
641b1cd5-f2fd-4b46-a192-4b76b19ea4ae,fd6ac307-0703-4168-8e6b-755812f44bae,,,chapter,136,0,0,2026-03-07 12:34:24.716,2026-03-07 12:34:24.716,,,false,
641c55c4-41e2-4876-979e-3cb2d10716ec,50a5c422-6a50-4eb6-b173-111ffffc3d41,,,chapter,160,0,0,2026-03-07 13:14:21.849,2026-03-07 13:14:21.849,,,false,
6422eb39-31db-4b12-8d05-cd2ae7cf6ef7,5fc9a5b6-e624-46f0-a9bc-df01537b4907,,,chapter,46,0,0,2026-03-07 14:35:20.32,2026-03-07 14:35:20.32,,,false,
64344841-a4ff-4b31-8f99-e5f6c62b46f2,fd6ac307-0703-4168-8e6b-755812f44bae,,,chapter,13,0,0,2026-03-07 12:33:45.611,2026-03-07 12:33:45.611,,,false,
644435a5-189e-4a78-bf31-e06cbb6089f5,a765dc53-3f13-4f00-a19b-aa2cb581c9dd,125e398e-2559-43d7-bd43-9855cc3af7ea,,chapter,267,0,0,2026-03-07 15:33:15.337,2026-03-07 15:33:15.337,,,false,
64493505-9892-44b0-ac39-d6b8d19be714,fb09a54a-d9fa-404d-986a-bf1ccb7d2287,,,chapter,130,0,0,2026-03-07 12:44:14.532,2026-03-07 12:44:14.532,,,false,
64552c02-ffac-4c94-a18b-13001e79a07b,fb09a54a-d9fa-404d-986a-bf1ccb7d2287,,,chapter,129,0,0,2026-03-07 12:44:05.868,2026-03-07 12:44:05.868,,,false,
64625081-c375-45fb-9191-5c05bf7244f7,50a5c422-6a50-4eb6-b173-111ffffc3d41,,,chapter,37,0,0,2026-03-07 15:41:21.119,2026-03-07 15:41:21.119,,,false,
646963c6-ae50-4920-b229-dd15c1796447,a124c29b-236a-4dc5-9b03-290e082785d5,,,chapter,42,0,0,2026-03-07 14:46:42.052,2026-03-07 14:46:42.052,,,false,
646c1477-16ce-4002-9f22-834538d976c8,90be6fb3-9dcb-4cd1-8b2b-695e44ccc453,,,chapter,129,0,0,2026-03-07 12:55:36.001,2026-03-07 12:55:36.001,,,false,
646c6d5e-1cda-4b7c-8c07-dd41ae590cac,50a5c422-6a50-4eb6-b173-111ffffc3d41,,,chapter,388,0,0,2026-03-07 15:47:06.313,2026-03-07 15:47:06.313,,,false,
64701db5-953f-427b-98af-7a3a2890065d,50a5c422-6a50-4eb6-b173-111ffffc3d41,,,chapter,319,0,0,2026-03-07 15:26:55.982,2026-03-07 15:26:55.982,,,false,
64746867-c60b-4a0f-920e-6baef9e7dace,fd6ac307-0703-4168-8e6b-755812f44bae,,,chapter,246,0,0,2026-03-07 14:12:42.092,2026-03-07 14:12:42.092,,,false,
648f60ff-a29d-4dd3-8d9e-c32b60a000f2,9be38f57-61b3-48fb-b053-984d2a423bd8,,,chapter,8,0,0,2026-03-07 14:05:31.604,2026-03-07 14:05:31.604,,,false,
64974af5-0a41-4135-b144-b323c4137e39,fd6ac307-0703-4168-8e6b-755812f44bae,,,chapter,9,0,0,2026-03-07 15:53:03.365,2026-03-07 15:53:03.365,,,false,
64d427b7-ee13-4f77-9b50-57e553c36ece,a124c29b-236a-4dc5-9b03-290e082785d5,,,chapter,214,0,0,2026-03-07 14:25:41.468,2026-03-07 14:25:41.468,,,false,
64f157c7-01b5-4f7c-bae4-bc0f60612784,d7ade2ee-4851-453d-95e7-3887ef041e80,,,chapter,29,0,0,2026-03-07 12:45:18.148,2026-03-07 12:45:18.148,,,false,
64f93a56-9312-4402-a471-c7a89bb2151d,50a5c422-6a50-4eb6-b173-111ffffc3d41,,,chapter,241,0,0,2026-03-07 14:28:45.339,2026-03-07 14:28:45.339,,,false,
65245f6d-f056-42a5-8bd1-2e8741326b47,90be6fb3-9dcb-4cd1-8b2b-695e44ccc453,,,chapter,133,0,0,2026-03-07 12:55:58.861,2026-03-07 12:55:58.861,,,false,
6524c50e-b800-46b6-992d-4fe690fc6270,a765dc53-3f13-4f00-a19b-aa2cb581c9dd,6eef4131-c168-4f89-a4a9-b2ddde5c4ab8,,chapter,163,0,0,2026-03-07 14:18:50.56,2026-03-07 14:18:50.56,,,false,
6541e78b-8815-47f8-96b3-78e31f281495,a765dc53-3f13-4f00-a19b-aa2cb581c9dd,125e398e-2559-43d7-bd43-9855cc3af7ea,,chapter,23,0,0,2026-03-07 15:13:13.227,2026-03-07 15:13:13.227,,,false,
657d3556-7d7e-4b77-bec4-55ff95eb520e,fd6ac307-0703-4168-8e6b-755812f44bae,,,chapter,362,0,0,2026-03-07 15:31:03.116,2026-03-07 15:31:03.116,,,false,
6585ea06-0df5-49b5-922c-355febce57e5,a765dc53-3f13-4f00-a19b-aa2cb581c9dd,125e398e-2559-43d7-bd43-9855cc3af7ea,,chapter,100,0,0,2026-03-07 13:17:29.968,2026-03-07 13:17:29.968,,,false,
65865a73-b12f-4196-9551-9a41fa380a56,86ecbec7-1381-43fa-9f0b-701e37d40083,,,chapter,4,4,0,2026-03-07 13:12:38.551,2026-03-07 13:12:38.551,,,false,
658b4dbd-e3a6-4cc4-b1e7-02ea4fa64bec,5fc9a5b6-e624-46f0-a9bc-df01537b4907,,,chapter,60,0,0,2026-03-07 14:45:01.653,2026-03-07 14:45:01.653,,,false,
65ab1b28-b66e-45c3-a84c-1dfb46f0f771,86ecbec7-1381-43fa-9f0b-701e37d40083,,,chapter,119.7,0,0,2026-03-07 12:25:35.523,2026-03-07 12:25:35.523,,,false,
65db64a2-eb7b-4c2b-bcf8-7977d500bbac,af8258f2-06f0-4bde-a687-0b55a69cb2c0,,,chapter,25,0,0,2026-03-07 12:20:06.116,2026-03-07 12:20:06.116,,,false,
65e4acba-fb30-4adb-8a2b-75201dbf673f,50a5c422-6a50-4eb6-b173-111ffffc3d41,,,chapter,16,0,0,2026-03-07 13:14:08.885,2026-03-07 13:14:08.885,,,false,
65f44f52-3a3e-4afb-8dac-aaa1f6c22672,50a5c422-6a50-4eb6-b173-111ffffc3d41,,,chapter,345,0,0,2026-03-07 15:36:31.147,2026-03-07 15:36:31.147,,,false,
661d60ae-4f87-476a-9b27-df69c124a79e,a765dc53-3f13-4f00-a19b-aa2cb581c9dd,6eef4131-c168-4f89-a4a9-b2ddde5c4ab8,,chapter,33,0,0,2026-03-07 14:41:01.196,2026-03-07 14:41:01.196,,,false,
66269d54-39ad-41b7-9dbc-b33277de1fc7,90be6fb3-9dcb-4cd1-8b2b-695e44ccc453,,,chapter,119,0,0,2026-03-07 12:39:35.015,2026-03-07 12:39:35.015,,,false,
6682942a-dcb1-4746-90bc-c96f2ccee1be,fb09a54a-d9fa-404d-986a-bf1ccb7d2287,,,chapter,158,0,0,2026-03-07 13:18:37.148,2026-03-07 13:18:37.148,,,false,
668bd804-2348-4e80-806f-bf5c7e5fca7f,5fc9a5b6-e624-46f0-a9bc-df01537b4907,,,chapter,110,0,0,2026-03-07 12:02:34.235,2026-03-07 12:02:34.235,,,false,
66d93259-f30c-4ba5-8de9-f0c0baa429a5,86ecbec7-1381-43fa-9f0b-701e37d40083,,,chapter,121,0,0,2026-03-07 12:25:31.546,2026-03-07 12:25:31.546,,,false,
67318121-7e26-4eff-a2f9-5ed1dd3b6844,a765dc53-3f13-4f00-a19b-aa2cb581c9dd,6eef4131-c168-4f89-a4a9-b2ddde5c4ab8,,chapter,65,0,0,2026-03-07 15:11:48.422,2026-03-07 15:11:48.422,,,false,
673745c5-b894-4c59-b623-ab158e4c4837,50a5c422-6a50-4eb6-b173-111ffffc3d41,,,chapter,183,0,0,2026-03-07 13:33:28.946,2026-03-07 13:33:28.946,,,false,
67395f44-4e3d-4067-a507-cd69c4f6eda9,9a20020d-7bea-4fe6-8c9a-40712bf9e882,,,chapter,4,0,0,2026-03-07 12:53:56.516,2026-03-07 12:53:56.516,,,false,
674388f4-3002-4005-9cf2-4f65cfe9bbd6,5fc9a5b6-e624-46f0-a9bc-df01537b4907,,,chapter,168,0,0,2026-03-07 13:04:51.714,2026-03-07 13:04:51.714,,,false,
6745c21d-89b4-41d2-8f84-66134584cb78,90be6fb3-9dcb-4cd1-8b2b-695e44ccc453,,,chapter,105,0,0,2026-03-07 12:24:09.472,2026-03-07 12:24:09.472,,,false,
67713b20-a1ab-4f6d-86c2-371a963a1c01,90be6fb3-9dcb-4cd1-8b2b-695e44ccc453,,,chapter,54,0,0,2026-03-07 14:47:34.836,2026-03-07 14:47:34.836,,,false,
678af1d9-5684-4341-8637-60c8c30be890,50a5c422-6a50-4eb6-b173-111ffffc3d41,,,chapter,52,0,0,2026-03-07 16:05:28.45,2026-03-07 16:05:28.45,,,false,
67a0813d-93a5-421f-a0d9-d4c30a3a75f3,a124c29b-236a-4dc5-9b03-290e082785d5,,,chapter,23,0,0,2026-03-07 14:36:54.367,2026-03-07 14:36:54.367,,,false,
67a5c1f8-3528-44a1-b662-8c85d8998386,61829d6d-8dc1-411e-a3f8-2c26cb5606e8,,,chapter,136,0,0,2026-03-07 12:47:11.351,2026-03-07 12:47:11.351,,,false,
67a94d4b-bb4a-48f6-b6e5-3e852289f785,5fc9a5b6-e624-46f0-a9bc-df01537b4907,,,chapter,50,0,0,2026-03-07 14:44:05.149,2026-03-07 14:44:05.149,,,false,
67c68fac-686f-48f5-b3e9-ceaaec516f2d,9be38f57-61b3-48fb-b053-984d2a423bd8,,,chapter,74,0,0,2026-03-07 13:51:32.626,2026-03-07 13:51:32.626,,,false,
67ce0e2e-7095-4a8f-b5fd-437d6e9b4075,a765dc53-3f13-4f00-a19b-aa2cb581c9dd,125e398e-2559-43d7-bd43-9855cc3af7ea,,chapter,263,0,0,2026-03-07 15:29:09.158,2026-03-07 15:29:09.158,,,false,
67d0e5f6-2e9c-4d6f-a618-5259e934c266,af8258f2-06f0-4bde-a687-0b55a69cb2c0,,,chapter,13,0,0,2026-03-07 12:06:37.95,2026-03-07 12:06:37.95,,,false,
67d97787-a96f-49c9-831c-3318381759cb,a765dc53-3f13-4f00-a19b-aa2cb581c9dd,125e398e-2559-43d7-bd43-9855cc3af7ea,,chapter,147,0,0,2026-03-07 14:08:11.003,2026-03-07 14:08:11.003,,,false,
67ecf4bc-d3a7-42c9-9bc2-2e839e409d28,50a5c422-6a50-4eb6-b173-111ffffc3d41,,,chapter,491,0,0,2026-03-07 16:03:00.843,2026-03-07 16:03:00.843,,,false,
67fe6e8f-1800-4610-8393-f89412e8f158,50a5c422-6a50-4eb6-b173-111ffffc3d41,,,chapter,244,0,0,2026-03-07 14:39:22.712,2026-03-07 14:39:22.712,,,false,
6806bab9-3975-484f-9c5a-028b0847ba57,a765dc53-3f13-4f00-a19b-aa2cb581c9dd,125e398e-2559-43d7-bd43-9855cc3af7ea,,chapter,208,0,0,2026-03-07 14:52:51.493,2026-03-07 14:52:51.493,,,false,
681ffe56-e71b-4ac8-a1d0-17e034f98470,90be6fb3-9dcb-4cd1-8b2b-695e44ccc453,,,chapter,77,0,0,2026-03-07 14:59:12.115,2026-03-07 14:59:12.115,,,false,
682c4b44-42bb-4c74-8232-b13d816dda39,a765dc53-3f13-4f00-a19b-aa2cb581c9dd,125e398e-2559-43d7-bd43-9855cc3af7ea,,chapter,219,0,0,2026-03-07 15:02:43.701,2026-03-07 15:02:43.701,,,false,
682c5579-ada1-48d6-866a-466e1717b2d6,a765dc53-3f13-4f00-a19b-aa2cb581c9dd,125e398e-2559-43d7-bd43-9855cc3af7ea,,chapter,278,0,0,2026-03-07 15:37:46.234,2026-03-07 15:37:46.234,,,false,
685aeb2d-b910-4333-88d2-6bac533a5f20,d7ade2ee-4851-453d-95e7-3887ef041e80,,,chapter,80,0,0,2026-03-07 13:38:14.113,2026-03-07 13:38:14.113,,,false,
68630644-1e24-40a1-aacb-dc22dba985a3,50a5c422-6a50-4eb6-b173-111ffffc3d41,,,chapter,48,0,0,2026-03-07 16:02:03.367,2026-03-07 16:02:03.367,,,false,
686cf0b0-e19b-48ed-82ef-e626db0e7f06,fd6ac307-0703-4168-8e6b-755812f44bae,,,chapter,255,0,0,2026-03-07 14:24:34.317,2026-03-07 14:24:34.317,,,false,
6871cb5f-0b66-42b1-b2c9-225f35c866cc,a765dc53-3f13-4f00-a19b-aa2cb581c9dd,6eef4131-c168-4f89-a4a9-b2ddde5c4ab8,,chapter,40,0,0,2026-03-07 14:50:44.873,2026-03-07 14:50:44.873,,,false,
68ab25ce-5c34-4025-9e30-a5747612e3e8,a765dc53-3f13-4f00-a19b-aa2cb581c9dd,125e398e-2559-43d7-bd43-9855cc3af7ea,,chapter,2,0,0,2026-03-07 14:52:12.117,2026-03-07 14:52:12.117,,,false,
68c4ff0f-e59b-4320-a8b6-e5929961dfbf,5fc9a5b6-e624-46f0-a9bc-df01537b4907,,,chapter,34,0,0,2026-03-07 14:34:11.172,2026-03-07 14:34:11.172,,,false,
68dafc40-ae01-4a2a-8358-11ebbe8ae83e,5fc9a5b6-e624-46f0-a9bc-df01537b4907,,,chapter,19,0,0,2026-03-07 13:41:01.038,2026-03-07 13:41:01.038,,,false,
68ea7a0b-2b43-46d4-a3a6-cfd3970c0d7c,a765dc53-3f13-4f00-a19b-aa2cb581c9dd,6eef4131-c168-4f89-a4a9-b2ddde5c4ab8,,chapter,157,0,0,2026-03-07 14:18:27.708,2026-03-07 14:18:27.708,,,false,
68ec959f-21d4-408e-981a-70cf6308985f,9be38f57-61b3-48fb-b053-984d2a423bd8,,,chapter,115,0,0,2026-03-07 12:27:17.357,2026-03-07 12:27:17.357,,,false,
69085d0d-cc10-4e52-b7fd-fc3fed41c19d,5fc9a5b6-e624-46f0-a9bc-df01537b4907,,,chapter,225,0,0,2026-03-07 14:12:05.097,2026-03-07 14:12:05.097,,,false,
690923eb-3544-470f-906e-d54aa5ddc6c3,fd6ac307-0703-4168-8e6b-755812f44bae,,,chapter,63,0,0,2026-03-07 15:47:02.3,2026-03-07 15:47:02.3,,,false,
690e3a38-6c88-49e7-acd4-a02efeee60fd,fd6ac307-0703-4168-8e6b-755812f44bae,,,chapter,384,0,0,2026-03-07 15:36:26.491,2026-03-07 15:36:26.491,,,false,
69189161-899f-4c35-a6db-543f0df607c8,61829d6d-8dc1-411e-a3f8-2c26cb5606e8,,,chapter,146,0,0,2026-03-07 13:03:13.937,2026-03-07 13:03:13.937,,,false,
692cba44-16a5-4d7c-9301-472bbeab69e1,61aa237e-d5bd-4f55-b5fc-be9683abc2c8,,,chapter,56,0,0,2026-03-07 12:49:47.32,2026-03-07 12:49:47.32,,,false,
695ecc48-ffd9-4a7c-9e88-e48e91d40baf,90be6fb3-9dcb-4cd1-8b2b-695e44ccc453,,,chapter,6,1,0,2026-03-07 14:48:01.231,2026-03-07 14:48:01.231,,,false,
69755a03-35d6-4999-8fca-759449915e35,d7ade2ee-4851-453d-95e7-3887ef041e80,,,chapter,47,0,0,2026-03-07 13:02:24.872,2026-03-07 13:02:24.872,,,false,
697f2185-146a-467c-a2c5-64c383f9590c,50a5c422-6a50-4eb6-b173-111ffffc3d41,,,chapter,267,0,0,2026-03-07 14:49:26.082,2026-03-07 14:49:26.082,,,false,
6987d23b-1530-4349-83b5-498d9515cd47,fb09a54a-d9fa-404d-986a-bf1ccb7d2287,,,chapter,32,0,0,2026-03-07 15:04:13.249,2026-03-07 15:04:13.249,,,false,
698d5d55-69a5-4d69-8360-01d0afbf18b7,50a5c422-6a50-4eb6-b173-111ffffc3d41,,,chapter,308,0,0,2026-03-07 15:20:30.047,2026-03-07 15:20:30.047,,,false,
6992d08c-8fd8-488f-8af9-2004b25bfc58,50a5c422-6a50-4eb6-b173-111ffffc3d41,,,chapter,91,0,0,2026-03-07 16:08:50.608,2026-03-07 16:08:50.608,,,false,
699591f7-7bb1-4681-8a42-2d8063fcf323,9be38f57-61b3-48fb-b053-984d2a423bd8,,,chapter,101,0,0,2026-03-07 12:10:44.635,2026-03-07 12:10:44.635,,,false,
6998d7f9-4c49-488f-b527-35f9cdea218a,fb09a54a-d9fa-404d-986a-bf1ccb7d2287,,,chapter,46,0,0,2026-03-07 15:15:11.36,2026-03-07 15:15:11.36,,,false,
69ad3685-3013-4771-aa0f-5c7b3161e0b8,a765dc53-3f13-4f00-a19b-aa2cb581c9dd,6eef4131-c168-4f89-a4a9-b2ddde5c4ab8,,chapter,67,0,0,2026-03-07 15:11:53.177,2026-03-07 15:11:53.177,,,false,
69c36614-f8f1-464e-94bc-8aea74917464,fd6ac307-0703-4168-8e6b-755812f44bae,,,chapter,279,0,0,2026-03-07 14:36:02.671,2026-03-07 14:36:02.671,,,false,
69cd88e1-4621-4dbf-9b52-b99c66c34f1c,a124c29b-236a-4dc5-9b03-290e082785d5,,,chapter,203,0,0,2026-03-07 14:14:23.187,2026-03-07 14:14:23.187,,,false,
69d321cf-0db7-4ab8-835c-6ba3f6dacdad,50a5c422-6a50-4eb6-b173-111ffffc3d41,,,chapter,171,0,0,2026-03-07 13:32:35.49,2026-03-07 13:32:35.49,,,false,
69e10a36-9943-49a3-8836-93058a4613c8,a765dc53-3f13-4f00-a19b-aa2cb581c9dd,6eef4131-c168-4f89-a4a9-b2ddde5c4ab8,,chapter,34,0,0,2026-03-07 14:41:05.706,2026-03-07 14:41:05.706,,,false,
69ea9bc0-f3a4-43de-a60b-9b0b9e917b78,a765dc53-3f13-4f00-a19b-aa2cb581c9dd,125e398e-2559-43d7-bd43-9855cc3af7ea,,chapter,271,0,0,2026-03-07 15:33:39.694,2026-03-07 15:33:39.694,,,false,
69ed4e9c-9b69-4e4a-89bf-4b3575ad698c,a765dc53-3f13-4f00-a19b-aa2cb581c9dd,125e398e-2559-43d7-bd43-9855cc3af7ea,,chapter,173.5,0,0,2026-03-07 14:30:55.593,2026-03-07 14:30:55.593,,,false,
69fbb56a-9596-400b-82e9-9150fcf4ae29,fd6ac307-0703-4168-8e6b-755812f44bae,,,chapter,212,0,0,2026-03-07 13:58:44.259,2026-03-07 13:58:44.259,,,false,
69fce3bb-bd2f-4678-8c07-f187f3b1a6a7,61829d6d-8dc1-411e-a3f8-2c26cb5606e8,,,chapter,157,0,0,2026-03-07 13:20:47.653,2026-03-07 13:20:47.653,,,false,
6a1520d8-a11c-43d6-a8c8-1c44dcaf1618,61829d6d-8dc1-411e-a3f8-2c26cb5606e8,,,chapter,148,0,0,2026-03-07 13:03:34.116,2026-03-07 13:03:34.116,,,false,
6a1c317f-3f70-4190-bd75-2c4e39674874,5fc9a5b6-e624-46f0-a9bc-df01537b4907,,,chapter,70,0,0,2026-03-07 14:55:06.125,2026-03-07 14:55:06.125,,,false,
6a6a9889-c766-43ec-9d74-0a5c11d250c1,fd6ac307-0703-4168-8e6b-755812f44bae,,,chapter,337,0,0,2026-03-07 15:17:16.424,2026-03-07 15:17:16.424,,,false,
6a73a403-3b41-4847-a48b-08965a1243ef,fb09a54a-d9fa-404d-986a-bf1ccb7d2287,,,chapter,57,0,0,2026-03-07 15:23:41.559,2026-03-07 15:23:41.559,,,false,
6a7b7fbc-2f84-47e3-ae2f-5da5de0f331c,a765dc53-3f13-4f00-a19b-aa2cb581c9dd,125e398e-2559-43d7-bd43-9855cc3af7ea,,chapter,141,0,0,2026-03-07 14:07:34.217,2026-03-07 14:07:34.217,,,false,
6a7f3980-49af-47e2-bda8-e16f31ba16c3,a765dc53-3f13-4f00-a19b-aa2cb581c9dd,125e398e-2559-43d7-bd43-9855cc3af7ea,,chapter,19,0,0,2026-03-07 14:41:54.106,2026-03-07 14:41:54.106,,,false,
6a826d5d-30da-4dc9-b28d-48ad3215e569,90be6fb3-9dcb-4cd1-8b2b-695e44ccc453,,,chapter,90,0,0,2026-03-07 15:10:24.36,2026-03-07 15:10:24.36,,,false,
6a9468d5-061b-4cb5-98fb-2005752a14be,fd6ac307-0703-4168-8e6b-755812f44bae,,,chapter,264,0,0,2026-03-07 14:25:03.993,2026-03-07 14:25:03.993,,,false,
6aa3a3d9-8709-4bd6-91fc-65398522e4aa,fb09a54a-d9fa-404d-986a-bf1ccb7d2287,,,chapter,110,0,0,2026-03-07 12:12:42.69,2026-03-07 12:12:42.69,,,false,
6ab26509-1397-4fa7-b6cd-af5e03e2f2c0,fd6ac307-0703-4168-8e6b-755812f44bae,,,chapter,151,0,0,2026-03-07 12:50:58.919,2026-03-07 12:50:58.919,,,false,
6ac1b813-2e33-4b8b-abb2-a7185e806417,86ecbec7-1381-43fa-9f0b-701e37d40083,,,chapter,12,0,0,2026-03-07 12:25:47.332,2026-03-07 12:25:47.332,,,false,
6adaf806-5ea4-4908-afbf-4a430b437f76,9be38f57-61b3-48fb-b053-984d2a423bd8,,,chapter,58,0,0,2026-03-07 13:34:23.992,2026-03-07 13:34:23.992,,,false,
6ae92316-ed4e-460a-8376-1221da94e684,fd6ac307-0703-4168-8e6b-755812f44bae,,,chapter,253,0,0,2026-03-07 14:13:17.886,2026-03-07 14:13:17.886,,,false,
6afe5bda-93f5-4edd-944b-a48e28de9877,a765dc53-3f13-4f00-a19b-aa2cb581c9dd,6eef4131-c168-4f89-a4a9-b2ddde5c4ab8,,chapter,124,0,0,2026-03-07 13:35:41.323,2026-03-07 13:35:41.323,,,false,
6b0ad9f9-e0aa-46b3-859e-e4f0c8cf7d8c,fd6ac307-0703-4168-8e6b-755812f44bae,,,chapter,24,0,0,2026-03-07 14:12:28.471,2026-03-07 14:12:28.471,,,false,
6b249d21-3bc4-424d-a535-16c560c3c81b,50a5c422-6a50-4eb6-b173-111ffffc3d41,,,chapter,88,0,0,2026-03-07 16:08:32.028,2026-03-07 16:08:32.028,,,false,
6b40d09a-8726-4d4b-a8af-a5cdcc19e5cf,fd6ac307-0703-4168-8e6b-755812f44bae,,,chapter,68,0,0,2026-03-07 15:49:20.693,2026-03-07 15:49:20.693,,,false,
6b566708-092e-4d7c-9266-3260a80080e2,5fc9a5b6-e624-46f0-a9bc-df01537b4907,,,chapter,109,0,0,2026-03-07 12:02:25.228,2026-03-07 12:02:25.228,,,false,
6b56e89a-b609-403f-8165-d033cb2b0873,50a5c422-6a50-4eb6-b173-111ffffc3d41,,,chapter,161,0,0,2026-03-07 13:13:56.737,2026-03-07 13:13:56.737,,,false,
6b5e0709-dd15-406e-a07d-bb454b1b7111,a765dc53-3f13-4f00-a19b-aa2cb581c9dd,125e398e-2559-43d7-bd43-9855cc3af7ea,,chapter,107,0,0,2026-03-07 13:17:41.565,2026-03-07 13:17:41.565,,,false,
6b93a34d-c851-404e-bec1-e6a65a870f03,a765dc53-3f13-4f00-a19b-aa2cb581c9dd,6eef4131-c168-4f89-a4a9-b2ddde5c4ab8,,chapter,150,0,0,2026-03-07 14:06:47.612,2026-03-07 14:06:47.612,,,false,
6bb75a7e-b1d0-49f1-bb33-4534892f0945,90be6fb3-9dcb-4cd1-8b2b-695e44ccc453,,,chapter,7,0,0,2026-03-07 14:58:19.636,2026-03-07 14:58:19.636,,,false,
6bb90226-90ba-4d71-b26a-5e1f2bd5c265,9a20020d-7bea-4fe6-8c9a-40712bf9e882,,,chapter,90,0,0,2026-03-07 13:59:53.708,2026-03-07 13:59:53.708,,,false,
6bd47f1a-3994-478c-a15b-b1cf207bcca5,9a20020d-7bea-4fe6-8c9a-40712bf9e882,,,chapter,100,0,0,2026-03-07 12:21:35.026,2026-03-07 12:21:35.026,,,false,
6bda88be-1c39-4ef1-931a-a2c4717c1b6a,fb09a54a-d9fa-404d-986a-bf1ccb7d2287,,,chapter,62,0,0,2026-03-07 15:23:56.929,2026-03-07 15:23:56.929,,,false,
6bddd474-5097-40dc-98a9-1be3d685c900,a765dc53-3f13-4f00-a19b-aa2cb581c9dd,125e398e-2559-43d7-bd43-9855cc3af7ea,,chapter,87,0,0,2026-03-07 15:59:38.153,2026-03-07 15:59:38.153,,,false,
6bff5598-44e8-4d21-94ba-98455c70a9e2,a765dc53-3f13-4f00-a19b-aa2cb581c9dd,125e398e-2559-43d7-bd43-9855cc3af7ea,,chapter,288,0,0,2026-03-07 15:38:32.615,2026-03-07 15:38:32.615,,,false,
6c226f7c-8eb6-4c21-85aa-51d897acaa28,5fc9a5b6-e624-46f0-a9bc-df01537b4907,,,chapter,224,0,0,2026-03-07 14:12:00.716,2026-03-07 14:12:00.716,,,false,
6c2eaaf8-8e98-4d58-960a-39f863e264f2,90be6fb3-9dcb-4cd1-8b2b-695e44ccc453,,,chapter,198,0,0,2026-03-07 14:02:44.066,2026-03-07 14:02:44.066,,,false,
6c30049f-5087-4b3c-a7d4-2122e950da7d,50a5c422-6a50-4eb6-b173-111ffffc3d41,,,chapter,211,0,0,2026-03-07 14:05:00.203,2026-03-07 14:05:00.203,,,false,
6c514c16-c39e-4631-8bf3-7217e9ea95c4,fd6ac307-0703-4168-8e6b-755812f44bae,,,chapter,38,0,0,2026-03-07 15:36:00.716,2026-03-07 15:36:00.716,,,false,
6c5ead14-b655-4bb2-bc25-18f0ad4f666c,50a5c422-6a50-4eb6-b173-111ffffc3d41,,,chapter,473,0,0,2026-03-07 16:01:18.12,2026-03-07 16:01:18.12,,,false,
6c824a2f-ef3e-4092-b1fd-5cf7b9bc0b56,9a20020d-7bea-4fe6-8c9a-40712bf9e882,,,chapter,7,0,0,2026-03-07 13:28:25.949,2026-03-07 13:28:25.949,,,false,
6c87502a-6292-4120-9991-08ccb39c0e41,fd6ac307-0703-4168-8e6b-755812f44bae,,,chapter,292,0,0,2026-03-07 14:45:50.9,2026-03-07 14:45:50.9,,,false,
6c9ae695-de64-47e3-ba07-77fe9ce85dcb,fb09a54a-d9fa-404d-986a-bf1ccb7d2287,,,chapter,245,0,0,2026-03-07 14:42:50.349,2026-03-07 14:42:50.349,,,false,
6c9bb72e-2f67-46f4-8f5c-94cde7346bba,5fc9a5b6-e624-46f0-a9bc-df01537b4907,,,chapter,1,3,0,2026-03-07 12:01:34.648,2026-03-07 12:01:34.648,,,false,
6c9f5228-11fa-4600-9cd0-57a1ec896f9d,50a5c422-6a50-4eb6-b173-111ffffc3d41,,,chapter,90,0,0,2026-03-07 16:08:46.396,2026-03-07 16:08:46.396,,,false,
6ca958ed-98e5-48e6-a477-e18fbd28cecb,fb09a54a-d9fa-404d-986a-bf1ccb7d2287,,,chapter,132,0,0,2026-03-07 12:44:23.88,2026-03-07 12:44:23.88,,,false,
6caebdf1-ced7-4c4b-bc22-e6f4f579a2f6,5fc9a5b6-e624-46f0-a9bc-df01537b4907,,,chapter,3,0,0,2026-03-07 14:24:20.893,2026-03-07 14:24:20.893,,,false,
6cb35551-3c9d-40f6-9442-6fc3e2cd3abd,90be6fb3-9dcb-4cd1-8b2b-695e44ccc453,,,chapter,157,0,0,2026-03-07 13:29:47.868,2026-03-07 13:29:47.868,,,false,
6cb6a623-36d8-42ca-a62d-7651a6ad0185,61829d6d-8dc1-411e-a3f8-2c26cb5606e8,,,chapter,28,0,0,2026-03-07 13:39:38.835,2026-03-07 13:39:38.835,,,false,
6cbba521-f975-4a44-aff9-1b70ec5d3056,a124c29b-236a-4dc5-9b03-290e082785d5,,,chapter,8,0,0,2026-03-07 15:17:35.006,2026-03-07 15:17:35.006,,,false,
6ce6fa0d-49a4-4a56-9299-dc377ef6da62,a765dc53-3f13-4f00-a19b-aa2cb581c9dd,6eef4131-c168-4f89-a4a9-b2ddde5c4ab8,,chapter,118,0,0,2026-03-07 13:35:20.745,2026-03-07 13:35:20.745,,,false,
6cf35c9e-4c57-4c50-baad-02af102a01b8,fb09a54a-d9fa-404d-986a-bf1ccb7d2287,,,chapter,232,0,0,2026-03-07 14:31:58.902,2026-03-07 14:31:58.902,,,false,
6cf9bc75-7472-473c-a72a-651ca4bc0b92,86ecbec7-1381-43fa-9f0b-701e37d40083,,,chapter,40,0,0,2026-03-07 13:13:19.328,2026-03-07 13:13:19.328,,,false,
6d0228bf-294f-49dc-b803-143a4a04b27f,fd6ac307-0703-4168-8e6b-755812f44bae,,,chapter,135,0,0,2026-03-07 12:34:13.491,2026-03-07 12:34:13.491,,,false,
6d12eac5-aaf0-4ad7-b1c7-ede8db40db73,5fc9a5b6-e624-46f0-a9bc-df01537b4907,,,chapter,154,0,0,2026-03-07 12:48:46.408,2026-03-07 12:48:46.408,,,false,
6d140e87-4411-44e2-926d-987807e36745,86ecbec7-1381-43fa-9f0b-701e37d40083,,,chapter,28,0,0,2026-03-07 12:56:45.273,2026-03-07 12:56:45.273,,,false,
6d2a1842-20a1-4afe-95be-c4e15d7da403,9be38f57-61b3-48fb-b053-984d2a423bd8,,,chapter,120,0,0,2026-03-07 12:28:04.619,2026-03-07 12:28:04.619,,,false,
6d445411-1420-49b5-9761-8db607b1a168,a765dc53-3f13-4f00-a19b-aa2cb581c9dd,125e398e-2559-43d7-bd43-9855cc3af7ea,,chapter,273,0,0,2026-03-07 15:33:51.323,2026-03-07 15:33:51.323,,,false,
6d563821-d181-44b2-b5fe-d7adcd5d4792,50a5c422-6a50-4eb6-b173-111ffffc3d41,,,chapter,440,0,0,2026-03-07 15:56:41.611,2026-03-07 15:56:41.611,,,false,
6d839b87-c4be-4a63-94c4-0805e3bdb86c,90be6fb3-9dcb-4cd1-8b2b-695e44ccc453,,,chapter,179,0,0,2026-03-07 13:47:57.663,2026-03-07 13:47:57.663,,,false,
6d8bc744-5bca-40b2-96ae-6cb9dab7ca0b,a765dc53-3f13-4f00-a19b-aa2cb581c9dd,125e398e-2559-43d7-bd43-9855cc3af7ea,,chapter,243,0,0,2026-03-07 15:22:27.598,2026-03-07 15:22:27.598,,,false,
6dac06fd-bb1d-4059-9b62-1147106a0823,a765dc53-3f13-4f00-a19b-aa2cb581c9dd,125e398e-2559-43d7-bd43-9855cc3af7ea,,chapter,225,0,0,2026-03-07 15:13:01.157,2026-03-07 15:13:01.157,,,false,
6db79050-84be-4a81-8b61-c322d936b45d,a124c29b-236a-4dc5-9b03-290e082785d5,,,chapter,180,0,0,2026-03-07 13:46:56.05,2026-03-07 13:46:56.05,,,false,
6dcdb6c8-5d16-4a38-a127-7e709ae4dcd7,af8258f2-06f0-4bde-a687-0b55a69cb2c0,,,chapter,42,0,0,2026-03-07 12:35:25.871,2026-03-07 12:35:25.871,,,false,
6dde6d37-4a09-42d4-b736-6642fb63d4ec,9a20020d-7bea-4fe6-8c9a-40712bf9e882,,,chapter,105,0,0,2026-03-07 12:22:03.708,2026-03-07 12:22:03.708,,,false,
6de3e359-9165-4aa1-b541-7dd263870379,d7ade2ee-4851-453d-95e7-3887ef041e80,,,chapter,69,0,0,2026-03-07 13:20:03.583,2026-03-07 13:20:03.583,,,false,
6df35b8f-67bf-4ec3-983f-69994e077baf,90be6fb3-9dcb-4cd1-8b2b-695e44ccc453,,,chapter,180,0,0,2026-03-07 13:48:10.634,2026-03-07 13:48:10.634,,,false,
6e0c31f8-fc3b-4334-aa50-646cc6a377c0,fb09a54a-d9fa-404d-986a-bf1ccb7d2287,,,chapter,135,0,0,2026-03-07 12:44:41.334,2026-03-07 12:44:41.334,,,false,
6e2053e6-d35e-467d-ae7b-15582bc17cd8,50a5c422-6a50-4eb6-b173-111ffffc3d41,,,chapter,405,0,0,2026-03-07 15:50:49.388,2026-03-07 15:50:49.388,,,false,
6e33a10d-e33f-453c-8ad1-6ac3616f02a4,86ecbec7-1381-43fa-9f0b-701e37d40083,,,chapter,96,0,0,2026-03-07 14:16:10.136,2026-03-07 14:16:10.136,,,false,
6e46b3be-ec2a-439f-bdd5-73a505eab988,fb09a54a-d9fa-404d-986a-bf1ccb7d2287,,,chapter,211,0,0,2026-03-07 14:20:51.883,2026-03-07 14:20:51.883,,,false,
6e48f149-9f61-4aea-9f2b-e85583eec1bb,61829d6d-8dc1-411e-a3f8-2c26cb5606e8,,,chapter,120,0,0,2026-03-07 12:30:26.496,2026-03-07 12:30:26.496,,,false,
6e62fa8f-c2c6-444a-a5f8-d478c4b3cce4,fd6ac307-0703-4168-8e6b-755812f44bae,,,chapter,2,0,0,2026-03-07 13:43:33.755,2026-03-07 13:43:33.755,,,false,
6e652f97-1fa7-4637-aacf-e615bb7556f9,86ecbec7-1381-43fa-9f0b-701e37d40083,,,chapter,52,0,0,2026-03-07 13:13:42.027,2026-03-07 13:13:42.027,,,false,
6e6e33fa-07c6-4494-b290-08bde80beffc,fd6ac307-0703-4168-8e6b-755812f44bae,,,chapter,293,0,0,2026-03-07 14:45:37.618,2026-03-07 14:45:37.618,,,false,
6e78171e-d905-44be-845b-a22d16202aa4,a765dc53-3f13-4f00-a19b-aa2cb581c9dd,6eef4131-c168-4f89-a4a9-b2ddde5c4ab8,,chapter,26,0,0,2026-03-07 14:40:23.444,2026-03-07 14:40:23.444,,,false,
6e8a03b9-49f9-430f-a569-44ccf3a4d3db,50a5c422-6a50-4eb6-b173-111ffffc3d41,,,chapter,20,0,0,2026-03-07 14:04:07.29,2026-03-07 14:04:07.29,,,false,
6e9ffda6-113e-4be1-aae9-40b1a2e90242,a124c29b-236a-4dc5-9b03-290e082785d5,,,chapter,87,0,0,2026-03-07 15:18:08.58,2026-03-07 15:18:08.58,,,false,
6ea66ed4-4cb6-4adc-9d04-11c6cd656ea7,5fc9a5b6-e624-46f0-a9bc-df01537b4907,,,chapter,124,0,0,2026-03-07 12:16:04.918,2026-03-07 12:16:04.918,,,false,
6eeda7f3-c644-41c4-958d-54a03afcfe57,61829d6d-8dc1-411e-a3f8-2c26cb5606e8,,,chapter,9,0,0,2026-03-07 14:33:23.077,2026-03-07 14:33:23.077,,,false,
6eedc675-20df-4af3-89f8-9c1f503917f7,a765dc53-3f13-4f00-a19b-aa2cb581c9dd,125e398e-2559-43d7-bd43-9855cc3af7ea,,chapter,68,0,0,2026-03-07 15:55:29.785,2026-03-07 15:55:29.785,,,false,
6eef4131-c168-4f89-a4a9-b2ddde5c4ab8,a765dc53-3f13-4f00-a19b-aa2cb581c9dd,,,volume,1,2,184,2026-03-07 13:16:06.015,2026-03-07 13:16:06.015,,,false,
6ff495e2-f49b-4258-8187-abd2307d41c3,90be6fb3-9dcb-4cd1-8b2b-695e44ccc453,,,chapter,32,0,0,2026-03-07 14:27:07.152,2026-03-07 14:27:07.152,,,false,
7011d470-a9e2-4029-aa21-a14fb1cbdfc8,fb09a54a-d9fa-404d-986a-bf1ccb7d2287,,,chapter,273.4,0,0,2026-03-07 15:04:09.759,2026-03-07 15:04:09.759,,,false,
702ad58b-c1f5-4bb1-b10a-1f350d40f7a1,9be38f57-61b3-48fb-b053-984d2a423bd8,,,chapter,6,0,0,2026-03-07 13:34:33.624,2026-03-07 13:34:33.624,,,false,
7030111e-d5c7-4bde-a4b1-ae50b32d4502,5fc9a5b6-e624-46f0-a9bc-df01537b4907,,,chapter,29,0,0,2026-03-07 14:24:16.247,2026-03-07 14:24:16.247,,,false,
703c7778-9a6d-44de-8fd6-58c15e5912ec,a124c29b-236a-4dc5-9b03-290e082785d5,,,chapter,47,0,0,2026-03-07 14:47:24.105,2026-03-07 14:47:24.105,,,false,
7052aa3f-b36c-48dc-b556-4b8e919fb0b6,fb09a54a-d9fa-404d-986a-bf1ccb7d2287,,,chapter,188,0,0,2026-03-07 13:54:22.35,2026-03-07 13:54:22.35,,,false,
705ad43b-4557-4da4-91a7-5ba40f0e3530,90be6fb3-9dcb-4cd1-8b2b-695e44ccc453,,,chapter,41,0,0,2026-03-07 14:38:33.111,2026-03-07 14:38:33.111,,,false,
706a5788-d839-4c8b-9a60-08252209df26,5fc9a5b6-e624-46f0-a9bc-df01537b4907,,,chapter,200,0,0,2026-03-07 13:57:22.582,2026-03-07 13:57:22.582,,,false,
707a7746-6879-45f6-ad8a-88c409c27da7,a765dc53-3f13-4f00-a19b-aa2cb581c9dd,6eef4131-c168-4f89-a4a9-b2ddde5c4ab8,,chapter,61,0,0,2026-03-07 15:01:52.502,2026-03-07 15:01:52.502,,,false,
708475e1-2ca1-4254-a8ba-49cb2d4361b0,fd6ac307-0703-4168-8e6b-755812f44bae,,,chapter,12,0,0,2026-03-07 12:18:45.573,2026-03-07 12:18:45.573,,,false,
708d5dd2-6c02-45cf-b89d-cea46cf371f9,fd6ac307-0703-4168-8e6b-755812f44bae,,,chapter,347,0,0,2026-03-07 15:24:17.081,2026-03-07 15:24:17.081,,,false,
708f7569-409e-4287-b82d-5de5d7f9d1a3,5fc9a5b6-e624-46f0-a9bc-df01537b4907,,,chapter,32,0,0,2026-03-07 14:34:06.197,2026-03-07 14:34:06.197,,,false,
709103f9-72e4-4349-96d2-074b6d8f5dd3,90be6fb3-9dcb-4cd1-8b2b-695e44ccc453,,,chapter,50,0,0,2026-03-07 14:38:55.498,2026-03-07 14:38:55.498,,,false,
70a73825-0f74-447a-86ed-e0fb0659a711,90be6fb3-9dcb-4cd1-8b2b-695e44ccc453,,,chapter,70,0,0,2026-03-07 14:58:24.704,2026-03-07 14:58:24.704,,,false,
70afe58e-896c-49e1-977f-ce80cdebb8d0,a765dc53-3f13-4f00-a19b-aa2cb581c9dd,6eef4131-c168-4f89-a4a9-b2ddde5c4ab8,,chapter,17,0,0,2026-03-07 14:19:27.989,2026-03-07 14:19:27.989,,,false,
7108490a-740a-401b-b6ca-6b6f4b6c4a2c,a765dc53-3f13-4f00-a19b-aa2cb581c9dd,125e398e-2559-43d7-bd43-9855cc3af7ea,,chapter,245,0,0,2026-03-07 15:22:16.011,2026-03-07 15:22:16.011,,,false,
712b2fd3-997a-4f90-a830-9cde59ddc27d,fb09a54a-d9fa-404d-986a-bf1ccb7d2287,,,chapter,133,0,0,2026-03-07 12:44:36.726,2026-03-07 12:44:36.726,,,false,
713305f2-dc20-410c-96b9-0c1339d3aa12,61829d6d-8dc1-411e-a3f8-2c26cb5606e8,,,chapter,153,0,0,2026-03-07 13:03:30.083,2026-03-07 13:03:30.083,,,false,
714a38fe-5c63-4dd2-9c19-d435b7239e61,d7ade2ee-4851-453d-95e7-3887ef041e80,,,chapter,32,0,0,2026-03-07 12:45:38.349,2026-03-07 12:45:38.349,,,false,
7165b12f-d9f8-4c28-b23d-c8c551bafc1c,fb09a54a-d9fa-404d-986a-bf1ccb7d2287,,,chapter,33,0,0,2026-03-07 15:04:26.006,2026-03-07 15:04:26.006,,,false,
716f704a-e0c2-40d1-b81c-310645912d78,fd6ac307-0703-4168-8e6b-755812f44bae,,,chapter,387,0,0,2026-03-07 15:39:21.847,2026-03-07 15:39:21.847,,,false,
71847e13-87a9-45d0-92b2-a4f90b89d9e4,61aa237e-d5bd-4f55-b5fc-be9683abc2c8,,,chapter,75,0,0,2026-03-07 13:06:09.958,2026-03-07 13:06:09.958,,,false,
71886ad4-64b0-401a-a411-4e39e6c87a7f,fb09a54a-d9fa-404d-986a-bf1ccb7d2287,,,chapter,218,0,0,2026-03-07 14:21:10.777,2026-03-07 14:21:10.777,,,false,
71b4e12c-c6bb-40a3-be4a-e06a667ab1c1,a765dc53-3f13-4f00-a19b-aa2cb581c9dd,6eef4131-c168-4f89-a4a9-b2ddde5c4ab8,,chapter,73,0,0,2026-03-07 15:12:27.723,2026-03-07 15:12:27.723,,,false,
71bbc690-5b2b-4374-b4ea-4b09af657934,a765dc53-3f13-4f00-a19b-aa2cb581c9dd,125e398e-2559-43d7-bd43-9855cc3af7ea,,chapter,29,0,0,2026-03-07 15:41:42.525,2026-03-07 15:41:42.525,,,false,
71c40823-a48c-41cd-878e-af4473b9e809,61829d6d-8dc1-411e-a3f8-2c26cb5606e8,,,chapter,41,0,0,2026-03-07 13:56:29.199,2026-03-07 13:56:29.199,,,false,
71dd18a4-3114-4667-89f8-907f19ea8f85,a765dc53-3f13-4f00-a19b-aa2cb581c9dd,125e398e-2559-43d7-bd43-9855cc3af7ea,,chapter,265.5,0,0,2026-03-07 15:29:21.602,2026-03-07 15:29:21.602,,,false,
71f3cc79-7e78-4415-832a-b7cacfab6bec,86ecbec7-1381-43fa-9f0b-701e37d40083,,,chapter,38,0,0,2026-03-07 12:57:51.161,2026-03-07 12:57:51.161,,,false,
71faaa14-e1aa-448a-9eae-34a413ce952c,a765dc53-3f13-4f00-a19b-aa2cb581c9dd,125e398e-2559-43d7-bd43-9855cc3af7ea,,chapter,237,0,0,2026-03-07 15:13:55.153,2026-03-07 15:13:55.153,,,false,
722e0773-2a48-47a5-b75b-82e41b79ec96,61829d6d-8dc1-411e-a3f8-2c26cb5606e8,,,chapter,83,0,0,2026-03-07 14:32:51.178,2026-03-07 14:32:51.178,,,false,
7231a43d-9e0c-46e8-920f-7fc9e3297607,90be6fb3-9dcb-4cd1-8b2b-695e44ccc453,,,chapter,174,0,0,2026-03-07 13:47:24.252,2026-03-07 13:47:24.252,,,false,
723da918-ac0e-4c1e-804b-c2bf286b1f01,90be6fb3-9dcb-4cd1-8b2b-695e44ccc453,,,chapter,42,0,0,2026-03-07 14:38:11.029,2026-03-07 14:38:11.029,,,false,
7249debd-2592-45f6-b7cb-8266e5cf15a2,9be38f57-61b3-48fb-b053-984d2a423bd8,,,chapter,73,0,0,2026-03-07 13:51:28.229,2026-03-07 13:51:28.229,,,false,
72613b33-1417-41fe-91c6-9976d41ab0f1,a124c29b-236a-4dc5-9b03-290e082785d5,,,chapter,59,0,0,2026-03-07 14:57:27.7,2026-03-07 14:57:27.7,,,false,
7297bf4f-bc87-426d-8554-683fb8d3e59b,61829d6d-8dc1-411e-a3f8-2c26cb5606e8,,,chapter,37,0,0,2026-03-07 13:40:31.206,2026-03-07 13:40:31.206,,,false,
72bada86-e9bb-494d-9833-b834ac932fcc,a124c29b-236a-4dc5-9b03-290e082785d5,,,chapter,49,0,0,2026-03-07 14:47:19.253,2026-03-07 14:47:19.253,,,false,
72be657b-c914-4cb2-862f-9e8e48f82fdc,d7ade2ee-4851-453d-95e7-3887ef041e80,,,chapter,42,0,0,2026-03-07 13:01:58.08,2026-03-07 13:01:58.08,,,false,
72d2b9e3-f135-46b7-b97f-9108e7a05d68,90be6fb3-9dcb-4cd1-8b2b-695e44ccc453,,,chapter,62,0,0,2026-03-07 14:48:22.956,2026-03-07 14:48:22.956,,,false,
72f745b6-165b-423a-be70-b67be0a135dd,61829d6d-8dc1-411e-a3f8-2c26cb5606e8,,,chapter,109,0,0,2026-03-07 12:14:47.475,2026-03-07 12:14:47.475,,,false,
7309799a-4960-45b1-84a8-dbb925ca4be9,fb09a54a-d9fa-404d-986a-bf1ccb7d2287,,,chapter,30,0,0,2026-03-07 15:04:01.734,2026-03-07 15:04:01.734,,,false,
73195a52-b32b-48bd-af8c-ea2e1bc22015,a765dc53-3f13-4f00-a19b-aa2cb581c9dd,125e398e-2559-43d7-bd43-9855cc3af7ea,,chapter,148,0,0,2026-03-07 14:07:53.751,2026-03-07 14:07:53.751,,,false,
7325d555-5e24-4572-8191-ec6b2226ec57,fb09a54a-d9fa-404d-986a-bf1ccb7d2287,,,chapter,118,0,0,2026-03-07 12:28:49.89,2026-03-07 12:28:49.89,,,false,
7335e30e-ebdb-470c-a2ee-1de3a30d784a,a765dc53-3f13-4f00-a19b-aa2cb581c9dd,125e398e-2559-43d7-bd43-9855cc3af7ea,,chapter,272,0,0,2026-03-07 15:33:43.731,2026-03-07 15:33:43.731,,,false,
7336aa8d-1084-4f7a-a6c8-4a06b8eec8a2,a124c29b-236a-4dc5-9b03-290e082785d5,,,chapter,19,0,0,2026-03-07 14:00:49.899,2026-03-07 14:00:49.899,,,false,
7347fc4d-9bd3-4497-9ec6-c580efecee92,90be6fb3-9dcb-4cd1-8b2b-695e44ccc453,,,chapter,181,0,0,2026-03-07 13:48:01.884,2026-03-07 13:48:01.884,,,false,
73562be5-812f-4f55-b83b-4088e910c91a,fb09a54a-d9fa-404d-986a-bf1ccb7d2287,,,chapter,156,0,0,2026-03-07 13:18:23.206,2026-03-07 13:18:23.206,,,false,
738701d0-6709-4d3b-9b86-a18fdcfcb58e,a124c29b-236a-4dc5-9b03-290e082785d5,,,chapter,1,0,0,2026-03-07 12:22:48.595,2026-03-07 12:22:48.595,,,false,
7387423a-118b-4e62-a119-9ac0a9256b73,90be6fb3-9dcb-4cd1-8b2b-695e44ccc453,,,chapter,124,0,0,2026-03-07 12:40:11.454,2026-03-07 12:40:11.454,,,false,
739453a4-32c7-4272-935f-21c9c18787a7,fb09a54a-d9fa-404d-986a-bf1ccb7d2287,,,chapter,167,0,0,2026-03-07 13:19:23.138,2026-03-07 13:19:23.138,,,false,
73a8323d-54c5-4a95-811e-f99a7ff4c37c,61829d6d-8dc1-411e-a3f8-2c26cb5606e8,,,chapter,103,0,0,2026-03-07 12:14:13.594,2026-03-07 12:14:13.594,,,false,
73aee6e3-a994-4dd7-b62c-2a7bb994e7b8,d7ade2ee-4851-453d-95e7-3887ef041e80,,,chapter,44,0,0,2026-03-07 13:02:03.613,2026-03-07 13:02:03.613,,,false,
73d89956-cc0e-4954-b25e-3790a786dac6,fb09a54a-d9fa-404d-986a-bf1ccb7d2287,,,chapter,8,0,0,2026-03-07 15:34:18.742,2026-03-07 15:34:18.742,,,false,
73e370f0-dd8a-4121-a8f0-df01ffe3cc24,a765dc53-3f13-4f00-a19b-aa2cb581c9dd,125e398e-2559-43d7-bd43-9855cc3af7ea,,chapter,102,0,0,2026-03-07 13:17:33.853,2026-03-07 13:17:33.853,,,false,
73e823b5-21be-4a43-8a95-5add31d46e00,a765dc53-3f13-4f00-a19b-aa2cb581c9dd,125e398e-2559-43d7-bd43-9855cc3af7ea,,chapter,302,0,0,2026-03-07 15:45:05.396,2026-03-07 15:45:05.396,,,false,
7424c7d8-57d0-4146-a160-2556024c5990,a765dc53-3f13-4f00-a19b-aa2cb581c9dd,125e398e-2559-43d7-bd43-9855cc3af7ea,,chapter,3,0,0,2026-03-07 15:42:19.525,2026-03-07 15:42:19.525,,,false,
7424e4ee-7920-4910-8c06-f32fbe1cc309,5fc9a5b6-e624-46f0-a9bc-df01537b4907,,,chapter,179,0,0,2026-03-07 13:22:24.982,2026-03-07 13:22:24.982,,,false,
7427b38e-c046-4cb4-a061-e6083c693f56,a765dc53-3f13-4f00-a19b-aa2cb581c9dd,6eef4131-c168-4f89-a4a9-b2ddde5c4ab8,,chapter,148,0,0,2026-03-07 14:07:12.925,2026-03-07 14:07:12.925,,,false,
7432ab9a-92b3-4c03-91f3-af384d3d9e5e,50a5c422-6a50-4eb6-b173-111ffffc3d41,,,chapter,204,0,0,2026-03-07 14:04:52.287,2026-03-07 14:04:52.287,,,false,
74391ec0-d18f-4aad-9f07-ee86ae67fb0f,61aa237e-d5bd-4f55-b5fc-be9683abc2c8,,,chapter,80,0,0,2026-03-07 13:23:26.668,2026-03-07 13:23:26.668,,,false,
743f20f0-4895-4cd9-9900-b0d2b64287c5,9a20020d-7bea-4fe6-8c9a-40712bf9e882,,,chapter,76,0,0,2026-03-07 13:44:37.919,2026-03-07 13:44:37.919,,,false,
74548339-3399-434d-8766-f06751aa6555,86ecbec7-1381-43fa-9f0b-701e37d40083,,,chapter,110,0,0,2026-03-07 12:08:52.615,2026-03-07 12:08:52.615,,,false,
747e2b0e-0359-441e-98af-7757cd914425,61aa237e-d5bd-4f55-b5fc-be9683abc2c8,,,chapter,66,0,0,2026-03-07 13:05:20.234,2026-03-07 13:05:20.234,,,false,
748680a6-a4e5-4b5b-ab59-f69d0cd30d00,af8258f2-06f0-4bde-a687-0b55a69cb2c0,,,chapter,64.5,0,0,2026-03-07 12:52:29.17,2026-03-07 12:52:29.17,,,false,
7493d842-ad02-4157-963c-433e517a199e,af8258f2-06f0-4bde-a687-0b55a69cb2c0,,,chapter,15,0,0,2026-03-07 12:07:00.458,2026-03-07 12:07:00.458,,,false,
74a94942-a07b-408c-b739-c474a49efb7b,fd6ac307-0703-4168-8e6b-755812f44bae,,,chapter,283,0,0,2026-03-07 14:36:31.455,2026-03-07 14:36:31.455,,,false,
74ac28a5-3859-4a62-81ab-156ad8641174,5fc9a5b6-e624-46f0-a9bc-df01537b4907,,,chapter,197,0,0,2026-03-07 13:41:40.328,2026-03-07 13:41:40.328,,,false,
74ae151e-28e6-4656-a76c-cd1b42fc8ab3,5fc9a5b6-e624-46f0-a9bc-df01537b4907,,,chapter,97,0,0,2026-03-07 15:15:56.473,2026-03-07 15:15:56.473,,,false,
74d488aa-25a6-4370-8361-cc9f6b7b50e3,50a5c422-6a50-4eb6-b173-111ffffc3d41,,,chapter,32,0,0,2026-03-07 15:27:11.216,2026-03-07 15:27:11.216,,,false,
74ec3ca1-dbba-42fb-8fc2-5d22b5358fd5,fb09a54a-d9fa-404d-986a-bf1ccb7d2287,,,chapter,40,0,0,2026-03-07 15:14:44.136,2026-03-07 15:14:44.136,,,false,
74f079db-ec10-4fb0-8d56-f283891eae37,a124c29b-236a-4dc5-9b03-290e082785d5,,,chapter,111,0,0,2026-03-07 12:23:43.404,2026-03-07 12:23:43.404,,,false,
75005a61-d7e1-4bd3-9b16-92e532cbec2c,50a5c422-6a50-4eb6-b173-111ffffc3d41,,,chapter,325,0,0,2026-03-07 15:27:18.717,2026-03-07 15:27:18.717,,,false,
7510a693-b5fe-4ced-98c2-1c3edc18483d,fb09a54a-d9fa-404d-986a-bf1ccb7d2287,,,chapter,125,0,0,2026-03-07 12:29:31.774,2026-03-07 12:29:31.774,,,false,
751df406-226c-452b-b268-8b5520fe0807,a124c29b-236a-4dc5-9b03-290e082785d5,,,chapter,189,0,0,2026-03-07 14:00:45.427,2026-03-07 14:00:45.427,,,false,
7524fa60-adf6-4b25-8766-3577cf3ed5c7,50a5c422-6a50-4eb6-b173-111ffffc3d41,,,chapter,58,0,0,2026-03-07 16:06:10.501,2026-03-07 16:06:10.501,,,false,
75256366-1807-4352-97dd-ca975abbd016,50a5c422-6a50-4eb6-b173-111ffffc3d41,,,chapter,132,0,0,2026-03-07 12:41:54.202,2026-03-07 12:41:54.202,,,false,
7535a486-412a-47f6-81e3-ae8106aa0821,af8258f2-06f0-4bde-a687-0b55a69cb2c0,,,chapter,83,0,0,2026-03-07 13:26:27.466,2026-03-07 13:26:27.466,,,false,
754704b7-af76-4bce-adfd-8b46c31a2f6d,50a5c422-6a50-4eb6-b173-111ffffc3d41,,,chapter,298,0,0,2026-03-07 15:11:39.067,2026-03-07 15:11:39.067,,,false,
75685e3f-e07a-4eaa-8f06-c6f574fac530,fd6ac307-0703-4168-8e6b-755812f44bae,,,chapter,163,0,0,2026-03-07 13:07:04.232,2026-03-07 13:07:04.232,,,false,
759e20a9-e528-4aae-ab6e-54cf16ac0eb1,5fc9a5b6-e624-46f0-a9bc-df01537b4907,,,chapter,138,0,0,2026-03-07 12:31:49.638,2026-03-07 12:31:49.638,,,false,
75a5caec-8e90-4af8-8f51-5ada05e7089e,9be38f57-61b3-48fb-b053-984d2a423bd8,,,chapter,68,0,0,2026-03-07 13:51:10.252,2026-03-07 13:51:10.252,,,false,
75a64307-078d-4aab-8801-ea25cb3cd891,9be38f57-61b3-48fb-b053-984d2a423bd8,,,chapter,54,0,0,2026-03-07 13:34:19.208,2026-03-07 13:34:19.208,,,false,
75cee56d-bd62-4071-8190-7e28d05a457e,86ecbec7-1381-43fa-9f0b-701e37d40083,,,chapter,26,0,0,2026-03-07 12:56:49.853,2026-03-07 12:56:49.853,,,false,
761b31ea-df67-4a51-b4e8-c3421aed140a,86ecbec7-1381-43fa-9f0b-701e37d40083,,,chapter,69,0,0,2026-03-07 13:48:29.276,2026-03-07 13:48:29.276,,,false,
7696fd32-0320-47c0-aab3-1ab77c0621da,9a20020d-7bea-4fe6-8c9a-40712bf9e882,,,chapter,86,0,0,2026-03-07 13:45:35.503,2026-03-07 13:45:35.503,,,false,
769cc118-9549-477d-9ff6-383a6c755559,fb09a54a-d9fa-404d-986a-bf1ccb7d2287,,,chapter,103,0,0,2026-03-07 12:11:58.336,2026-03-07 12:11:58.336,,,false,
76a7e42b-aaaf-47b7-abba-e7e2715c160e,a765dc53-3f13-4f00-a19b-aa2cb581c9dd,6eef4131-c168-4f89-a4a9-b2ddde5c4ab8,,chapter,55,0,0,2026-03-07 15:01:12.695,2026-03-07 15:01:12.695,,,false,
76e9049c-c155-41d5-9f21-637a9d752aa2,50a5c422-6a50-4eb6-b173-111ffffc3d41,,,chapter,314,0,0,2026-03-07 15:20:25.974,2026-03-07 15:20:25.974,,,false,
76e922e2-acac-4b22-a295-b3e7eab34fac,a765dc53-3f13-4f00-a19b-aa2cb581c9dd,125e398e-2559-43d7-bd43-9855cc3af7ea,,chapter,150,0,0,2026-03-07 14:08:32.486,2026-03-07 14:08:32.486,,,false,
76f6bf78-eceb-4bde-b5d2-6550249c8a0c,fb09a54a-d9fa-404d-986a-bf1ccb7d2287,,,chapter,94,0,0,2026-03-07 15:39:08.142,2026-03-07 15:39:08.142,,,false,
77121c8f-55c6-4444-8c1d-9991a9afece4,fb09a54a-d9fa-404d-986a-bf1ccb7d2287,,,chapter,89,0,0,2026-03-07 15:34:54.335,2026-03-07 15:34:54.335,,,false,
7721ae8d-a16d-42aa-a886-384efa433dc7,a765dc53-3f13-4f00-a19b-aa2cb581c9dd,125e398e-2559-43d7-bd43-9855cc3af7ea,,chapter,22,0,0,2026-03-07 15:03:05.072,2026-03-07 15:03:05.072,,,false,
774d5f39-a20e-49fe-be02-ac130a3c4b0e,d7ade2ee-4851-453d-95e7-3887ef041e80,,,chapter,14,0,0,2026-03-07 12:13:28.01,2026-03-07 12:13:28.01,,,false,
7764febc-54af-421d-addd-71b5951aeb4f,a765dc53-3f13-4f00-a19b-aa2cb581c9dd,125e398e-2559-43d7-bd43-9855cc3af7ea,,chapter,232,0,0,2026-03-07 15:13:30.777,2026-03-07 15:13:30.777,,,false,
77657bc0-b2da-4a20-aa46-2f3881b40ea2,5fc9a5b6-e624-46f0-a9bc-df01537b4907,,,chapter,98,0,0,2026-03-07 15:16:06.491,2026-03-07 15:16:06.491,,,false,
7775387b-f84f-4895-b391-4726d0365576,86ecbec7-1381-43fa-9f0b-701e37d40083,,,chapter,45,0,0,2026-03-07 13:13:10.819,2026-03-07 13:13:10.819,,,false,
7790a75b-7636-4dc6-a469-82ec32b33952,5fc9a5b6-e624-46f0-a9bc-df01537b4907,,,chapter,100,0,0,2026-03-07 12:01:45.528,2026-03-07 12:01:45.528,,,false,
77b80867-391d-4faa-bdde-4174160901e5,61829d6d-8dc1-411e-a3f8-2c26cb5606e8,,,chapter,126,0,0,2026-03-07 12:30:52.295,2026-03-07 12:30:52.295,,,false,
77fce21f-6d2c-41bf-9dc6-a59a077a941e,5fc9a5b6-e624-46f0-a9bc-df01537b4907,,,chapter,5,0,0,2026-03-07 14:44:09.455,2026-03-07 14:44:09.455,,,false,
7802d7af-1573-4679-917d-4b5cd03a1802,50a5c422-6a50-4eb6-b173-111ffffc3d41,,,chapter,275,0,0,2026-03-07 14:59:57.725,2026-03-07 14:59:57.725,,,false,
7811e8bf-b6a1-4fb4-ac40-4d7f4ecc0509,a765dc53-3f13-4f00-a19b-aa2cb581c9dd,125e398e-2559-43d7-bd43-9855cc3af7ea,,chapter,185,0,0,2026-03-07 14:41:34.701,2026-03-07 14:41:34.701,,,false,
7811ef8f-bfe0-4093-9d51-352b0d6e664f,5fc9a5b6-e624-46f0-a9bc-df01537b4907,,,chapter,99,0,0,2026-03-07 15:16:11.091,2026-03-07 15:16:11.091,,,false,
7819b176-f97a-42cd-aba9-47722f24c02b,90be6fb3-9dcb-4cd1-8b2b-695e44ccc453,,,chapter,113,0,0,2026-03-07 12:39:20.834,2026-03-07 12:39:20.834,,,false,
781e2ead-59c5-4cd6-88c6-93cf569ec16a,90be6fb3-9dcb-4cd1-8b2b-695e44ccc453,,,chapter,37,0,0,2026-03-07 14:27:38.95,2026-03-07 14:27:38.95,,,false,
782c282f-c738-43ca-9fdf-6a3b38e1f7b3,fb09a54a-d9fa-404d-986a-bf1ccb7d2287,,,chapter,24,0,0,2026-03-07 14:32:46.382,2026-03-07 14:32:46.382,,,false,
782ef511-1b9d-4143-9398-f8e35e4ce386,a765dc53-3f13-4f00-a19b-aa2cb581c9dd,6eef4131-c168-4f89-a4a9-b2ddde5c4ab8,,chapter,93,0,0,2026-03-07 15:27:50.5,2026-03-07 15:27:50.5,,,false,
78344048-0b74-438a-a4ef-793b31fda955,a765dc53-3f13-4f00-a19b-aa2cb581c9dd,6eef4131-c168-4f89-a4a9-b2ddde5c4ab8,,chapter,147,0,0,2026-03-07 14:07:08.61,2026-03-07 14:07:08.61,,,false,
7855672f-5ea4-4b67-9730-df2779f4058a,a765dc53-3f13-4f00-a19b-aa2cb581c9dd,6eef4131-c168-4f89-a4a9-b2ddde5c4ab8,,chapter,113,0,0,2026-03-07 13:34:51.138,2026-03-07 13:34:51.138,,,false,
78638d5c-d0e1-4d59-8966-4b4d87c520b4,fd6ac307-0703-4168-8e6b-755812f44bae,,,chapter,43,0,0,2026-03-07 15:43:03.771,2026-03-07 15:43:03.771,,,false,
7870a9f2-af5c-4a5f-87d7-aae79ccb03df,50a5c422-6a50-4eb6-b173-111ffffc3d41,,,chapter,505,0,0,2026-03-07 16:04:13.002,2026-03-07 16:04:13.002,,,false,
78885535-805a-49b3-b229-55778f666086,d7ade2ee-4851-453d-95e7-3887ef041e80,,,chapter,3,0,0,2026-03-07 12:45:23.55,2026-03-07 12:45:23.55,,,false,
789c9cf9-2384-43c2-9b51-01055c13639b,af8258f2-06f0-4bde-a687-0b55a69cb2c0,,,chapter,2,2,0,2026-03-07 12:07:31.802,2026-03-07 12:07:31.802,,,false,
78c8ce96-7c5e-4761-b582-0d376035a814,50a5c422-6a50-4eb6-b173-111ffffc3d41,,,chapter,95,0,0,2026-03-07 16:09:03.579,2026-03-07 16:09:03.579,,,false,
78d41ff7-13b5-4445-8d6b-2b322c134d15,a765dc53-3f13-4f00-a19b-aa2cb581c9dd,6eef4131-c168-4f89-a4a9-b2ddde5c4ab8,,chapter,176,0,0,2026-03-07 14:29:31.393,2026-03-07 14:29:31.393,,,false,
78d89245-91a1-4d64-ad59-bfea22b9b8b2,61829d6d-8dc1-411e-a3f8-2c26cb5606e8,,,chapter,17,0,0,2026-03-07 13:21:37.111,2026-03-07 13:21:37.111,,,false,
78e9155b-c152-4560-8d6d-cea85a31a62c,a765dc53-3f13-4f00-a19b-aa2cb581c9dd,125e398e-2559-43d7-bd43-9855cc3af7ea,,chapter,299,0,0,2026-03-07 15:42:23.755,2026-03-07 15:42:23.755,,,false,
78eaefe9-d6c4-4f2e-95d9-a91de53bdc89,5fc9a5b6-e624-46f0-a9bc-df01537b4907,,,chapter,157,0,0,2026-03-07 13:03:59.274,2026-03-07 13:03:59.274,,,false,
78f49b46-f35b-42dc-93ad-c8164b53e267,fd6ac307-0703-4168-8e6b-755812f44bae,,,chapter,269,0,0,2026-03-07 14:25:24.486,2026-03-07 14:25:24.486,,,false,
7924917b-9af2-471e-ac60-421c26e88eab,61aa237e-d5bd-4f55-b5fc-be9683abc2c8,,,chapter,98,0,0,2026-03-07 13:42:25.809,2026-03-07 13:42:25.809,,,false,
7958bd6f-fcde-4600-b7f6-834e570e417a,a765dc53-3f13-4f00-a19b-aa2cb581c9dd,6eef4131-c168-4f89-a4a9-b2ddde5c4ab8,,chapter,299,0,0,2026-03-07 14:40:39.382,2026-03-07 14:40:39.382,,,false,
79894ec7-2877-4ecb-8227-5a2aeae24958,9a20020d-7bea-4fe6-8c9a-40712bf9e882,,,chapter,27,0,0,2026-03-07 12:37:37.608,2026-03-07 12:37:37.608,,,false,
79a84c29-b8cf-42bf-93dd-a70834778ec4,fd6ac307-0703-4168-8e6b-755812f44bae,,,chapter,272,0,0,2026-03-07 14:35:28.18,2026-03-07 14:35:28.18,,,false,
79b8737e-d932-4fa7-81d0-0335acb222f8,fd6ac307-0703-4168-8e6b-755812f44bae,,,chapter,190,0,0,2026-03-07 13:43:05.403,2026-03-07 13:43:05.403,,,false,
79e05cb0-e1a8-4944-8cf6-c78a19e35559,fd6ac307-0703-4168-8e6b-755812f44bae,,,chapter,285,0,0,2026-03-07 14:45:24.318,2026-03-07 14:45:24.318,,,false,
7a2dde49-6659-48f8-94fb-cae254f563be,a765dc53-3f13-4f00-a19b-aa2cb581c9dd,125e398e-2559-43d7-bd43-9855cc3af7ea,,chapter,248,0,0,2026-03-07 15:22:42.626,2026-03-07 15:22:42.626,,,false,
7a377f5b-4ff6-43b1-8708-adf7e02d596c,50a5c422-6a50-4eb6-b173-111ffffc3d41,,,chapter,246,0,0,2026-03-07 14:39:50.88,2026-03-07 14:39:50.88,,,false,
7a3fba89-70a2-4a66-9b09-7f80fab7f864,fb09a54a-d9fa-404d-986a-bf1ccb7d2287,,,chapter,129.5,0,0,2026-03-07 12:44:10.383,2026-03-07 12:44:10.383,,,false,
7a591bab-78ab-4156-8def-9c8f57bc3fae,a765dc53-3f13-4f00-a19b-aa2cb581c9dd,125e398e-2559-43d7-bd43-9855cc3af7ea,,chapter,309,0,0,2026-03-07 15:45:30.841,2026-03-07 15:45:30.841,,,false,
7a5a669c-6fba-472e-ab2b-c634b8d0182a,61829d6d-8dc1-411e-a3f8-2c26cb5606e8,,,chapter,35,0,0,2026-03-07 13:39:56.936,2026-03-07 13:39:56.936,,,false,
7a61140a-37a8-47cb-85a9-76f80dc4471b,a124c29b-236a-4dc5-9b03-290e082785d5,,,chapter,80,0,0,2026-03-07 15:17:39.561,2026-03-07 15:17:39.561,,,false,
7a642170-d8cf-46dc-91dd-b69b1db20436,50a5c422-6a50-4eb6-b173-111ffffc3d41,,,chapter,454,0,0,2026-03-07 15:58:48.898,2026-03-07 15:58:48.898,,,false,
7a788292-0efc-4e70-acfa-ecff5768cbbb,fd6ac307-0703-4168-8e6b-755812f44bae,,,chapter,158,0,0,2026-03-07 13:06:44.375,2026-03-07 13:06:44.375,,,false,
7aa0d9ab-a3fa-461e-ab2d-9772c21b1931,90be6fb3-9dcb-4cd1-8b2b-695e44ccc453,,,chapter,51,0,0,2026-03-07 14:39:04.275,2026-03-07 14:39:04.275,,,false,
7aa87edd-b3fb-4b72-80e8-672fd52f18ab,fd6ac307-0703-4168-8e6b-755812f44bae,,,chapter,306,0,0,2026-03-07 14:56:14.317,2026-03-07 14:56:14.317,,,false,
7aba4c52-438d-4d91-b684-52a535ef7a69,9be38f57-61b3-48fb-b053-984d2a423bd8,,,chapter,90,0,0,2026-03-07 14:17:37.532,2026-03-07 14:17:37.532,,,false,
7ae72339-cad1-47f2-8250-e9ac8c1c0b89,50a5c422-6a50-4eb6-b173-111ffffc3d41,,,chapter,225,0,0,2026-03-07 14:17:19.519,2026-03-07 14:17:19.519,,,false,
7af7facd-5dff-4a9e-9761-47930b4226d4,fd6ac307-0703-4168-8e6b-755812f44bae,,,chapter,303,0,0,2026-03-07 14:55:46.436,2026-03-07 14:55:46.436,,,false,
7b2d23db-2e48-4d69-8dbd-50e3569132cc,86ecbec7-1381-43fa-9f0b-701e37d40083,,,chapter,62,0,0,2026-03-07 13:31:42.803,2026-03-07 13:31:42.803,,,false,
7b30daa3-c57c-4e97-aa96-7bfd895ca153,a765dc53-3f13-4f00-a19b-aa2cb581c9dd,6eef4131-c168-4f89-a4a9-b2ddde5c4ab8,,chapter,29.5,0,0,2026-03-07 14:40:43.846,2026-03-07 14:40:43.846,,,false,
7b3a196e-b299-45a8-8748-69335fa78758,61aa237e-d5bd-4f55-b5fc-be9683abc2c8,,,chapter,49,0,0,2026-03-07 12:49:36.836,2026-03-07 12:49:36.836,,,false,
7b47b563-fcf4-459a-b88f-1fef003e2697,9be38f57-61b3-48fb-b053-984d2a423bd8,,,chapter,11,0,0,2026-03-07 12:11:13.803,2026-03-07 12:11:13.803,,,false,
7b6bde7d-60bc-4282-9505-7a3e5b831b2d,fb09a54a-d9fa-404d-986a-bf1ccb7d2287,,,chapter,220,0,0,2026-03-07 14:21:40.05,2026-03-07 14:21:40.05,,,false,
7b74d62f-bd9a-44af-b8e7-1e5fdba6122f,9be38f57-61b3-48fb-b053-984d2a423bd8,,,chapter,60,0,0,2026-03-07 13:34:46.923,2026-03-07 13:34:46.923,,,false,
7b8c5105-2ab7-4693-98c9-78b3bcc051b0,a765dc53-3f13-4f00-a19b-aa2cb581c9dd,125e398e-2559-43d7-bd43-9855cc3af7ea,,chapter,159,0,0,2026-03-07 14:19:58.61,2026-03-07 14:19:58.61,,,false,
7ba831bb-d331-4eb7-a264-32a9265c9423,fd6ac307-0703-4168-8e6b-755812f44bae,,,chapter,348,0,0,2026-03-07 15:24:12.958,2026-03-07 15:24:12.958,,,false,
7bb55e99-10c0-4a04-9034-6d4575466b3a,9be38f57-61b3-48fb-b053-984d2a423bd8,,,chapter,61,0,0,2026-03-07 13:34:37.79,2026-03-07 13:34:37.79,,,false,
7bb9dc9b-691f-49a9-90aa-de8d994978e1,61829d6d-8dc1-411e-a3f8-2c26cb5606e8,,,chapter,15,0,0,2026-03-07 13:03:42.031,2026-03-07 13:03:42.031,,,false,
7bda0eb8-8b2d-4e3f-aa8c-53a55bdcb751,50a5c422-6a50-4eb6-b173-111ffffc3d41,,,chapter,226,0,0,2026-03-07 14:17:29.088,2026-03-07 14:17:29.088,,,false,
7bdbe5eb-d00a-4b20-b954-8b3e803660d0,a124c29b-236a-4dc5-9b03-290e082785d5,,,chapter,21,0,0,2026-03-07 14:14:27.413,2026-03-07 14:14:27.413,,,false,
7bee3067-f782-441b-a538-44969da9de67,9a20020d-7bea-4fe6-8c9a-40712bf9e882,,,chapter,92,0,0,2026-03-07 14:00:17.167,2026-03-07 14:00:17.167,,,false,
7c06c6cc-7d7e-4ed0-82d5-748cb8b6410e,50a5c422-6a50-4eb6-b173-111ffffc3d41,,,chapter,324,0,0,2026-03-07 15:27:15.02,2026-03-07 15:27:15.02,,,false,
7c331542-b73c-426d-b50c-b7bfbdda798e,50a5c422-6a50-4eb6-b173-111ffffc3d41,,,chapter,51,0,0,2026-03-07 16:04:36.604,2026-03-07 16:04:36.604,,,false,
7c483a16-2610-4863-baaa-f65a41ab3caf,fb09a54a-d9fa-404d-986a-bf1ccb7d2287,,,chapter,231,0,0,2026-03-07 14:31:54.171,2026-03-07 14:31:54.171,,,false,
7c49f234-5f11-4d95-9e48-c5bc196bfeb5,fd6ac307-0703-4168-8e6b-755812f44bae,,,chapter,375,0,0,2026-03-07 15:35:42.979,2026-03-07 15:35:42.979,,,false,
7c53114d-4375-4092-8b04-f55b32534ec9,61829d6d-8dc1-411e-a3f8-2c26cb5606e8,,,chapter,14,0,0,2026-03-07 12:47:31.523,2026-03-07 12:47:31.523,,,false,
7c57f396-1bf2-4619-8e5a-a2501cc3c81f,fd6ac307-0703-4168-8e6b-755812f44bae,,,chapter,149,0,0,2026-03-07 12:51:06.953,2026-03-07 12:51:06.953,,,false,
7c6f3207-b3c4-4690-8a37-1da2525c2b41,a765dc53-3f13-4f00-a19b-aa2cb581c9dd,125e398e-2559-43d7-bd43-9855cc3af7ea,,chapter,25,0,0,2026-03-07 15:22:50.319,2026-03-07 15:22:50.319,,,false,
7c702d3b-9644-4a6e-b0fb-4a9e4ca5fbe4,61aa237e-d5bd-4f55-b5fc-be9683abc2c8,,,chapter,14,0,0,2026-03-07 12:04:33.267,2026-03-07 12:04:33.267,,,false,
7c954ece-7d6d-4389-8e80-60305a9c51da,61829d6d-8dc1-411e-a3f8-2c26cb5606e8,,,chapter,108,0,0,2026-03-07 12:14:43.296,2026-03-07 12:14:43.296,,,false,
7c95c9ed-26d8-4824-b970-18da00c0987a,fb09a54a-d9fa-404d-986a-bf1ccb7d2287,,,chapter,182,0,0,2026-03-07 13:37:45.454,2026-03-07 13:37:45.454,,,false,
7ca971ee-798f-4440-b9f4-59d09c9d5b73,d7ade2ee-4851-453d-95e7-3887ef041e80,,,chapter,49,0,0,2026-03-07 13:02:30.086,2026-03-07 13:02:30.086,,,false,
7cc181e4-b34b-40e9-a9af-ac679fdd29b8,fd6ac307-0703-4168-8e6b-755812f44bae,,,chapter,363,0,0,2026-03-07 15:31:12.831,2026-03-07 15:31:12.831,,,false,
7cc3d192-ef60-40a1-9a0e-ba1c67434486,a124c29b-236a-4dc5-9b03-290e082785d5,,,chapter,185,0,0,2026-03-07 13:47:00.456,2026-03-07 13:47:00.456,,,false,
7ce57730-197f-48d0-a1d1-c1dc118f2e6e,fd6ac307-0703-4168-8e6b-755812f44bae,,,chapter,35,0,0,2026-03-07 15:24:33.622,2026-03-07 15:24:33.622,,,false,
7cfb85fb-faba-4649-91c6-88d9bfbf6fd7,fd6ac307-0703-4168-8e6b-755812f44bae,,,chapter,261,0,0,2026-03-07 14:24:51.312,2026-03-07 14:24:51.312,,,false,
7d2049bc-0974-42dd-b89a-bb9134912346,5fc9a5b6-e624-46f0-a9bc-df01537b4907,,,chapter,167,0,0,2026-03-07 13:04:47.444,2026-03-07 13:04:47.444,,,false,
7d493c99-a198-4f83-8cb3-d2e41f2e1ece,50a5c422-6a50-4eb6-b173-111ffffc3d41,,,chapter,144,0,0,2026-03-07 12:58:00.369,2026-03-07 12:58:00.369,,,false,
7d5bcd41-2537-41e1-8763-f21664c9c99a,50a5c422-6a50-4eb6-b173-111ffffc3d41,,,chapter,288,0,0,2026-03-07 15:10:33.376,2026-03-07 15:10:33.376,,,false,
7d5d4043-ffb8-4999-bb8e-981a22f9921f,5fc9a5b6-e624-46f0-a9bc-df01537b4907,,,chapter,190,0,0,2026-03-07 13:41:06.001,2026-03-07 13:41:06.001,,,false,
7d9fac29-05d2-4f82-9a6d-72bdc95592a0,a124c29b-236a-4dc5-9b03-290e082785d5,,,chapter,159,0,0,2026-03-07 13:28:35.589,2026-03-07 13:28:35.589,,,false,
7da367dc-722a-4ecf-9753-f47df8b2ac5d,5fc9a5b6-e624-46f0-a9bc-df01537b4907,,,chapter,170,0,0,2026-03-07 13:05:05.14,2026-03-07 13:05:05.14,,,false,
7dc472eb-bdb9-4a0e-b625-156fa761938b,fb09a54a-d9fa-404d-986a-bf1ccb7d2287,,,chapter,146,0,0,2026-03-07 13:00:46.207,2026-03-07 13:00:46.207,,,false,
7dc61b50-0c1c-4649-ad30-aa31bda5d67b,fd6ac307-0703-4168-8e6b-755812f44bae,,,chapter,86,0,0,2026-03-07 15:52:46.975,2026-03-07 15:52:46.975,,,false,
7e113ddf-4f0b-4114-9e24-18d72b9e7c5b,a765dc53-3f13-4f00-a19b-aa2cb581c9dd,6eef4131-c168-4f89-a4a9-b2ddde5c4ab8,,chapter,83,0,0,2026-03-07 15:21:00.697,2026-03-07 15:21:00.697,,,false,
7e15466b-50a5-4791-8160-2e070f832c9d,af8258f2-06f0-4bde-a687-0b55a69cb2c0,,,chapter,4,1,0,2026-03-07 12:35:11.166,2026-03-07 12:35:11.166,,,false,
7e1f2828-4d9a-4b4b-abac-b8a410801ba3,fb09a54a-d9fa-404d-986a-bf1ccb7d2287,,,chapter,214,0,0,2026-03-07 14:21:06.191,2026-03-07 14:21:06.191,,,false,
7e2d9b0b-9655-4abe-996e-285140b75f52,a765dc53-3f13-4f00-a19b-aa2cb581c9dd,125e398e-2559-43d7-bd43-9855cc3af7ea,,chapter,269,0,0,2026-03-07 15:33:28.039,2026-03-07 15:33:28.039,,,false,
7e2f6457-8639-4e2e-ae91-ad86ae7c0b67,a124c29b-236a-4dc5-9b03-290e082785d5,,,chapter,28,0,0,2026-03-07 14:37:27.699,2026-03-07 14:37:27.699,,,false,
7e68463a-8c1a-45d1-8b44-bec4fcde9311,9be38f57-61b3-48fb-b053-984d2a423bd8,,,chapter,9,0,0,2026-03-07 14:06:11.582,2026-03-07 14:06:11.582,,,false,
7e7dbf07-f018-460f-a97c-ce65bfa60829,9a20020d-7bea-4fe6-8c9a-40712bf9e882,,,chapter,18,0,0,2026-03-07 12:36:45.906,2026-03-07 12:36:45.906,,,false,
7e85e7bf-f835-4a65-acac-65093c67d9c4,5fc9a5b6-e624-46f0-a9bc-df01537b4907,,,chapter,25,0,0,2026-03-07 14:23:58.774,2026-03-07 14:23:58.774,,,false,
7e8aaedf-4102-4938-8e66-6ccf69d6a99a,fb09a54a-d9fa-404d-986a-bf1ccb7d2287,,,chapter,213,0,0,2026-03-07 14:20:57.127,2026-03-07 14:20:57.127,,,false,
7eaa9b63-e9e7-4a88-af64-0e27781aee6c,a765dc53-3f13-4f00-a19b-aa2cb581c9dd,6eef4131-c168-4f89-a4a9-b2ddde5c4ab8,,chapter,27,0,0,2026-03-07 14:40:18.868,2026-03-07 14:40:18.868,,,false,
7ec84ec7-592a-444c-b7ca-bd5a434da6e8,50a5c422-6a50-4eb6-b173-111ffffc3d41,,,chapter,272,0,0,2026-03-07 14:59:22.367,2026-03-07 14:59:22.367,,,false,
7ed885e0-aa1c-4a3a-9ce5-48b9244a1c67,50a5c422-6a50-4eb6-b173-111ffffc3d41,,,chapter,136,0,0,2026-03-07 12:42:21.638,2026-03-07 12:42:21.638,,,false,
7ee535f2-e0b9-428d-b733-d7a907194761,86ecbec7-1381-43fa-9f0b-701e37d40083,,,chapter,75,0,0,2026-03-07 13:49:02.772,2026-03-07 13:49:02.772,,,false,
7f185a2a-f58c-4872-b128-3c401f7ee6d1,fd6ac307-0703-4168-8e6b-755812f44bae,,,chapter,108,0,0,2026-03-07 12:05:50.477,2026-03-07 12:05:50.477,,,false,
7f1ec74f-268d-49ba-af5b-dc28fabd365b,fd6ac307-0703-4168-8e6b-755812f44bae,,,chapter,27,0,0,2026-03-07 14:25:37.182,2026-03-07 14:25:37.182,,,false,
7f216a98-986c-421a-ae81-4e8db82226fd,fd6ac307-0703-4168-8e6b-755812f44bae,,,chapter,66,0,0,2026-03-07 15:49:12.13,2026-03-07 15:49:12.13,,,false,
7f326e65-1408-4c8e-924d-8f6e31cd6ef2,90be6fb3-9dcb-4cd1-8b2b-695e44ccc453,,,chapter,93,0,0,2026-03-07 15:18:57.28,2026-03-07 15:18:57.28,,,false,
7f528495-226a-43ba-96f9-93937dd632e6,fb09a54a-d9fa-404d-986a-bf1ccb7d2287,,,chapter,2,0,0,2026-03-07 14:08:59.595,2026-03-07 14:08:59.595,,,false,
7f5c25de-4b1e-4670-b694-a8fb2d63c7ee,86ecbec7-1381-43fa-9f0b-701e37d40083,,,chapter,30,0,0,2026-03-07 12:57:17.122,2026-03-07 12:57:17.122,,,false,
7f8d378d-d56e-4076-8cdd-cac35f3dc8e3,af8258f2-06f0-4bde-a687-0b55a69cb2c0,,,chapter,88,0,0,2026-03-07 13:26:38.443,2026-03-07 13:26:38.443,,,false,
7faba299-e481-47f0-8930-8bd5ee45cdc4,86ecbec7-1381-43fa-9f0b-701e37d40083,,,chapter,109,0,0,2026-03-07 12:08:34.019,2026-03-07 12:08:34.019,,,false,
7fb80568-5eb8-4be6-9176-3c29325ffc7a,d7ade2ee-4851-453d-95e7-3887ef041e80,,,chapter,81,0,0,2026-03-07 13:38:45.22,2026-03-07 13:38:45.22,,,false,
7fb884a3-6b31-4334-acb8-439c2d922b3f,a124c29b-236a-4dc5-9b03-290e082785d5,,,chapter,222,0,0,2026-03-07 14:26:06.661,2026-03-07 14:26:06.661,,,false,
7fc5c433-4578-4272-aab7-8a85eb60d0fc,a124c29b-236a-4dc5-9b03-290e082785d5,,,chapter,35,0,0,2026-03-07 14:46:19.445,2026-03-07 14:46:19.445,,,false,
7fce6112-d8c7-4e3e-a194-dcb355163926,61829d6d-8dc1-411e-a3f8-2c26cb5606e8,,,chapter,118,0,0,2026-03-07 12:30:12.674,2026-03-07 12:30:12.674,,,false,
7ff3c1f0-8dcb-43e1-bae7-4b5c4185ce1c,61829d6d-8dc1-411e-a3f8-2c26cb5606e8,,,chapter,142,0,0,2026-03-07 13:03:06.12,2026-03-07 13:03:06.12,,,false,
7ff8c429-b173-4a90-b358-54ecc31b388c,86ecbec7-1381-43fa-9f0b-701e37d40083,,,chapter,20,0,0,2026-03-07 12:41:16.485,2026-03-07 12:41:16.485,,,false,
8025ca00-c23c-4dff-90b8-f4c6fb65b41c,a124c29b-236a-4dc5-9b03-290e082785d5,,,chapter,120,0,0,2026-03-07 12:38:15.444,2026-03-07 12:38:15.444,,,false,
80288b86-c5dc-49bf-8a66-1877b677c660,86ecbec7-1381-43fa-9f0b-701e37d40083,,,chapter,91,0,0,2026-03-07 14:03:47.898,2026-03-07 14:03:47.898,,,false,
802c8fff-f7f5-4aed-b15a-224086247820,fd6ac307-0703-4168-8e6b-755812f44bae,,,chapter,25,0,0,2026-03-07 14:13:27.159,2026-03-07 14:13:27.159,,,false,
8054948d-f56e-4238-b306-a6aafbaaf6f0,86ecbec7-1381-43fa-9f0b-701e37d40083,,,chapter,42,0,0,2026-03-07 13:12:53.863,2026-03-07 13:12:53.863,,,false,
8065beba-b100-4650-8f0f-d21fe1203df8,fd6ac307-0703-4168-8e6b-755812f44bae,,,chapter,5,0,0,2026-03-07 15:43:48.607,2026-03-07 15:43:48.607,,,false,
80707427-ed02-4eb6-a285-9b5dff9e4614,fd6ac307-0703-4168-8e6b-755812f44bae,,,chapter,182,0,0,2026-03-07 13:25:22.961,2026-03-07 13:25:22.961,,,false,
8077a554-7980-4f77-bd06-3e26d3e71c26,61aa237e-d5bd-4f55-b5fc-be9683abc2c8,,,chapter,88,0,0,2026-03-07 13:23:56.386,2026-03-07 13:23:56.386,,,false,
80b3c53b-b9c6-4b2f-823e-24863dae118b,fd6ac307-0703-4168-8e6b-755812f44bae,,,chapter,281,0,0,2026-03-07 14:36:26.611,2026-03-07 14:36:26.611,,,false,
80bcc425-293e-4290-abc7-fe67007de3bf,fb09a54a-d9fa-404d-986a-bf1ccb7d2287,,,chapter,51,0,0,2026-03-07 15:22:58.976,2026-03-07 15:22:58.976,,,false,
80cd54d8-9602-4896-b64e-8ecae0ef049f,5fc9a5b6-e624-46f0-a9bc-df01537b4907,,,chapter,192,0,0,2026-03-07 13:41:21.316,2026-03-07 13:41:21.316,,,false,
80d51efb-b560-4618-9d1b-e131b623a7fd,a765dc53-3f13-4f00-a19b-aa2cb581c9dd,125e398e-2559-43d7-bd43-9855cc3af7ea,,chapter,179,0,0,2026-03-07 14:31:21.513,2026-03-07 14:31:21.513,,,false,
80fc6111-454f-4133-afb9-24ebc9d46c11,a765dc53-3f13-4f00-a19b-aa2cb581c9dd,125e398e-2559-43d7-bd43-9855cc3af7ea,,chapter,255,0,0,2026-03-07 15:28:27.53,2026-03-07 15:28:27.53,,,false,
8113e639-316a-4c99-bc36-80076bdedfef,a124c29b-236a-4dc5-9b03-290e082785d5,,,chapter,207,0,0,2026-03-07 14:14:09.671,2026-03-07 14:14:09.671,,,false,
811c2230-6439-4d40-a245-f1cffa308bfa,a765dc53-3f13-4f00-a19b-aa2cb581c9dd,6eef4131-c168-4f89-a4a9-b2ddde5c4ab8,,chapter,103,0,0,2026-03-07 13:16:22.462,2026-03-07 13:16:22.462,,,false,
811c5488-5e87-45e0-a898-6214b3c25471,86ecbec7-1381-43fa-9f0b-701e37d40083,,,chapter,85,0,0,2026-03-07 14:03:12.479,2026-03-07 14:03:12.479,,,false,
815f43e8-85b0-4357-a949-985de0efa3af,86ecbec7-1381-43fa-9f0b-701e37d40083,,,chapter,108,0,0,2026-03-07 12:08:38.723,2026-03-07 12:08:38.723,,,false,
816e74ea-2985-4f6b-b6e9-f1fb2ba550ce,86ecbec7-1381-43fa-9f0b-701e37d40083,,,chapter,122,0,0,2026-03-07 12:25:58.892,2026-03-07 12:25:58.892,,,false,
81bebee8-d03c-4b82-8c39-19e7e35ca3d9,a765dc53-3f13-4f00-a19b-aa2cb581c9dd,6eef4131-c168-4f89-a4a9-b2ddde5c4ab8,,chapter,162,0,0,2026-03-07 14:19:04.445,2026-03-07 14:19:04.445,,,false,
81c12970-5e15-46c2-8a53-9eb353866ad8,90be6fb3-9dcb-4cd1-8b2b-695e44ccc453,,,chapter,110,0,0,2026-03-07 12:24:39.999,2026-03-07 12:24:39.999,,,false,
81c4884d-5a7b-45d2-ac47-85d639ff8588,9be38f57-61b3-48fb-b053-984d2a423bd8,,,chapter,126,0,0,2026-03-07 12:28:27.137,2026-03-07 12:28:27.137,,,false,
81dabdb8-2db5-42be-961e-8a4b56842955,5fc9a5b6-e624-46f0-a9bc-df01537b4907,,,chapter,57,0,0,2026-03-07 14:44:47.636,2026-03-07 14:44:47.636,,,false,
81ee9b4c-8107-4b4f-b5c6-e987ba9f6bfd,a765dc53-3f13-4f00-a19b-aa2cb581c9dd,125e398e-2559-43d7-bd43-9855cc3af7ea,,chapter,205,0,0,2026-03-07 14:52:33.757,2026-03-07 14:52:33.757,,,false,
8200c142-c68a-48f9-99a2-ff8e9efb7e7c,fd6ac307-0703-4168-8e6b-755812f44bae,,,chapter,129,0,0,2026-03-07 12:33:49.875,2026-03-07 12:33:49.875,,,false,
820d00e9-8248-4a7a-8200-657b11c08eb3,a765dc53-3f13-4f00-a19b-aa2cb581c9dd,125e398e-2559-43d7-bd43-9855cc3af7ea,,chapter,195,0,0,2026-03-07 14:42:17.005,2026-03-07 14:42:17.005,,,false,
82128f2a-a2ee-433f-84c8-87b1b6cf6253,61829d6d-8dc1-411e-a3f8-2c26cb5606e8,,,chapter,22,0,0,2026-03-07 13:21:32.855,2026-03-07 13:21:32.855,,,false,
821bc114-1c2a-40d9-a732-a6945d215594,9be38f57-61b3-48fb-b053-984d2a423bd8,,,chapter,18,0,0,2026-03-07 12:43:09.895,2026-03-07 12:43:09.895,,,false,
8243e300-6b01-4d8d-aed8-b5e534e1abd7,a765dc53-3f13-4f00-a19b-aa2cb581c9dd,125e398e-2559-43d7-bd43-9855cc3af7ea,,chapter,226,0,0,2026-03-07 15:13:05.222,2026-03-07 15:13:05.222,,,false,
824f952e-20a1-4093-9424-e49ec273a04c,50a5c422-6a50-4eb6-b173-111ffffc3d41,,,chapter,239,0,0,2026-03-07 14:28:40.909,2026-03-07 14:28:40.909,,,false,
827631f8-2dc2-442d-a1a5-f4f15cf779bc,5fc9a5b6-e624-46f0-a9bc-df01537b4907,,,chapter,59,0,0,2026-03-07 14:44:52.379,2026-03-07 14:44:52.379,,,false,
82866d3e-e873-4eea-9580-fcad5bccfe4d,9be38f57-61b3-48fb-b053-984d2a423bd8,,,chapter,12,0,0,2026-03-07 12:27:36.461,2026-03-07 12:27:36.461,,,false,
8288e679-e018-4539-9faf-d468816da9f6,61aa237e-d5bd-4f55-b5fc-be9683abc2c8,,,chapter,30,0,0,2026-03-07 12:17:57.258,2026-03-07 12:17:57.258,,,false,
828c7e65-3a38-4227-ad28-d83a22c430ff,5fc9a5b6-e624-46f0-a9bc-df01537b4907,,,chapter,152,0,0,2026-03-07 12:48:37.243,2026-03-07 12:48:37.243,,,false,
82b03cbf-f4f8-4a31-8b7c-55bfbc40dcdc,a765dc53-3f13-4f00-a19b-aa2cb581c9dd,125e398e-2559-43d7-bd43-9855cc3af7ea,,chapter,242,0,0,2026-03-07 15:22:23.767,2026-03-07 15:22:23.767,,,false,
82b1f520-bf2f-4144-848d-cfad3924d582,50a5c422-6a50-4eb6-b173-111ffffc3d41,,,chapter,27,0,0,2026-03-07 14:49:37.246,2026-03-07 14:49:37.246,,,false,
82c3fdf5-eb4c-4bac-a8ed-92c1763877cd,a765dc53-3f13-4f00-a19b-aa2cb581c9dd,125e398e-2559-43d7-bd43-9855cc3af7ea,,chapter,239,0,0,2026-03-07 15:21:52.282,2026-03-07 15:21:52.282,,,false,
82c41c4d-c3d2-48c4-a386-a5e46c9312a0,50a5c422-6a50-4eb6-b173-111ffffc3d41,,,chapter,295,0,0,2026-03-07 15:10:58.221,2026-03-07 15:10:58.221,,,false,
82cd583b-ef5e-4000-a874-9317f0af12d6,90be6fb3-9dcb-4cd1-8b2b-695e44ccc453,,,chapter,151,0,0,2026-03-07 13:12:03.768,2026-03-07 13:12:03.768,,,false,
82ce6ca1-fb87-4923-8699-380cc76528dd,a124c29b-236a-4dc5-9b03-290e082785d5,,,chapter,196,0,0,2026-03-07 14:01:07.419,2026-03-07 14:01:07.419,,,false,
82eda81f-d0b0-4be9-ae67-d4c6c7207270,fd6ac307-0703-4168-8e6b-755812f44bae,,,chapter,109,0,0,2026-03-07 12:05:57.883,2026-03-07 12:05:57.883,,,false,
83131e8a-ca46-4003-819c-456ad143b82a,50a5c422-6a50-4eb6-b173-111ffffc3d41,,,chapter,458,0,0,2026-03-07 15:59:13.678,2026-03-07 15:59:13.678,,,false,
832ce5cd-5080-474f-afc9-6418cdd93536,fb09a54a-d9fa-404d-986a-bf1ccb7d2287,,,chapter,127,0,0,2026-03-07 12:29:40.555,2026-03-07 12:29:40.555,,,false,
8350a5ee-1b5b-41f9-a48f-3df8e6cfaca1,50a5c422-6a50-4eb6-b173-111ffffc3d41,,,chapter,432,0,0,2026-03-07 15:56:12.611,2026-03-07 15:56:12.611,,,false,
837b48b3-b742-414d-84f4-9a266cd14dfb,9a20020d-7bea-4fe6-8c9a-40712bf9e882,,,chapter,56,0,0,2026-03-07 13:09:51.269,2026-03-07 13:09:51.269,,,false,
83d88d88-9de5-438a-90b0-620ecb7303aa,fd6ac307-0703-4168-8e6b-755812f44bae,,,chapter,330,0,0,2026-03-07 15:16:49.029,2026-03-07 15:16:49.029,,,false,
83e90f26-c314-4a41-841a-d799cb2e19cf,5fc9a5b6-e624-46f0-a9bc-df01537b4907,,,chapter,148,0,0,2026-03-07 12:48:14.789,2026-03-07 12:48:14.789,,,false,
840f986d-8bab-47d1-8454-feee6b9ce48c,90be6fb3-9dcb-4cd1-8b2b-695e44ccc453,,,chapter,158,0,0,2026-03-07 13:30:11.607,2026-03-07 13:30:11.607,,,false,
843680b9-0cca-4723-856e-747861774591,a765dc53-3f13-4f00-a19b-aa2cb581c9dd,6eef4131-c168-4f89-a4a9-b2ddde5c4ab8,,chapter,8,0,0,2026-03-07 15:20:47.077,2026-03-07 15:20:47.077,,,false,
8446022d-0e57-473a-ba27-27323fd45713,5fc9a5b6-e624-46f0-a9bc-df01537b4907,,,chapter,77,0,0,2026-03-07 15:04:34.326,2026-03-07 15:04:34.326,,,false,
8453d961-9a34-4e0e-abcb-2a665259fc11,50a5c422-6a50-4eb6-b173-111ffffc3d41,,,chapter,162,0,0,2026-03-07 13:14:00.668,2026-03-07 13:14:00.668,,,false,
845bbed8-4f28-4447-9dae-f655d51cc929,fd6ac307-0703-4168-8e6b-755812f44bae,,,chapter,192,0,0,2026-03-07 13:43:10.4,2026-03-07 13:43:10.4,,,false,
847c04f5-117d-45e2-8ac2-665553ebff2e,90be6fb3-9dcb-4cd1-8b2b-695e44ccc453,,,chapter,170,0,0,2026-03-07 13:47:14.937,2026-03-07 13:47:14.937,,,false,
8484f1c1-a3ee-459c-b1b7-4a9da8444d30,61aa237e-d5bd-4f55-b5fc-be9683abc2c8,,,chapter,57,0,0,2026-03-07 12:49:57.873,2026-03-07 12:49:57.873,,,false,
8498646d-1cbd-41ee-a699-e16bb68ee97f,fd6ac307-0703-4168-8e6b-755812f44bae,,,chapter,169,0,0,2026-03-07 13:07:31.963,2026-03-07 13:07:31.963,,,false,
84b2c1cd-edf5-4b82-ab78-d427d398f89f,86ecbec7-1381-43fa-9f0b-701e37d40083,,,chapter,37,0,0,2026-03-07 12:57:40.311,2026-03-07 12:57:40.311,,,false,
84b6098d-e8da-4341-84aa-6d6820c16136,90be6fb3-9dcb-4cd1-8b2b-695e44ccc453,,,chapter,193,0,0,2026-03-07 14:02:12.339,2026-03-07 14:02:12.339,,,false,
84c167cb-293c-4d96-9552-09a44e75fbab,90be6fb3-9dcb-4cd1-8b2b-695e44ccc453,,,chapter,131,0,0,2026-03-07 12:55:49.102,2026-03-07 12:55:49.102,,,false,
84cac511-4105-4292-b887-3faabdb04d8a,5fc9a5b6-e624-46f0-a9bc-df01537b4907,,,chapter,217,0,0,2026-03-07 14:11:23.631,2026-03-07 14:11:23.631,,,false,
84e0ed5e-a1dc-4c80-a95c-430bb369f63b,fb09a54a-d9fa-404d-986a-bf1ccb7d2287,,,chapter,248.5,0,0,2026-03-07 14:43:14.122,2026-03-07 14:43:14.122,,,false,
84e248df-5d25-4716-ad28-ff84649a040c,5fc9a5b6-e624-46f0-a9bc-df01537b4907,,,chapter,101,0,0,2026-03-07 12:01:50.01,2026-03-07 12:01:50.01,,,false,
84fea5b0-4922-443c-855e-61618bc817a6,86ecbec7-1381-43fa-9f0b-701e37d40083,,,chapter,67,0,0,2026-03-07 13:32:30.99,2026-03-07 13:32:30.99,,,false,
85858906-2743-4466-b057-2750538750d3,50a5c422-6a50-4eb6-b173-111ffffc3d41,,,chapter,357,0,0,2026-03-07 15:37:34.998,2026-03-07 15:37:34.998,,,false,
85bc5c35-4a69-4d6a-bd4b-e8f0766cf702,fb09a54a-d9fa-404d-986a-bf1ccb7d2287,,,chapter,109,0,0,2026-03-07 12:12:16.298,2026-03-07 12:12:16.298,,,false,
85c18a80-9815-4925-9bf8-255fdedda9ab,fb09a54a-d9fa-404d-986a-bf1ccb7d2287,,,chapter,7,0,0,2026-03-07 15:29:53.88,2026-03-07 15:29:53.88,,,false,
85c8fd28-2b6c-4728-866f-10d2e4036838,fd6ac307-0703-4168-8e6b-755812f44bae,,,chapter,245,0,0,2026-03-07 14:12:59.837,2026-03-07 14:12:59.837,,,false,
85ca303d-832e-44fc-ba45-a46367c91cd6,af8258f2-06f0-4bde-a687-0b55a69cb2c0,,,chapter,55,0,0,2026-03-07 12:52:17.47,2026-03-07 12:52:17.47,,,false,
85d39fa8-43d7-4773-9c12-ae492fdb7f24,a765dc53-3f13-4f00-a19b-aa2cb581c9dd,6eef4131-c168-4f89-a4a9-b2ddde5c4ab8,,chapter,159,0,0,2026-03-07 14:18:36.869,2026-03-07 14:18:36.869,,,false,
860423b9-fa34-4f30-accd-411872b69519,a765dc53-3f13-4f00-a19b-aa2cb581c9dd,6eef4131-c168-4f89-a4a9-b2ddde5c4ab8,,chapter,139,0,0,2026-03-07 13:52:25.512,2026-03-07 13:52:25.512,,,false,
8609f341-31b9-4dcd-8989-69eddeeb0656,50a5c422-6a50-4eb6-b173-111ffffc3d41,,,chapter,282,0,0,2026-03-07 15:00:28.826,2026-03-07 15:00:28.826,,,false,
861163fd-1b20-4d35-998f-b17fb0a4b290,50a5c422-6a50-4eb6-b173-111ffffc3d41,,,chapter,377,0,0,2026-03-07 15:44:29.224,2026-03-07 15:44:29.224,,,false,
8615c60c-95b4-4458-b39d-8d920d514fb5,9be38f57-61b3-48fb-b053-984d2a423bd8,,,chapter,38,0,0,2026-03-07 13:15:07.056,2026-03-07 13:15:07.056,,,false,
86182d38-83de-44f0-93d6-af18af873d59,af8258f2-06f0-4bde-a687-0b55a69cb2c0,,,chapter,10,0,0,2026-03-07 12:06:26.991,2026-03-07 12:06:26.991,,,false,
86244439-a90e-469f-bd31-022e1adbd959,9be38f57-61b3-48fb-b053-984d2a423bd8,,,chapter,35,0,0,2026-03-07 13:00:13.186,2026-03-07 13:00:13.186,,,false,
8635dc5b-203a-4be5-a2ce-96c787d80c1c,50a5c422-6a50-4eb6-b173-111ffffc3d41,,,chapter,426,0,0,2026-03-07 15:54:01.919,2026-03-07 15:54:01.919,,,false,
86369cfe-7694-4fca-9c5d-288d44a2d4f6,fb09a54a-d9fa-404d-986a-bf1ccb7d2287,,,chapter,199,0,0,2026-03-07 14:08:45.602,2026-03-07 14:08:45.602,,,false,
863f1542-b668-4dcc-a143-cfc2e88265b1,af8258f2-06f0-4bde-a687-0b55a69cb2c0,,,chapter,90,0,0,2026-03-07 13:27:10.676,2026-03-07 13:27:10.676,,,false,
86536ccc-e4be-4daa-b2da-3c486d237c1a,d7ade2ee-4851-453d-95e7-3887ef041e80,,,chapter,15,1,0,2026-03-07 12:13:10.05,2026-03-07 12:13:10.05,,,false,
8675cfe6-1bdf-4b6b-93b7-80da3b475333,50a5c422-6a50-4eb6-b173-111ffffc3d41,,,chapter,471,0,0,2026-03-07 16:01:30.764,2026-03-07 16:01:30.764,,,false,
86772dab-679d-42d1-826b-43ae6adc30dd,fb09a54a-d9fa-404d-986a-bf1ccb7d2287,,,chapter,61,0,0,2026-03-07 15:23:53.032,2026-03-07 15:23:53.032,,,false,
868891b9-7a5e-41d9-92ce-655cab212199,fd6ac307-0703-4168-8e6b-755812f44bae,,,chapter,317,0,0,2026-03-07 15:06:22.523,2026-03-07 15:06:22.523,,,false,
869acc48-bc2f-4424-9daf-248bd64d73ff,a765dc53-3f13-4f00-a19b-aa2cb581c9dd,125e398e-2559-43d7-bd43-9855cc3af7ea,,chapter,132,0,0,2026-03-07 13:53:54.102,2026-03-07 13:53:54.102,,,false,
86a22872-98bf-4c35-85ba-b0f21b081839,d7ade2ee-4851-453d-95e7-3887ef041e80,,,chapter,7,0,0,2026-03-07 13:20:29.754,2026-03-07 13:20:29.754,,,false,
86af4276-9e88-408e-9925-b437ab327714,50a5c422-6a50-4eb6-b173-111ffffc3d41,,,chapter,221,0,0,2026-03-07 14:17:06.533,2026-03-07 14:17:06.533,,,false,
86b1f3f4-c929-440e-a64d-fd0c96951461,50a5c422-6a50-4eb6-b173-111ffffc3d41,,,chapter,12,0,0,2026-03-07 12:26:33.73,2026-03-07 12:26:33.73,,,false,
86b7fb09-fb44-4e17-98be-7da40fd5f95e,90be6fb3-9dcb-4cd1-8b2b-695e44ccc453,,,chapter,109,0,0,2026-03-07 12:24:44.438,2026-03-07 12:24:44.438,,,false,
86dc6bc8-2c22-4516-9d63-4b5e05ca90d7,90be6fb3-9dcb-4cd1-8b2b-695e44ccc453,,,chapter,130,0,0,2026-03-07 12:55:44.784,2026-03-07 12:55:44.784,,,false,
8720d6fc-ee3b-437a-8210-95d63c4c43f9,9be38f57-61b3-48fb-b053-984d2a423bd8,,,chapter,81,0,0,2026-03-07 14:05:22.613,2026-03-07 14:05:22.613,,,false,
873d04c4-adc0-4243-92fd-33a5e7dabe82,61829d6d-8dc1-411e-a3f8-2c26cb5606e8,,,chapter,117,0,0,2026-03-07 12:30:21.797,2026-03-07 12:30:21.797,,,false,
8746db07-4c96-4684-b76f-d5fac887e3aa,a765dc53-3f13-4f00-a19b-aa2cb581c9dd,125e398e-2559-43d7-bd43-9855cc3af7ea,,chapter,262,0,0,2026-03-07 15:29:04.999,2026-03-07 15:29:04.999,,,false,
87aaf854-af30-47d5-9b83-7001db3d7d63,fb09a54a-d9fa-404d-986a-bf1ccb7d2287,,,chapter,45,0,0,2026-03-07 15:15:02.258,2026-03-07 15:15:02.258,,,false,
87b2b32a-897e-4c1c-80e9-b8a700e7f656,a765dc53-3f13-4f00-a19b-aa2cb581c9dd,125e398e-2559-43d7-bd43-9855cc3af7ea,,chapter,283,0,0,2026-03-07 15:38:12.477,2026-03-07 15:38:12.477,,,false,
87b67dd4-5c62-4919-9b2d-847113d15734,fd6ac307-0703-4168-8e6b-755812f44bae,,,chapter,171,0,0,2026-03-07 13:24:42.5,2026-03-07 13:24:42.5,,,false,
87be13a9-46ad-4d8b-8726-76d363e887fa,a765dc53-3f13-4f00-a19b-aa2cb581c9dd,125e398e-2559-43d7-bd43-9855cc3af7ea,,chapter,14,0,0,2026-03-07 13:54:03.284,2026-03-07 13:54:03.284,,,false,
87c06041-1c9b-44d2-94c0-6b3227c1dbf0,a765dc53-3f13-4f00-a19b-aa2cb581c9dd,125e398e-2559-43d7-bd43-9855cc3af7ea,,chapter,32,0,0,2026-03-07 15:48:23.148,2026-03-07 15:48:23.148,,,false,
87d637ac-d138-4bd6-85af-f2ccf6b7382e,61829d6d-8dc1-411e-a3f8-2c26cb5606e8,,,chapter,93,0,0,2026-03-07 14:33:52.503,2026-03-07 14:33:52.503,,,false,
87d663bf-03a8-4ccb-bce3-96c012864f64,50a5c422-6a50-4eb6-b173-111ffffc3d41,,,chapter,367,0,0,2026-03-07 15:40:59.584,2026-03-07 15:40:59.584,,,false,
87e7763a-a03c-4797-b7e0-fa0ae368370a,a765dc53-3f13-4f00-a19b-aa2cb581c9dd,125e398e-2559-43d7-bd43-9855cc3af7ea,,chapter,177,0,0,2026-03-07 14:31:00.442,2026-03-07 14:31:00.442,,,false,
880dd810-cb73-4723-882d-def5a0343b3f,50a5c422-6a50-4eb6-b173-111ffffc3d41,,,chapter,151,0,0,2026-03-07 12:58:26.04,2026-03-07 12:58:26.04,,,false,
88729a9c-daea-49cf-9b70-bddb1f880aa3,90be6fb3-9dcb-4cd1-8b2b-695e44ccc453,,,chapter,9,0,0,2026-03-07 15:10:19.521,2026-03-07 15:10:19.521,,,false,
88e70156-fe38-4c26-9b99-181fba518079,fb09a54a-d9fa-404d-986a-bf1ccb7d2287,,,chapter,104,0,0,2026-03-07 12:12:07.341,2026-03-07 12:12:07.341,,,false,
88f3ac35-9cf3-4d68-806f-191c267d22b1,a765dc53-3f13-4f00-a19b-aa2cb581c9dd,125e398e-2559-43d7-bd43-9855cc3af7ea,,chapter,274,0,0,2026-03-07 15:33:55.2,2026-03-07 15:33:55.2,,,false,
88ffc2cb-d491-486d-bdeb-df965b299eef,af8258f2-06f0-4bde-a687-0b55a69cb2c0,,,chapter,85,0,0,2026-03-07 13:26:04.317,2026-03-07 13:26:04.317,,,false,
8912bbab-525c-48c9-b9e6-f6d2676dbdf6,fb09a54a-d9fa-404d-986a-bf1ccb7d2287,,,chapter,101,0,0,2026-03-07 12:11:53.963,2026-03-07 12:11:53.963,,,false,
89167a0d-708d-45e6-9e81-d7a871dc2dc3,50a5c422-6a50-4eb6-b173-111ffffc3d41,,,chapter,104,0,0,2026-03-07 12:09:35.611,2026-03-07 12:09:35.611,,,false,
8947f22b-a7b6-407c-beba-fd4dfa208b2d,50a5c422-6a50-4eb6-b173-111ffffc3d41,,,chapter,146,0,0,2026-03-07 12:58:21.731,2026-03-07 12:58:21.731,,,false,
894a2206-1c42-4ae5-9b71-c285cefd02f3,61aa237e-d5bd-4f55-b5fc-be9683abc2c8,,,chapter,26,0,0,2026-03-07 12:17:22.668,2026-03-07 12:17:22.668,,,false,
8954bbbd-e947-49c6-9356-e5d9aaa7f241,d7ade2ee-4851-453d-95e7-3887ef041e80,,,chapter,52,0,0,2026-03-07 13:02:49.764,2026-03-07 13:02:49.764,,,false,
895691fc-d058-4c46-85ce-178e8a007e43,50a5c422-6a50-4eb6-b173-111ffffc3d41,,,chapter,218,0,0,2026-03-07 14:16:45.117,2026-03-07 14:16:45.117,,,false,
896dc2c6-8bce-4ee4-9ca8-fb0c6ab9ebe7,a765dc53-3f13-4f00-a19b-aa2cb581c9dd,125e398e-2559-43d7-bd43-9855cc3af7ea,,chapter,138,0,0,2026-03-07 13:53:37.123,2026-03-07 13:53:37.123,,,false,
897641ec-291f-4211-ac97-07ba0445e0c0,5fc9a5b6-e624-46f0-a9bc-df01537b4907,,,chapter,9,0,0,2026-03-07 15:05:36.59,2026-03-07 15:05:36.59,,,false,
89a65614-88fa-4b96-980c-54e519b9f653,fd6ac307-0703-4168-8e6b-755812f44bae,,,chapter,352,0,0,2026-03-07 15:25:54.279,2026-03-07 15:25:54.279,,,false,
89ac8e42-ccec-4db6-bca2-96a4b2311171,50a5c422-6a50-4eb6-b173-111ffffc3d41,,,chapter,228,0,0,2026-03-07 14:17:33.25,2026-03-07 14:17:33.25,,,false,
89db99d5-f50e-4b46-a71c-d3a78fc00685,fb09a54a-d9fa-404d-986a-bf1ccb7d2287,,,chapter,244,0,0,2026-03-07 14:43:03.701,2026-03-07 14:43:03.701,,,false,
8a075aa8-89d6-4ff9-a86d-fb483ad75296,9a20020d-7bea-4fe6-8c9a-40712bf9e882,,,chapter,47,0,0,2026-03-07 13:09:29.411,2026-03-07 13:09:29.411,,,false,
8a2b08be-98d4-4afc-96b4-0bd507456a53,5fc9a5b6-e624-46f0-a9bc-df01537b4907,,,chapter,86,0,0,2026-03-07 15:05:19.003,2026-03-07 15:05:19.003,,,false,
8a4ad5c2-ac80-47e4-8c63-a90b72ce4f33,61829d6d-8dc1-411e-a3f8-2c26cb5606e8,,,chapter,45,0,0,2026-03-07 13:56:33.725,2026-03-07 13:56:33.725,,,false,
8a577b78-f9fd-42a4-bbf8-2a15414a0ca8,a124c29b-236a-4dc5-9b03-290e082785d5,,,chapter,182,0,0,2026-03-07 13:46:42.883,2026-03-07 13:46:42.883,,,false,
8a5efde6-d172-4330-a99d-d53dc3d1b7ee,86ecbec7-1381-43fa-9f0b-701e37d40083,,,chapter,83,0,0,2026-03-07 14:02:58.09,2026-03-07 14:02:58.09,,,false,
8a80ad08-7122-4e8f-a58e-b27ef9bcab0c,a124c29b-236a-4dc5-9b03-290e082785d5,,,chapter,138,0,0,2026-03-07 12:55:14.613,2026-03-07 12:55:14.613,,,false,
8a858711-0b8e-46f5-b720-dd377eddcfab,fb09a54a-d9fa-404d-986a-bf1ccb7d2287,,,chapter,31,0,0,2026-03-07 15:04:22.004,2026-03-07 15:04:22.004,,,false,
8a861ca2-105b-4d9c-8ba6-08f435e38e2d,50a5c422-6a50-4eb6-b173-111ffffc3d41,,,chapter,173,0,0,2026-03-07 13:32:44.308,2026-03-07 13:32:44.308,,,false,
8a9476a0-d298-4575-b797-5389ad983abc,9be38f57-61b3-48fb-b053-984d2a423bd8,,,chapter,51,0,0,2026-03-07 13:34:28.658,2026-03-07 13:34:28.658,,,false,
8ab0318a-7135-4577-a994-339fb5a5cb6f,a124c29b-236a-4dc5-9b03-290e082785d5,,,chapter,198,0,0,2026-03-07 14:01:20.097,2026-03-07 14:01:20.097,,,false,
8ab4483c-f1d1-4b62-b39c-ab9d7af7ce4e,fb09a54a-d9fa-404d-986a-bf1ccb7d2287,,,chapter,179,0,0,2026-03-07 13:37:49.515,2026-03-07 13:37:49.515,,,false,
8ab8bb24-ba6d-4bc9-8332-a219f84257da,61aa237e-d5bd-4f55-b5fc-be9683abc2c8,,,chapter,28,0,0,2026-03-07 12:17:16.153,2026-03-07 12:17:16.153,,,false,
8abc67a6-b256-41ac-a3fd-c5538da412ab,61aa237e-d5bd-4f55-b5fc-be9683abc2c8,,,chapter,76,0,0,2026-03-07 13:06:31.202,2026-03-07 13:06:31.202,,,false,
8ac236fc-14e9-454a-aa7a-5851e4985b5e,a765dc53-3f13-4f00-a19b-aa2cb581c9dd,125e398e-2559-43d7-bd43-9855cc3af7ea,,chapter,9,0,0,2026-03-07 15:59:51.222,2026-03-07 15:59:51.222,,,false,
8ac95227-51f8-4f52-969c-d01f4134f1fe,fb09a54a-d9fa-404d-986a-bf1ccb7d2287,,,chapter,190,0,0,2026-03-07 13:55:19.763,2026-03-07 13:55:19.763,,,false,
8ad85a35-1d28-4653-8032-f3006e298f10,d7ade2ee-4851-453d-95e7-3887ef041e80,,,chapter,92,0,0,2026-03-07 13:39:19.639,2026-03-07 13:39:19.639,,,false,
8af0170c-c9c1-4f81-9f2e-7270b42cdde8,50a5c422-6a50-4eb6-b173-111ffffc3d41,,,chapter,401,0,0,2026-03-07 15:50:18.302,2026-03-07 15:50:18.302,,,false,
8b201ea4-756c-408e-8a2e-cea621183fcc,61aa237e-d5bd-4f55-b5fc-be9683abc2c8,,,chapter,45,0,0,2026-03-07 12:33:29.421,2026-03-07 12:33:29.421,,,false,
8b4076c9-0192-4bba-9d46-1f6f990c0226,a765dc53-3f13-4f00-a19b-aa2cb581c9dd,6eef4131-c168-4f89-a4a9-b2ddde5c4ab8,,chapter,100,0,0,2026-03-07 13:16:31.123,2026-03-07 13:16:31.123,,,false,
8b45c866-da2a-4f85-a295-09e19b1dd3bb,a124c29b-236a-4dc5-9b03-290e082785d5,,,chapter,12,0,0,2026-03-07 12:38:29.282,2026-03-07 12:38:29.282,,,false,
8b9b3eb0-a2b3-426c-9977-cd5e34682ae2,9be38f57-61b3-48fb-b053-984d2a423bd8,,,chapter,107,0,0,2026-03-07 12:10:49.363,2026-03-07 12:10:49.363,,,false,
8bb43cd9-7197-4f1e-91fe-1a9ed32c9a49,a765dc53-3f13-4f00-a19b-aa2cb581c9dd,6eef4131-c168-4f89-a4a9-b2ddde5c4ab8,,chapter,30,0,0,2026-03-07 14:41:14.762,2026-03-07 14:41:14.762,,,false,
8bba2688-2411-4d3c-8206-8b3abec49a5f,5fc9a5b6-e624-46f0-a9bc-df01537b4907,,,chapter,103,0,0,2026-03-07 12:01:58.768,2026-03-07 12:01:58.768,,,false,
8bc41e2e-f691-44ad-8e3e-93820516e692,a765dc53-3f13-4f00-a19b-aa2cb581c9dd,6eef4131-c168-4f89-a4a9-b2ddde5c4ab8,,chapter,38,0,0,2026-03-07 14:49:44.305,2026-03-07 14:49:44.305,,,false,
8bd2fc7a-497a-4b66-a9b1-64ede36fae0e,61aa237e-d5bd-4f55-b5fc-be9683abc2c8,,,chapter,25,0,0,2026-03-07 12:17:02.384,2026-03-07 12:17:02.384,,,false,
8be1d027-cde4-40a8-b550-6b20fd726bdf,fd6ac307-0703-4168-8e6b-755812f44bae,,,chapter,10,0,0,2026-03-07 12:05:24.041,2026-03-07 12:05:24.041,,,false,
8bf21556-ecd0-470e-af80-2959de2580de,50a5c422-6a50-4eb6-b173-111ffffc3d41,,,chapter,451,0,0,2026-03-07 15:58:36.538,2026-03-07 15:58:36.538,,,false,
8bfd72a3-d432-428a-afc9-f436745b6583,50a5c422-6a50-4eb6-b173-111ffffc3d41,,,chapter,291,0,0,2026-03-07 15:11:20.185,2026-03-07 15:11:20.185,,,false,
8c1d5e8a-f2cd-4815-ac1c-86deacfbe5b9,a124c29b-236a-4dc5-9b03-290e082785d5,,,chapter,227,0,0,2026-03-07 14:26:26.246,2026-03-07 14:26:26.246,,,false,
8c77e497-72a8-49f5-8554-cc987e166ddc,61aa237e-d5bd-4f55-b5fc-be9683abc2c8,,,chapter,69,0,0,2026-03-07 13:05:25.602,2026-03-07 13:05:25.602,,,false,
8c7a54b3-4fe8-42a6-bc4c-76b90bcafd0d,90be6fb3-9dcb-4cd1-8b2b-695e44ccc453,,,chapter,97,0,0,2026-03-07 15:19:19.702,2026-03-07 15:19:19.702,,,false,
8c7a9d0b-8fa0-4271-a380-bac0d6cfd5f1,5fc9a5b6-e624-46f0-a9bc-df01537b4907,,,chapter,38,0,0,2026-03-07 14:34:35.945,2026-03-07 14:34:35.945,,,false,
8c950a34-f97a-4af0-944b-3e0454422ece,61829d6d-8dc1-411e-a3f8-2c26cb5606e8,,,chapter,124,0,0,2026-03-07 12:30:47.878,2026-03-07 12:30:47.878,,,false,
8c9d7c78-6868-44ed-ac1b-bd9330f4d8dc,86ecbec7-1381-43fa-9f0b-701e37d40083,,,chapter,117,0,0,2026-03-07 12:25:14.646,2026-03-07 12:25:14.646,,,false,
8cc69037-d565-4bcd-ad28-3d6f2b51ec66,fb09a54a-d9fa-404d-986a-bf1ccb7d2287,,,chapter,246,0,0,2026-03-07 14:42:45.767,2026-03-07 14:42:45.767,,,false,
8cfcb6fd-3350-4f43-8f50-44a576342670,61aa237e-d5bd-4f55-b5fc-be9683abc2c8,,,chapter,3,0,0,2026-03-07 12:17:46.396,2026-03-07 12:17:46.396,,,false,
8d0b7557-114d-4e42-ab39-2e5d4900f81e,50a5c422-6a50-4eb6-b173-111ffffc3d41,,,chapter,6,0,0,2026-03-07 16:06:15.379,2026-03-07 16:06:15.379,,,false,
8d2d2c6f-2578-4905-ad86-3e4906aa2e54,9a20020d-7bea-4fe6-8c9a-40712bf9e882,,,chapter,74,0,0,2026-03-07 13:45:02.37,2026-03-07 13:45:02.37,,,false,
8d4aa5d2-b5d6-4610-a590-2dce52bdc3dd,90be6fb3-9dcb-4cd1-8b2b-695e44ccc453,,,chapter,63,0,0,2026-03-07 14:48:40.285,2026-03-07 14:48:40.285,,,false,
8d67af7e-8a5a-4da2-ae9c-fe89a5a66318,50a5c422-6a50-4eb6-b173-111ffffc3d41,,,chapter,404,0,0,2026-03-07 15:50:25.947,2026-03-07 15:50:25.947,,,false,
8d7eea03-86ba-497c-bdfd-8e00582124de,50a5c422-6a50-4eb6-b173-111ffffc3d41,,,chapter,436,0,0,2026-03-07 15:56:49.886,2026-03-07 15:56:49.886,,,false,
8d83aa08-7688-4876-a235-03b5b468d3f0,50a5c422-6a50-4eb6-b173-111ffffc3d41,,,chapter,191,0,0,2026-03-07 13:49:38.502,2026-03-07 13:49:38.502,,,false,
8d89ac04-0699-4f35-91bb-c1cf0067da9b,5fc9a5b6-e624-46f0-a9bc-df01537b4907,,,chapter,132,0,0,2026-03-07 12:31:24.517,2026-03-07 12:31:24.517,,,false,
8d9d8c51-0476-4224-8fc5-25f8eb9837fe,50a5c422-6a50-4eb6-b173-111ffffc3d41,,,chapter,84,0,0,2026-03-07 16:08:14.345,2026-03-07 16:08:14.345,,,false,
8da71ace-439f-4931-bd56-d9c269b38676,50a5c422-6a50-4eb6-b173-111ffffc3d41,,,chapter,99,0,0,2026-03-07 16:09:16.464,2026-03-07 16:09:16.464,,,false,
8db787d3-8f85-4ee0-8cbc-fc469de5c3ce,9a20020d-7bea-4fe6-8c9a-40712bf9e882,,,chapter,71,0,0,2026-03-07 13:28:12.286,2026-03-07 13:28:12.286,,,false,
8dc18f66-84d0-4081-9d28-b549acd362a1,90be6fb3-9dcb-4cd1-8b2b-695e44ccc453,,,chapter,162,0,0,2026-03-07 13:30:29.845,2026-03-07 13:30:29.845,,,false,
8dc884b3-fa3d-42b1-ac04-ee9d90cc8612,a124c29b-236a-4dc5-9b03-290e082785d5,,,chapter,168,0,0,2026-03-07 13:29:08.746,2026-03-07 13:29:08.746,,,false,
8dcd7be3-62a7-42d2-b603-a1ca87148e9f,fd6ac307-0703-4168-8e6b-755812f44bae,,,chapter,322,0,0,2026-03-07 15:06:18.139,2026-03-07 15:06:18.139,,,false,
8dce2a87-44b3-4371-84c7-c3e3fba71984,90be6fb3-9dcb-4cd1-8b2b-695e44ccc453,,,chapter,23,0,0,2026-03-07 14:15:55.473,2026-03-07 14:15:55.473,,,false,
8de5cda5-03aa-4167-b819-17bf50415555,9be38f57-61b3-48fb-b053-984d2a423bd8,,,chapter,39,0,0,2026-03-07 13:15:02.661,2026-03-07 13:15:02.661,,,false,
8df74ef6-9830-4814-9062-d94115437a50,a124c29b-236a-4dc5-9b03-290e082785d5,,,chapter,183,0,0,2026-03-07 13:46:51.532,2026-03-07 13:46:51.532,,,false,
8e0e9b38-cc8f-4865-8824-8ed15edc254a,a765dc53-3f13-4f00-a19b-aa2cb581c9dd,125e398e-2559-43d7-bd43-9855cc3af7ea,,chapter,116,0,0,2026-03-07 13:36:09.19,2026-03-07 13:36:09.19,,,false,
8e1803ce-c7a7-4fdb-bf72-24b5878d4032,fb09a54a-d9fa-404d-986a-bf1ccb7d2287,,,chapter,259,0,0,2026-03-07 14:53:28.979,2026-03-07 14:53:28.979,,,false,
8e466f0d-6b76-408f-ae7d-904bec2b9411,90be6fb3-9dcb-4cd1-8b2b-695e44ccc453,,,chapter,88.5,0,0,2026-03-07 15:10:05.313,2026-03-07 15:10:05.313,,,false,
8e47ba79-e1d0-4a6e-a18c-9586c1ff00f3,a765dc53-3f13-4f00-a19b-aa2cb581c9dd,125e398e-2559-43d7-bd43-9855cc3af7ea,,chapter,152,0,0,2026-03-07 14:08:15.319,2026-03-07 14:08:15.319,,,false,
8e49081f-f986-4520-a190-8c0814241acb,5fc9a5b6-e624-46f0-a9bc-df01537b4907,,,chapter,177,0,0,2026-03-07 13:22:21.226,2026-03-07 13:22:21.226,,,false,
8e55c1ed-57af-424e-aa19-d041fd40349c,50a5c422-6a50-4eb6-b173-111ffffc3d41,,,chapter,199,0,0,2026-03-07 13:50:30.253,2026-03-07 13:50:30.253,,,false,
8ec5eb8b-5e48-4ac9-9168-7388b95c4e4e,a124c29b-236a-4dc5-9b03-290e082785d5,,,chapter,69,0,0,2026-03-07 15:08:19.344,2026-03-07 15:08:19.344,,,false,
8ede388d-8a9e-41aa-8705-7b87402dca15,61829d6d-8dc1-411e-a3f8-2c26cb5606e8,,,chapter,16,0,0,2026-03-07 13:21:08.135,2026-03-07 13:21:08.135,,,false,
8f40d01b-25bc-43af-a8fc-321099cfa8f0,9be38f57-61b3-48fb-b053-984d2a423bd8,,,chapter,42,0,0,2026-03-07 13:15:19.841,2026-03-07 13:15:19.841,,,false,
8f454c85-9e45-4693-91df-9bbe0d8805de,5fc9a5b6-e624-46f0-a9bc-df01537b4907,,,chapter,163,0,0,2026-03-07 13:04:30.311,2026-03-07 13:04:30.311,,,false,
8f4f6d24-3494-4411-bfcb-92c8c7de1b38,a124c29b-236a-4dc5-9b03-290e082785d5,,,chapter,169,0,0,2026-03-07 13:29:18.565,2026-03-07 13:29:18.565,,,false,
8f9e638e-7e40-4c82-937d-1f2d4565b53f,fb09a54a-d9fa-404d-986a-bf1ccb7d2287,,,chapter,43,0,0,2026-03-07 15:14:39.696,2026-03-07 15:14:39.696,,,false,
8fb0bdc7-411f-4e1d-8f91-6a97e9c72e77,a124c29b-236a-4dc5-9b03-290e082785d5,,,chapter,150,0,0,2026-03-07 13:10:46.068,2026-03-07 13:10:46.068,,,false,
8fbb08d6-5e51-48c1-b7b9-c8231fae909b,50a5c422-6a50-4eb6-b173-111ffffc3d41,,,chapter,189,0,0,2026-03-07 13:49:26.133,2026-03-07 13:49:26.133,,,false,
8fbf83d2-8830-4a8c-b73d-bcda3a84120a,fd6ac307-0703-4168-8e6b-755812f44bae,,,chapter,265,0,0,2026-03-07 14:25:07.79,2026-03-07 14:25:07.79,,,false,
8fdd50dc-3205-4eae-939c-038156e5581c,90be6fb3-9dcb-4cd1-8b2b-695e44ccc453,,,chapter,156,0,0,2026-03-07 13:30:06.609,2026-03-07 13:30:06.609,,,false,
8fe72756-f61b-4198-bbc5-bdf1471581e9,50a5c422-6a50-4eb6-b173-111ffffc3d41,,,chapter,305,0,0,2026-03-07 15:19:40.884,2026-03-07 15:19:40.884,,,false,
8ff34b6b-741a-4baa-b012-194370c0ac5d,a124c29b-236a-4dc5-9b03-290e082785d5,,,chapter,157,0,0,2026-03-07 13:28:30.874,2026-03-07 13:28:30.874,,,false,
8ffec408-8d80-400d-a47f-8302d2a06bab,a765dc53-3f13-4f00-a19b-aa2cb581c9dd,125e398e-2559-43d7-bd43-9855cc3af7ea,,chapter,64,0,0,2026-03-07 15:55:13.319,2026-03-07 15:55:13.319,,,false,
901143a4-87ed-4186-a38b-be2b757cbb3c,a765dc53-3f13-4f00-a19b-aa2cb581c9dd,125e398e-2559-43d7-bd43-9855cc3af7ea,,chapter,300.5,0,0,2026-03-07 15:42:36.28,2026-03-07 15:42:36.28,,,false,
901a3cf2-92fd-4fb2-8ecf-a21bcebbf28a,90be6fb3-9dcb-4cd1-8b2b-695e44ccc453,,,chapter,111,0,0,2026-03-07 12:39:06.621,2026-03-07 12:39:06.621,,,false,
904faca5-d9bb-4599-a53a-61e87ec6cbcc,a765dc53-3f13-4f00-a19b-aa2cb581c9dd,125e398e-2559-43d7-bd43-9855cc3af7ea,,chapter,294,0,0,2026-03-07 15:42:03.465,2026-03-07 15:42:03.465,,,false,
905716ba-eb90-4694-803b-3b60d12f41cc,50a5c422-6a50-4eb6-b173-111ffffc3d41,,,chapter,187,0,0,2026-03-07 13:49:34.379,2026-03-07 13:49:34.379,,,false,
906e6218-f818-44e8-ba57-6e5a4306c212,fd6ac307-0703-4168-8e6b-755812f44bae,,,chapter,284,0,0,2026-03-07 14:36:36.33,2026-03-07 14:36:36.33,,,false,
90c48e2d-f665-41ee-b613-dcdb3954ae37,5fc9a5b6-e624-46f0-a9bc-df01537b4907,,,chapter,123,0,0,2026-03-07 12:16:00.4,2026-03-07 12:16:00.4,,,false,
90e4eb4c-9cf0-4800-aa29-d669aa0c8f7e,a765dc53-3f13-4f00-a19b-aa2cb581c9dd,125e398e-2559-43d7-bd43-9855cc3af7ea,,chapter,181,0,0,2026-03-07 14:31:25.642,2026-03-07 14:31:25.642,,,false,
90e75870-7829-4da7-bde8-92de9f135cc9,a124c29b-236a-4dc5-9b03-290e082785d5,,,chapter,73,0,0,2026-03-07 15:08:38.283,2026-03-07 15:08:38.283,,,false,
90e91cdd-f319-44bd-b3d9-bd3d99a39a67,af8258f2-06f0-4bde-a687-0b55a69cb2c0,,,chapter,75,0,0,2026-03-07 13:08:40.479,2026-03-07 13:08:40.479,,,false,
91196d33-e94c-475e-a014-2556463f4e8f,9a20020d-7bea-4fe6-8c9a-40712bf9e882,,,chapter,106,0,0,2026-03-07 12:22:07.576,2026-03-07 12:22:07.576,,,false,
911e0d93-8fb6-4f96-bc9e-cc654442c6aa,fb09a54a-d9fa-404d-986a-bf1ccb7d2287,,,chapter,13,0,0,2026-03-07 12:44:28.258,2026-03-07 12:44:28.258,,,false,
91389094-a7fa-47f2-b1ae-52a74671e92c,a124c29b-236a-4dc5-9b03-290e082785d5,,,chapter,126,0,0,2026-03-07 12:38:48.088,2026-03-07 12:38:48.088,,,false,
91409ada-f39a-4d77-a384-4ebd2546b359,5fc9a5b6-e624-46f0-a9bc-df01537b4907,,,chapter,145,0,0,2026-03-07 12:47:59.005,2026-03-07 12:47:59.005,,,false,
91884d69-82ab-4ab7-bc00-3bada990ddc3,9a20020d-7bea-4fe6-8c9a-40712bf9e882,,,chapter,82,0,0,2026-03-07 13:45:06.874,2026-03-07 13:45:06.874,,,false,
91925a93-e4ed-4255-8d18-199fd5739fa9,af8258f2-06f0-4bde-a687-0b55a69cb2c0,,,chapter,3,1,0,2026-03-07 12:20:33.572,2026-03-07 12:20:33.572,,,false,
919e3aa5-6f39-41aa-838a-2864ce23ec2b,86ecbec7-1381-43fa-9f0b-701e37d40083,,,chapter,122.5,0,0,2026-03-07 12:25:55.468,2026-03-07 12:25:55.468,,,false,
91a599d0-f7d4-4342-aa53-62e4bf4a91af,fd6ac307-0703-4168-8e6b-755812f44bae,,,chapter,156,0,0,2026-03-07 12:51:10.944,2026-03-07 12:51:10.944,,,false,
91d0b7a2-6617-450a-bd8a-624535cbcf05,61829d6d-8dc1-411e-a3f8-2c26cb5606e8,,,chapter,81,0,0,2026-03-07 14:23:15.752,2026-03-07 14:23:15.752,,,false,
91d77310-1c98-423a-90dc-fa71cd7eee45,a765dc53-3f13-4f00-a19b-aa2cb581c9dd,6eef4131-c168-4f89-a4a9-b2ddde5c4ab8,,chapter,122,0,0,2026-03-07 13:35:33.093,2026-03-07 13:35:33.093,,,false,
91db5ee3-a9d0-48dc-846f-5f45c6055871,9be38f57-61b3-48fb-b053-984d2a423bd8,,,chapter,105,0,0,2026-03-07 12:10:54.283,2026-03-07 12:10:54.283,,,false,
91db7813-e428-4f6b-afea-d95c679c5236,86ecbec7-1381-43fa-9f0b-701e37d40083,,,chapter,114,0,0,2026-03-07 12:25:01.125,2026-03-07 12:25:01.125,,,false,
91db9533-d68a-4446-88f1-014e2a6548ad,a124c29b-236a-4dc5-9b03-290e082785d5,,,chapter,160,0,0,2026-03-07 13:28:40.326,2026-03-07 13:28:40.326,,,false,
91e7a3e4-f14e-48d2-aadf-3371bf6d1eee,90be6fb3-9dcb-4cd1-8b2b-695e44ccc453,,,chapter,123,0,0,2026-03-07 12:40:06.813,2026-03-07 12:40:06.813,,,false,
91f05d7a-1749-43fa-9536-573b92107637,9a20020d-7bea-4fe6-8c9a-40712bf9e882,,,chapter,15,0,0,2026-03-07 12:22:24.618,2026-03-07 12:22:24.618,,,false,
92014ca5-9afe-4d4b-a838-5ecbbc3294b1,50a5c422-6a50-4eb6-b173-111ffffc3d41,,,chapter,317,0,0,2026-03-07 15:27:07.239,2026-03-07 15:27:07.239,,,false,
92382bb0-6e52-4ea7-8604-70711535da4a,d7ade2ee-4851-453d-95e7-3887ef041e80,,,chapter,70,0,0,2026-03-07 13:20:25.381,2026-03-07 13:20:25.381,,,false,
92415432-f0b7-4f42-b344-976546fc6398,a124c29b-236a-4dc5-9b03-290e082785d5,,,chapter,6,0,0,2026-03-07 14:57:31.925,2026-03-07 14:57:31.925,,,false,
9242a069-580c-43d8-bc72-dc5096beb4dc,fb09a54a-d9fa-404d-986a-bf1ccb7d2287,,,chapter,253,0,0,2026-03-07 14:43:31.429,2026-03-07 14:43:31.429,,,false,
9250afe2-62f0-463a-9604-c7a043576da8,86ecbec7-1381-43fa-9f0b-701e37d40083,,,chapter,89,0,0,2026-03-07 14:03:33.494,2026-03-07 14:03:33.494,,,false,
925c6b09-b231-47e5-9a29-537aab4c6c6e,5fc9a5b6-e624-46f0-a9bc-df01537b4907,,,chapter,88,0,0,2026-03-07 15:05:28.227,2026-03-07 15:05:28.227,,,false,
927a5d4c-e907-4ce5-a5a3-8bd6320a293c,5fc9a5b6-e624-46f0-a9bc-df01537b4907,,,chapter,218,0,0,2026-03-07 14:11:28.64,2026-03-07 14:11:28.64,,,false,
92961eea-b8ab-415c-a9fa-7c8b7083fd85,5fc9a5b6-e624-46f0-a9bc-df01537b4907,,,chapter,187,0,0,2026-03-07 13:40:45.842,2026-03-07 13:40:45.842,,,false,
92b1dae9-4c62-446b-81be-c98a6a19a2c4,a765dc53-3f13-4f00-a19b-aa2cb581c9dd,125e398e-2559-43d7-bd43-9855cc3af7ea,,chapter,196,0,0,2026-03-07 14:42:24.47,2026-03-07 14:42:24.47,,,false,
92bcecbd-8ae4-408f-b2a6-a2052c0bcd86,a765dc53-3f13-4f00-a19b-aa2cb581c9dd,6eef4131-c168-4f89-a4a9-b2ddde5c4ab8,,chapter,171,0,0,2026-03-07 14:29:07.987,2026-03-07 14:29:07.987,,,false,
92e25132-f99b-402f-9dd6-7d0343cf0c87,50a5c422-6a50-4eb6-b173-111ffffc3d41,,,chapter,304,0,0,2026-03-07 15:19:57.168,2026-03-07 15:19:57.168,,,false,
92ec813d-1340-49c1-9490-c78b6c2fed02,fd6ac307-0703-4168-8e6b-755812f44bae,,,chapter,391,0,0,2026-03-07 15:39:44.26,2026-03-07 15:39:44.26,,,false,
92f10ffe-ba03-4e8e-9382-c99cdfbd7f28,a765dc53-3f13-4f00-a19b-aa2cb581c9dd,125e398e-2559-43d7-bd43-9855cc3af7ea,,chapter,282,0,0,2026-03-07 15:38:08.683,2026-03-07 15:38:08.683,,,false,
92f4dd96-b47d-44d3-9d2d-bce54efec2b8,fd6ac307-0703-4168-8e6b-755812f44bae,,,chapter,58,0,0,2026-03-07 15:46:37.69,2026-03-07 15:46:37.69,,,false,
92f62f48-ac14-4bf3-b75f-e136955a09aa,50a5c422-6a50-4eb6-b173-111ffffc3d41,,,chapter,240,0,0,2026-03-07 14:28:49.73,2026-03-07 14:28:49.73,,,false,
93230878-5772-430c-b0c8-0bbcc5453a73,61829d6d-8dc1-411e-a3f8-2c26cb5606e8,,,chapter,7,0,0,2026-03-07 14:22:18.065,2026-03-07 14:22:18.065,,,false,
93243c2e-30ae-47c8-bdae-c89d7f0cf75b,9be38f57-61b3-48fb-b053-984d2a423bd8,,,chapter,56.5,0,0,2026-03-07 13:34:01.617,2026-03-07 13:34:01.617,,,false,
9367ad42-c074-40ca-88c1-7197aaae7b75,61829d6d-8dc1-411e-a3f8-2c26cb5606e8,,,chapter,140,0,0,2026-03-07 12:47:36.832,2026-03-07 12:47:36.832,,,false,
937ef9bd-e192-4be6-89f6-6d9d358737d2,50a5c422-6a50-4eb6-b173-111ffffc3d41,,,chapter,307,0,0,2026-03-07 15:20:17.641,2026-03-07 15:20:17.641,,,false,
939a0b7d-03bc-4546-82c4-9b8d534380f7,fb09a54a-d9fa-404d-986a-bf1ccb7d2287,,,chapter,145,0,0,2026-03-07 13:01:12.822,2026-03-07 13:01:12.822,,,false,
939e9890-c8ad-426a-9b11-10e334da8fcc,50a5c422-6a50-4eb6-b173-111ffffc3d41,,,chapter,430,0,0,2026-03-07 15:56:03.536,2026-03-07 15:56:03.536,,,false,
93a41534-63f1-4d79-82dd-286096f1122f,a765dc53-3f13-4f00-a19b-aa2cb581c9dd,125e398e-2559-43d7-bd43-9855cc3af7ea,,chapter,244,0,0,2026-03-07 15:22:08.098,2026-03-07 15:22:08.098,,,false,
93cb4b23-4fc1-4a94-b897-280c1abd09fd,a765dc53-3f13-4f00-a19b-aa2cb581c9dd,6eef4131-c168-4f89-a4a9-b2ddde5c4ab8,,chapter,62,0,0,2026-03-07 15:01:42.025,2026-03-07 15:01:42.025,,,false,
9405e80b-0cb5-488c-b3b8-0fdafc2713eb,5fc9a5b6-e624-46f0-a9bc-df01537b4907,,,chapter,92,0,0,2026-03-07 15:15:32.118,2026-03-07 15:15:32.118,,,false,
9413b40a-6093-4620-b65a-db59db1bfb76,a765dc53-3f13-4f00-a19b-aa2cb581c9dd,6eef4131-c168-4f89-a4a9-b2ddde5c4ab8,,chapter,60,0,0,2026-03-07 15:01:37.286,2026-03-07 15:01:37.286,,,false,
94388655-65e8-4c83-b7b8-79a8b5f9374f,50a5c422-6a50-4eb6-b173-111ffffc3d41,,,chapter,418,0,0,2026-03-07 15:53:32.168,2026-03-07 15:53:32.168,,,false,
943f94a4-ea01-4df5-8363-13eed8b23c06,fb09a54a-d9fa-404d-986a-bf1ccb7d2287,,,chapter,138,0,0,2026-03-07 12:45:04.196,2026-03-07 12:45:04.196,,,false,
9445ece1-d12d-4599-af62-4fac23adac06,61829d6d-8dc1-411e-a3f8-2c26cb5606e8,,,chapter,128,0,0,2026-03-07 12:46:35.046,2026-03-07 12:46:35.046,,,false,
9451672f-7a9a-4835-81f7-3c590cd6811d,a765dc53-3f13-4f00-a19b-aa2cb581c9dd,125e398e-2559-43d7-bd43-9855cc3af7ea,,chapter,20,0,0,2026-03-07 14:52:15.932,2026-03-07 14:52:15.932,,,false,
9454803b-b119-4a0c-ac71-4db575c0b0fb,af8258f2-06f0-4bde-a687-0b55a69cb2c0,,,chapter,91,0,0,2026-03-07 13:27:04.861,2026-03-07 13:27:04.861,,,false,
9459d6fa-962f-4baa-aec6-b9f88bf4a2ef,90be6fb3-9dcb-4cd1-8b2b-695e44ccc453,,,chapter,22,0,0,2026-03-07 14:15:49.986,2026-03-07 14:15:49.986,,,false,
945f1f95-dc75-4705-9827-773e370f7e8d,86ecbec7-1381-43fa-9f0b-701e37d40083,,,chapter,1,3,0,2026-03-07 12:07:52.657,2026-03-07 12:07:52.657,,,false,
94a7d14b-0b4b-4588-94e4-a5c925a4ef4f,fd6ac307-0703-4168-8e6b-755812f44bae,,,chapter,167,0,0,2026-03-07 13:07:16.533,2026-03-07 13:07:16.533,,,false,
94a7e3c0-6744-44de-8d86-23d2147b9f3d,86ecbec7-1381-43fa-9f0b-701e37d40083,,,chapter,51,0,0,2026-03-07 13:13:23.545,2026-03-07 13:13:23.545,,,false,
94aa9129-abd5-4ad9-a94c-7694f7766b64,61829d6d-8dc1-411e-a3f8-2c26cb5606e8,,,chapter,33,0,0,2026-03-07 13:39:52.562,2026-03-07 13:39:52.562,,,false,
94bf7edd-92f1-4816-8805-308f05e40c59,50a5c422-6a50-4eb6-b173-111ffffc3d41,,,chapter,351,0,0,2026-03-07 15:36:57,2026-03-07 15:36:57,,,false,
94faf43b-6da0-4659-86e5-4d3163cf8353,fb09a54a-d9fa-404d-986a-bf1ccb7d2287,,,chapter,270,0,0,2026-03-07 15:03:48.85,2026-03-07 15:03:48.85,,,false,
9508b710-4c16-4faf-b943-8434b671ea08,50a5c422-6a50-4eb6-b173-111ffffc3d41,,,chapter,343,0,0,2026-03-07 15:32:48.859,2026-03-07 15:32:48.859,,,false,
952b9f00-2152-4c61-9143-33adc430376b,a765dc53-3f13-4f00-a19b-aa2cb581c9dd,125e398e-2559-43d7-bd43-9855cc3af7ea,,chapter,55,0,0,2026-03-07 15:54:32.257,2026-03-07 15:54:32.257,,,false,
952d8063-c671-4de7-8542-6bacffa62a13,9a20020d-7bea-4fe6-8c9a-40712bf9e882,,,chapter,51,0,0,2026-03-07 13:09:33.851,2026-03-07 13:09:33.851,,,false,
95319a33-e63f-4801-abef-422210fb136d,a124c29b-236a-4dc5-9b03-290e082785d5,,,chapter,113,0,0,2026-03-07 12:37:52.492,2026-03-07 12:37:52.492,,,false,
956604fa-695e-4a4e-abee-ba765438aed1,af8258f2-06f0-4bde-a687-0b55a69cb2c0,,,chapter,22,0,0,2026-03-07 12:07:42.031,2026-03-07 12:07:42.031,,,false,
957158ca-23ff-4f0c-aaf3-83e803c10759,a765dc53-3f13-4f00-a19b-aa2cb581c9dd,125e398e-2559-43d7-bd43-9855cc3af7ea,,chapter,127,0,0,2026-03-07 13:53:02.188,2026-03-07 13:53:02.188,,,false,
95749b2e-fcc8-4bc0-b71b-2ce0b0ae3085,fd6ac307-0703-4168-8e6b-755812f44bae,,,chapter,365,0,0,2026-03-07 15:31:36.822,2026-03-07 15:31:36.822,,,false,
958c37a3-7987-4c4d-9c24-d9efdb31c84a,86ecbec7-1381-43fa-9f0b-701e37d40083,,,chapter,123,4,0,2026-03-07 12:40:29.341,2026-03-07 12:40:29.341,,,false,
958f25fb-a7cc-4834-aae6-6ca594e9185c,9be38f57-61b3-48fb-b053-984d2a423bd8,,,chapter,50,0,0,2026-03-07 13:33:44.86,2026-03-07 13:33:44.86,,,false,
95a3ed1b-ce9c-4590-9577-08c64c9d6c1f,90be6fb3-9dcb-4cd1-8b2b-695e44ccc453,,,chapter,18,0,0,2026-03-07 13:47:47.629,2026-03-07 13:47:47.629,,,false,
95b52c0f-7044-4a4e-ae1b-c79a0bdecf80,50a5c422-6a50-4eb6-b173-111ffffc3d41,,,chapter,159,0,0,2026-03-07 13:13:52.078,2026-03-07 13:13:52.078,,,false,
95c61c05-7415-4d54-99b0-0d2767715186,50a5c422-6a50-4eb6-b173-111ffffc3d41,,,chapter,257,0,0,2026-03-07 14:40:06.6,2026-03-07 14:40:06.6,,,false,
95d6b6a9-ccf2-464e-9e8f-85cdfb30a73d,fd6ac307-0703-4168-8e6b-755812f44bae,,,chapter,120,0,0,2026-03-07 12:18:31.74,2026-03-07 12:18:31.74,,,false,
95e33c6e-f1da-4a25-9df7-a65032b47c8b,61829d6d-8dc1-411e-a3f8-2c26cb5606e8,,,chapter,61,0,0,2026-03-07 14:10:20.505,2026-03-07 14:10:20.505,,,false,
95e96bc4-26e2-4b25-a889-b0576742cf49,9be38f57-61b3-48fb-b053-984d2a423bd8,,,chapter,22,0,0,2026-03-07 12:43:56.911,2026-03-07 12:43:56.911,,,false,
9604edaa-a5c0-43da-b0b6-995a135ad33b,5fc9a5b6-e624-46f0-a9bc-df01537b4907,,,chapter,8,0,0,2026-03-07 15:04:43.576,2026-03-07 15:04:43.576,,,false,
9609d77b-87c2-486d-88d8-403a5fc85025,50a5c422-6a50-4eb6-b173-111ffffc3d41,,,chapter,263,0,0,2026-03-07 14:48:56.137,2026-03-07 14:48:56.137,,,false,
96141823-1b88-4a50-ae50-051d0c86ab6b,fb09a54a-d9fa-404d-986a-bf1ccb7d2287,,,chapter,154,0,0,2026-03-07 13:01:22.243,2026-03-07 13:01:22.243,,,false,
9622da0d-6842-4fd8-a79f-8ad00987f14d,b8e789e4-f33e-406b-9e1b-6639267faf7b,,,chapter,6,0,0,2026-03-07 12:03:07.187,2026-03-07 12:03:07.187,,,false,
967d40be-fbc2-43b9-882d-91d727927a5a,90be6fb3-9dcb-4cd1-8b2b-695e44ccc453,,,chapter,176,0,0,2026-03-07 13:47:53.016,2026-03-07 13:47:53.016,,,false,
96905b70-017e-4f8c-b5f3-d6df3eea136b,90be6fb3-9dcb-4cd1-8b2b-695e44ccc453,,,chapter,47,0,0,2026-03-07 14:38:24.394,2026-03-07 14:38:24.394,,,false,
96c78a4b-a333-488a-b412-ae9afbce4f84,86ecbec7-1381-43fa-9f0b-701e37d40083,,,chapter,81,0,0,2026-03-07 14:02:53.109,2026-03-07 14:02:53.109,,,false,
96dc722f-959e-4bf8-baa9-74a98703a2bc,fb09a54a-d9fa-404d-986a-bf1ccb7d2287,,,chapter,71,0,0,2026-03-07 15:30:07.582,2026-03-07 15:30:07.582,,,false,
9732d7e8-113b-4af7-83f9-0d6ff86edd7f,50a5c422-6a50-4eb6-b173-111ffffc3d41,,,chapter,235,0,0,2026-03-07 14:28:14,2026-03-07 14:28:14,,,false,
974254f2-e1c3-4895-9444-a90f9129343c,a765dc53-3f13-4f00-a19b-aa2cb581c9dd,6eef4131-c168-4f89-a4a9-b2ddde5c4ab8,,chapter,90,0,0,2026-03-07 15:21:38.741,2026-03-07 15:21:38.741,,,false,
974d6719-2f4a-4e1d-87ee-df7bce0f628d,50a5c422-6a50-4eb6-b173-111ffffc3d41,,,chapter,212,0,0,2026-03-07 14:05:05.846,2026-03-07 14:05:05.846,,,false,
975ddc01-9cfc-40ab-a05f-509d4164a28e,af8258f2-06f0-4bde-a687-0b55a69cb2c0,,,chapter,97,0,0,2026-03-07 13:44:26.876,2026-03-07 13:44:26.876,,,false,
9768ff4d-109c-48f4-acac-56277da2695b,5fc9a5b6-e624-46f0-a9bc-df01537b4907,,,chapter,212,0,0,2026-03-07 13:58:20.695,2026-03-07 13:58:20.695,,,false,
976f27b9-65b5-429b-bb24-21a0d13eaa87,5fc9a5b6-e624-46f0-a9bc-df01537b4907,,,chapter,207,0,0,2026-03-07 13:57:59.414,2026-03-07 13:57:59.414,,,false,
978c0aa5-64b7-46b3-a921-340184dcd02e,a765dc53-3f13-4f00-a19b-aa2cb581c9dd,125e398e-2559-43d7-bd43-9855cc3af7ea,,chapter,8,0,0,2026-03-07 15:57:59.201,2026-03-07 15:57:59.201,,,false,
978dfab7-5fec-498d-85a3-ae6a09231e18,9be38f57-61b3-48fb-b053-984d2a423bd8,,,chapter,17,0,0,2026-03-07 12:43:28.935,2026-03-07 12:43:28.935,,,false,
97a1ac9e-7135-46b6-af93-9ab8cea91d28,a765dc53-3f13-4f00-a19b-aa2cb581c9dd,6eef4131-c168-4f89-a4a9-b2ddde5c4ab8,,chapter,72,0,0,2026-03-07 15:12:32.807,2026-03-07 15:12:32.807,,,false,
97b1cf3b-d618-4f18-8ad3-1d52cbec1001,61829d6d-8dc1-411e-a3f8-2c26cb5606e8,,,chapter,77,0,0,2026-03-07 14:22:47.599,2026-03-07 14:22:47.599,,,false,
97ba0b52-708c-4610-ac6f-8ef8b4d7d3b1,a124c29b-236a-4dc5-9b03-290e082785d5,,,chapter,10,0,0,2026-03-07 12:22:39.175,2026-03-07 12:22:39.175,,,false,
97c01ad4-974c-4737-b9a8-730bcced7cd5,50a5c422-6a50-4eb6-b173-111ffffc3d41,,,chapter,346,0,0,2026-03-07 15:37:01.747,2026-03-07 15:37:01.747,,,false,
97e71318-907f-4ee8-96b9-5afa60cae992,a124c29b-236a-4dc5-9b03-290e082785d5,,,chapter,148,0,0,2026-03-07 13:10:54.722,2026-03-07 13:10:54.722,,,false,
97ee2bfc-f084-4005-bfbf-2afb04a0e21c,a765dc53-3f13-4f00-a19b-aa2cb581c9dd,125e398e-2559-43d7-bd43-9855cc3af7ea,,chapter,289,0,0,2026-03-07 15:38:36.561,2026-03-07 15:38:36.561,,,false,
981f25aa-6f49-4a3d-8867-b92f786392a3,50a5c422-6a50-4eb6-b173-111ffffc3d41,,,chapter,312,0,0,2026-03-07 15:20:13.54,2026-03-07 15:20:13.54,,,false,
9836616c-ecea-4bb7-ad8e-7fa50292c110,fd6ac307-0703-4168-8e6b-755812f44bae,,,chapter,121,0,0,2026-03-07 12:18:36.371,2026-03-07 12:18:36.371,,,false,
983f6aaa-187f-4b41-8c1f-9e8dce99192c,fb09a54a-d9fa-404d-986a-bf1ccb7d2287,,,chapter,212,0,0,2026-03-07 14:21:01.577,2026-03-07 14:21:01.577,,,false,
984a2e28-1bbb-4561-b7a9-5ac34dbb2888,a124c29b-236a-4dc5-9b03-290e082785d5,,,chapter,161,0,0,2026-03-07 13:28:45.199,2026-03-07 13:28:45.199,,,false,
9853220a-4e9a-4085-bac6-0226d7440bf8,86ecbec7-1381-43fa-9f0b-701e37d40083,,,chapter,124,2,0,2026-03-07 12:40:42.982,2026-03-07 12:40:42.982,,,false,
988f749c-5378-4fc4-8d0e-ca41ad1ea9bd,a124c29b-236a-4dc5-9b03-290e082785d5,,,chapter,56,0,0,2026-03-07 14:57:19.085,2026-03-07 14:57:19.085,,,false,
989f5719-fa94-44ec-b4b9-f3d3a9385b48,90be6fb3-9dcb-4cd1-8b2b-695e44ccc453,,,chapter,85,0,0,2026-03-07 15:09:50.658,2026-03-07 15:09:50.658,,,false,
98b57a8f-3b2f-4c21-a4af-a2e939c687cb,50a5c422-6a50-4eb6-b173-111ffffc3d41,,,chapter,384,0,0,2026-03-07 15:44:41.756,2026-03-07 15:44:41.756,,,false,
98b642e5-bc71-4f2c-b6e2-2a4335068418,a765dc53-3f13-4f00-a19b-aa2cb581c9dd,125e398e-2559-43d7-bd43-9855cc3af7ea,,chapter,212,0,0,2026-03-07 15:02:14.142,2026-03-07 15:02:14.142,,,false,
98bd17a0-5f6e-4286-b218-d1b8a3073808,90be6fb3-9dcb-4cd1-8b2b-695e44ccc453,,,chapter,30,0,0,2026-03-07 14:27:02.661,2026-03-07 14:27:02.661,,,false,
98c46ea9-aee5-4a0e-99c0-46e3720d9603,61829d6d-8dc1-411e-a3f8-2c26cb5606e8,,,chapter,20,0,0,2026-03-07 13:21:12.446,2026-03-07 13:21:12.446,,,false,
98cba308-a7e0-4c0f-9f36-576f8d06e064,a765dc53-3f13-4f00-a19b-aa2cb581c9dd,125e398e-2559-43d7-bd43-9855cc3af7ea,,chapter,18,0,0,2026-03-07 14:31:04.961,2026-03-07 14:31:04.961,,,false,
98cfa987-9079-4f70-9f1f-38fd5787a40a,61aa237e-d5bd-4f55-b5fc-be9683abc2c8,,,chapter,96,0,0,2026-03-07 13:42:19.663,2026-03-07 13:42:19.663,,,false,
98d0e337-874e-47b1-b4d2-53329cc343f5,86ecbec7-1381-43fa-9f0b-701e37d40083,,,chapter,2,3,0,2026-03-07 12:41:11.686,2026-03-07 12:41:11.686,,,false,
98e36753-13ae-4bc5-988a-69ce8aa05c6f,a765dc53-3f13-4f00-a19b-aa2cb581c9dd,6eef4131-c168-4f89-a4a9-b2ddde5c4ab8,,chapter,45,0,0,2026-03-07 14:52:04.122,2026-03-07 14:52:04.122,,,false,
98f5aa02-aac7-425b-b85f-21d0344a4040,9a20020d-7bea-4fe6-8c9a-40712bf9e882,,,chapter,85,0,0,2026-03-07 13:45:40.537,2026-03-07 13:45:40.537,,,false,
98f7c050-8df2-4ca8-ba21-098c05c43883,90be6fb3-9dcb-4cd1-8b2b-695e44ccc453,,,chapter,153,0,0,2026-03-07 13:12:25.58,2026-03-07 13:12:25.58,,,false,
98fa446b-a3f4-4a42-9308-87eff4829ec3,86ecbec7-1381-43fa-9f0b-701e37d40083,,,chapter,36,0,0,2026-03-07 12:57:30.169,2026-03-07 12:57:30.169,,,false,
98fe5092-b414-4a23-a4ac-f530b8b2802f,a124c29b-236a-4dc5-9b03-290e082785d5,,,chapter,119,0,0,2026-03-07 12:38:06.299,2026-03-07 12:38:06.299,,,false,
990f42cb-1db3-4113-94e8-da2d275b53ff,50a5c422-6a50-4eb6-b173-111ffffc3d41,,,chapter,271,0,0,2026-03-07 14:49:33.706,2026-03-07 14:49:33.706,,,false,
99175e96-fce4-4024-82c9-7c5b1aad2dcf,86ecbec7-1381-43fa-9f0b-701e37d40083,,,chapter,105,0,0,2026-03-07 12:08:25.409,2026-03-07 12:08:25.409,,,false,
99275c31-aaac-42eb-a45e-bece6996d5eb,fd6ac307-0703-4168-8e6b-755812f44bae,,,chapter,203,0,0,2026-03-07 13:43:42.699,2026-03-07 13:43:42.699,,,false,
993df1b9-36dd-4f36-a19a-699130bb6ca2,d7ade2ee-4851-453d-95e7-3887ef041e80,,,chapter,60,0,0,2026-03-07 13:19:35.572,2026-03-07 13:19:35.572,,,false,
994844d5-046d-4a68-9b30-0c24eb36674d,86ecbec7-1381-43fa-9f0b-701e37d40083,,,chapter,115,0,0,2026-03-07 12:25:05.547,2026-03-07 12:25:05.547,,,false,
994e7724-bc9a-4091-a364-26a05db4d62b,fb09a54a-d9fa-404d-986a-bf1ccb7d2287,,,chapter,228,0,0,2026-03-07 14:31:40.138,2026-03-07 14:31:40.138,,,false,
995f029a-7730-4798-89a7-3514c8edca5e,a765dc53-3f13-4f00-a19b-aa2cb581c9dd,125e398e-2559-43d7-bd43-9855cc3af7ea,,chapter,97,0,0,2026-03-07 16:00:23.516,2026-03-07 16:00:23.516,,,false,
996b9f20-ca6f-4b2f-9d69-d5289941a805,9a20020d-7bea-4fe6-8c9a-40712bf9e882,,,chapter,60,0,0,2026-03-07 13:27:22.023,2026-03-07 13:27:22.023,,,false,
9985e825-f080-4b3b-a53a-916f352ac158,50a5c422-6a50-4eb6-b173-111ffffc3d41,,,chapter,152,0,0,2026-03-07 12:58:30.375,2026-03-07 12:58:30.375,,,false,
9987778a-1353-4565-ac55-75636ea34caa,50a5c422-6a50-4eb6-b173-111ffffc3d41,,,chapter,310,0,0,2026-03-07 15:20:05.407,2026-03-07 15:20:05.407,,,false,
99891ff5-dd3c-482b-af47-cc072e5d864e,fd6ac307-0703-4168-8e6b-755812f44bae,,,chapter,146,0,0,2026-03-07 12:50:42.196,2026-03-07 12:50:42.196,,,false,
9994d523-e494-46da-8dca-dd1d78a564b7,61aa237e-d5bd-4f55-b5fc-be9683abc2c8,,,chapter,54,0,0,2026-03-07 12:49:30.893,2026-03-07 12:49:30.893,,,false,
99ab432e-67a4-4f0a-86df-a547baaaf1ee,50a5c422-6a50-4eb6-b173-111ffffc3d41,,,chapter,488,0,0,2026-03-07 16:02:36.141,2026-03-07 16:02:36.141,,,false,
99caf23e-eff2-4132-9e23-bb324d459687,90be6fb3-9dcb-4cd1-8b2b-695e44ccc453,,,chapter,26,0,0,2026-03-07 14:27:20.951,2026-03-07 14:27:20.951,,,false,
99d00c5c-3913-4d3e-9e67-e3ed9bbe10a1,90be6fb3-9dcb-4cd1-8b2b-695e44ccc453,,,chapter,33,0,0,2026-03-07 14:27:11.99,2026-03-07 14:27:11.99,,,false,
99f2d024-2c77-4517-8365-518b866bb9ae,fb09a54a-d9fa-404d-986a-bf1ccb7d2287,,,chapter,168,0,0,2026-03-07 13:19:18.45,2026-03-07 13:19:18.45,,,false,
9a0ed70e-e1bf-4da8-afa1-5c05951b1723,af8258f2-06f0-4bde-a687-0b55a69cb2c0,,,chapter,47,0,0,2026-03-07 12:36:23.181,2026-03-07 12:36:23.181,,,false,
9a0f9b6c-7620-4f64-b0c2-6a7642374a55,fd6ac307-0703-4168-8e6b-755812f44bae,,,chapter,336,0,0,2026-03-07 15:16:58.336,2026-03-07 15:16:58.336,,,false,
9a27bc0a-1913-4874-a773-ae9e034dce37,61aa237e-d5bd-4f55-b5fc-be9683abc2c8,,,chapter,23,0,0,2026-03-07 12:16:55.46,2026-03-07 12:16:55.46,,,false,
9a3c43ff-8bf7-4fc9-b3ea-7c1db957aab4,a124c29b-236a-4dc5-9b03-290e082785d5,,,chapter,166,0,0,2026-03-07 13:29:23.776,2026-03-07 13:29:23.776,,,false,
9a420500-86b0-47d7-8d6d-f6dff9f339c8,a124c29b-236a-4dc5-9b03-290e082785d5,,,chapter,116,0,0,2026-03-07 12:38:10.886,2026-03-07 12:38:10.886,,,false,
9a437e89-1cc8-472e-9fbd-93323168d59e,86ecbec7-1381-43fa-9f0b-701e37d40083,,,chapter,15,0,0,2026-03-07 12:40:37.973,2026-03-07 12:40:37.973,,,false,
9a47302f-2e29-4592-a937-288fec71fd9a,fd6ac307-0703-4168-8e6b-755812f44bae,,,chapter,159,0,0,2026-03-07 13:06:40.523,2026-03-07 13:06:40.523,,,false,
9a532f0d-fbee-4b50-a59c-8dce1141bd51,a124c29b-236a-4dc5-9b03-290e082785d5,,,chapter,105,0,0,2026-03-07 12:23:08.057,2026-03-07 12:23:08.057,,,false,
9a7cfd63-92f8-4cd4-9091-44c18dfdc1e6,fd6ac307-0703-4168-8e6b-755812f44bae,,,chapter,97,0,0,2026-03-07 15:55:50.902,2026-03-07 15:55:50.902,,,false,
9ae7ec06-5e81-4d3a-81f8-0f5911b40ca3,9be38f57-61b3-48fb-b053-984d2a423bd8,,,chapter,13,0,0,2026-03-07 12:42:47.259,2026-03-07 12:42:47.259,,,false,
9afef688-94bd-48ef-8960-1cd430bdfa78,fb09a54a-d9fa-404d-986a-bf1ccb7d2287,,,chapter,106,0,0,2026-03-07 12:12:20.803,2026-03-07 12:12:20.803,,,false,
9b210946-6db3-4d5a-821b-3d07b5b14447,50a5c422-6a50-4eb6-b173-111ffffc3d41,,,chapter,182,0,0,2026-03-07 13:33:24.992,2026-03-07 13:33:24.992,,,false,
9b35465b-e843-4ea8-8485-00e95cf60f97,af8258f2-06f0-4bde-a687-0b55a69cb2c0,,,chapter,6,1,0,2026-03-07 12:51:55.704,2026-03-07 12:51:55.704,,,false,
9b3c670b-e8af-4b02-87b6-629794ea8990,50a5c422-6a50-4eb6-b173-111ffffc3d41,,,chapter,133,0,0,2026-03-07 12:42:09.073,2026-03-07 12:42:09.073,,,false,
9b451698-527c-449a-b90b-0d5141cb3f0a,a765dc53-3f13-4f00-a19b-aa2cb581c9dd,125e398e-2559-43d7-bd43-9855cc3af7ea,,chapter,221,0,0,2026-03-07 15:02:56.792,2026-03-07 15:02:56.792,,,false,
9b473109-4d52-4bb4-a7e9-d6465d7fd94a,a765dc53-3f13-4f00-a19b-aa2cb581c9dd,125e398e-2559-43d7-bd43-9855cc3af7ea,,chapter,129,0,0,2026-03-07 13:52:57.534,2026-03-07 13:52:57.534,,,false,
9b5ea512-51cc-4535-b41c-ae5f90946091,90be6fb3-9dcb-4cd1-8b2b-695e44ccc453,,,chapter,55,0,0,2026-03-07 14:47:39.337,2026-03-07 14:47:39.337,,,false,
9b69fc96-4bd3-4269-9920-8f5164c851a4,a765dc53-3f13-4f00-a19b-aa2cb581c9dd,125e398e-2559-43d7-bd43-9855cc3af7ea,,chapter,49,0,0,2026-03-07 15:51:53.328,2026-03-07 15:51:53.328,,,false,
9b6f65c2-6554-4d37-8c21-33ba375abb3c,fd6ac307-0703-4168-8e6b-755812f44bae,,,chapter,247,0,0,2026-03-07 14:13:04.356,2026-03-07 14:13:04.356,,,false,
9b8c1c81-3f31-466a-a6f8-e24b1505f7a5,61aa237e-d5bd-4f55-b5fc-be9683abc2c8,,,chapter,33,0,0,2026-03-07 12:32:16.593,2026-03-07 12:32:16.593,,,false,
9ba41a85-28d4-4677-9051-f12b1cd6fe52,fd6ac307-0703-4168-8e6b-755812f44bae,,,chapter,20,0,0,2026-03-07 13:43:19.319,2026-03-07 13:43:19.319,,,false,
9bb45698-e758-4f1c-99a7-6e23c4654f22,61829d6d-8dc1-411e-a3f8-2c26cb5606e8,,,chapter,154,0,0,2026-03-07 13:03:50.275,2026-03-07 13:03:50.275,,,false,
9bce214c-a817-4890-8d41-861c551bfeb3,61aa237e-d5bd-4f55-b5fc-be9683abc2c8,,,chapter,1,0,0,2026-03-07 12:03:30.656,2026-03-07 12:03:30.656,,,false,
9bf7066d-97ba-469e-89ce-103d16a6b435,5fc9a5b6-e624-46f0-a9bc-df01537b4907,,,chapter,176,0,0,2026-03-07 13:22:12.92,2026-03-07 13:22:12.92,,,false,
9bfa9a21-f03c-4383-b4d7-660ea941c7f3,50a5c422-6a50-4eb6-b173-111ffffc3d41,,,chapter,341,0,0,2026-03-07 15:32:53.281,2026-03-07 15:32:53.281,,,false,
9c13b5fc-214d-4762-b0a9-c29b42c8b4cc,86ecbec7-1381-43fa-9f0b-701e37d40083,,,chapter,35,0,0,2026-03-07 12:57:46.196,2026-03-07 12:57:46.196,,,false,
9c3886c1-6299-4cfe-8cdd-9947fbec97e6,fd6ac307-0703-4168-8e6b-755812f44bae,,,chapter,386,0,0,2026-03-07 15:39:39.838,2026-03-07 15:39:39.838,,,false,
9c556923-4979-4767-a408-b88d0f767648,50a5c422-6a50-4eb6-b173-111ffffc3d41,,,chapter,355,0,0,2026-03-07 15:37:18.556,2026-03-07 15:37:18.556,,,false,
9c614e21-0da9-44e5-869e-63579e11353a,a765dc53-3f13-4f00-a19b-aa2cb581c9dd,6eef4131-c168-4f89-a4a9-b2ddde5c4ab8,,chapter,117,0,0,2026-03-07 13:35:08.165,2026-03-07 13:35:08.165,,,false,
9c66b75a-c872-4e40-abce-ce9425232720,af8258f2-06f0-4bde-a687-0b55a69cb2c0,,,chapter,30,0,0,2026-03-07 12:20:28.057,2026-03-07 12:20:28.057,,,false,
9c71ef9b-b4d2-41c5-923d-79f9624ce9f6,a765dc53-3f13-4f00-a19b-aa2cb581c9dd,125e398e-2559-43d7-bd43-9855cc3af7ea,,chapter,123,0,0,2026-03-07 13:36:42.37,2026-03-07 13:36:42.37,,,false,
9c740838-dd7f-4f7f-8f2c-52c6b85ae9f9,50a5c422-6a50-4eb6-b173-111ffffc3d41,,,chapter,498,0,0,2026-03-07 16:03:27.672,2026-03-07 16:03:27.672,,,false,
9c87f069-7726-406f-b071-bbd703609f54,fd6ac307-0703-4168-8e6b-755812f44bae,,,chapter,323,0,0,2026-03-07 15:06:48.242,2026-03-07 15:06:48.242,,,false,
9c94a835-798b-40a3-b637-4ec54f01c846,50a5c422-6a50-4eb6-b173-111ffffc3d41,,,chapter,386,0,0,2026-03-07 15:44:45.79,2026-03-07 15:44:45.79,,,false,
9c9e00f5-8026-4377-b8e7-f07443d5d550,fb09a54a-d9fa-404d-986a-bf1ccb7d2287,,,chapter,11,0,0,2026-03-07 12:12:38.442,2026-03-07 12:12:38.442,,,false,
9ccc953a-dd3d-4719-8e9a-be76a30e7f2f,a124c29b-236a-4dc5-9b03-290e082785d5,,,chapter,147,0,0,2026-03-07 13:10:41.694,2026-03-07 13:10:41.694,,,false,
9d0827ec-404f-4b70-b8fe-82f8228ad53a,fd6ac307-0703-4168-8e6b-755812f44bae,,,chapter,45,0,0,2026-03-07 15:43:26.388,2026-03-07 15:43:26.388,,,false,
9d1b39c6-6f49-43bd-87e1-f171080b3410,a124c29b-236a-4dc5-9b03-290e082785d5,,,chapter,171,0,0,2026-03-07 13:45:54.252,2026-03-07 13:45:54.252,,,false,
9d220458-c37d-479d-8a62-da8a3df83a15,9a20020d-7bea-4fe6-8c9a-40712bf9e882,,,chapter,20,0,0,2026-03-07 12:36:55.638,2026-03-07 12:36:55.638,,,false,
9d239afb-e348-4d3e-a841-232640dfea34,9be38f57-61b3-48fb-b053-984d2a423bd8,,,chapter,7,0,0,2026-03-07 13:51:14.828,2026-03-07 13:51:14.828,,,false,
9d408ebb-d98e-4b5d-be52-6b9691bd0778,fb09a54a-d9fa-404d-986a-bf1ccb7d2287,,,chapter,264,0,0,2026-03-07 14:54:09.288,2026-03-07 14:54:09.288,,,false,
9d434ffe-9028-4672-9deb-b8d1f43f0954,a124c29b-236a-4dc5-9b03-290e082785d5,,,chapter,154,0,0,2026-03-07 13:11:21.057,2026-03-07 13:11:21.057,,,false,
9dc6bd1a-0380-47e2-b347-d2f24c0c8650,61829d6d-8dc1-411e-a3f8-2c26cb5606e8,,,chapter,85,0,0,2026-03-07 14:33:00.241,2026-03-07 14:33:00.241,,,false,
9e016908-7e43-4875-baf2-41dbba8cdb8d,5fc9a5b6-e624-46f0-a9bc-df01537b4907,,,chapter,189,0,0,2026-03-07 13:40:55.957,2026-03-07 13:40:55.957,,,false,
9e167722-9053-41b6-b25f-5a7a399c3811,d7ade2ee-4851-453d-95e7-3887ef041e80,,,chapter,65,0,0,2026-03-07 13:19:58.491,2026-03-07 13:19:58.491,,,false,
9e3b80a0-4695-462a-a7ad-760fc40466d6,50a5c422-6a50-4eb6-b173-111ffffc3d41,,,chapter,134,0,0,2026-03-07 12:42:04.75,2026-03-07 12:42:04.75,,,false,
9e5b6dcb-8348-4c97-a0fb-c975cf7199d2,50a5c422-6a50-4eb6-b173-111ffffc3d41,,,chapter,287,0,0,2026-03-07 15:10:29.112,2026-03-07 15:10:29.112,,,false,
9e9f3eb1-1159-42f7-a734-1325abf96398,fb09a54a-d9fa-404d-986a-bf1ccb7d2287,,,chapter,269,0,0,2026-03-07 15:03:27.506,2026-03-07 15:03:27.506,,,false,
9eaa301c-9e8e-40ce-9028-9dd1adccd7b5,9a20020d-7bea-4fe6-8c9a-40712bf9e882,,,chapter,40,0,0,2026-03-07 12:53:52.084,2026-03-07 12:53:52.084,,,false,
9eaa8797-7193-45a6-93ca-81e9b4057875,5fc9a5b6-e624-46f0-a9bc-df01537b4907,,,chapter,120,0,0,2026-03-07 12:15:46.727,2026-03-07 12:15:46.727,,,false,
9eb29bcb-49ee-46c5-ba25-ce1565822295,5fc9a5b6-e624-46f0-a9bc-df01537b4907,,,chapter,209,0,0,2026-03-07 13:58:03.549,2026-03-07 13:58:03.549,,,false,
9ec25a87-dee7-4cd3-b3dc-4db02f61d8ad,50a5c422-6a50-4eb6-b173-111ffffc3d41,,,chapter,421,0,0,2026-03-07 15:53:49.301,2026-03-07 15:53:49.301,,,false,
9ee9e0bb-2dd2-41e3-b290-c004c11063bb,9a20020d-7bea-4fe6-8c9a-40712bf9e882,,,chapter,103,0,0,2026-03-07 12:21:47.788,2026-03-07 12:21:47.788,,,false,
9eff2c98-d00c-4e5c-b1da-366e69e04e68,a124c29b-236a-4dc5-9b03-290e082785d5,,,chapter,188,0,0,2026-03-07 14:00:41.392,2026-03-07 14:00:41.392,,,false,
9f037f58-7490-4da2-ad54-04a1604ce70d,9a20020d-7bea-4fe6-8c9a-40712bf9e882,,,chapter,78,0,0,2026-03-07 13:44:52.339,2026-03-07 13:44:52.339,,,false,
9f0cd1a5-c3d2-41a0-9f43-0352af14b6a8,5fc9a5b6-e624-46f0-a9bc-df01537b4907,,,chapter,129,0,0,2026-03-07 12:31:05.671,2026-03-07 12:31:05.671,,,false,
9f215c2b-d4eb-42cb-a156-410fd4209b93,9be38f57-61b3-48fb-b053-984d2a423bd8,,,chapter,79,0,0,2026-03-07 14:05:27.185,2026-03-07 14:05:27.185,,,false,
9f22dee6-6ead-4b91-b407-3662e5ac30c6,fb09a54a-d9fa-404d-986a-bf1ccb7d2287,,,chapter,183,0,0,2026-03-07 13:54:08.334,2026-03-07 13:54:08.334,,,false,
9f28102d-5f8c-4c08-9d05-a5969ae0ba2f,50a5c422-6a50-4eb6-b173-111ffffc3d41,,,chapter,482,0,0,2026-03-07 16:02:19.769,2026-03-07 16:02:19.769,,,false,
9f304dcc-4503-4ed2-91bf-8dddd8437e86,fd6ac307-0703-4168-8e6b-755812f44bae,,,chapter,307,0,0,2026-03-07 14:56:09.187,2026-03-07 14:56:09.187,,,false,
9f48f501-5f01-417c-9a34-be9bf0af84a7,fd6ac307-0703-4168-8e6b-755812f44bae,,,chapter,372,0,0,2026-03-07 15:35:25.534,2026-03-07 15:35:25.534,,,false,
9f5054d6-d2aa-4338-8a5a-caf0197f36f4,fd6ac307-0703-4168-8e6b-755812f44bae,,,chapter,226,0,0,2026-03-07 13:59:18.593,2026-03-07 13:59:18.593,,,false,
9f530ddb-77d9-4411-b2a7-b0b5902a78c0,a765dc53-3f13-4f00-a19b-aa2cb581c9dd,125e398e-2559-43d7-bd43-9855cc3af7ea,,chapter,27,0,0,2026-03-07 15:33:31.905,2026-03-07 15:33:31.905,,,false,
9f829c4d-241f-4bca-87bd-8a32560faef4,50a5c422-6a50-4eb6-b173-111ffffc3d41,,,chapter,145,0,0,2026-03-07 12:58:04.596,2026-03-07 12:58:04.596,,,false,
9fac60f5-5a58-493a-97df-2abfe77b7067,a765dc53-3f13-4f00-a19b-aa2cb581c9dd,125e398e-2559-43d7-bd43-9855cc3af7ea,,chapter,293,0,0,2026-03-07 15:41:55.276,2026-03-07 15:41:55.276,,,false,
9fca15bc-acf6-4a26-8f69-aaf675ec1ff4,90be6fb3-9dcb-4cd1-8b2b-695e44ccc453,,,chapter,73,0,0,2026-03-07 14:58:48.311,2026-03-07 14:58:48.311,,,false,
9fd367e5-d1b1-416e-9cdb-549d02421cfd,5fc9a5b6-e624-46f0-a9bc-df01537b4907,,,chapter,205,0,0,2026-03-07 13:57:49.366,2026-03-07 13:57:49.366,,,false,
9fe4bbea-05dd-4306-a9bc-6a15d165416d,a765dc53-3f13-4f00-a19b-aa2cb581c9dd,6eef4131-c168-4f89-a4a9-b2ddde5c4ab8,,chapter,49,0,0,2026-03-07 14:51:29.878,2026-03-07 14:51:29.878,,,false,
9feee7cf-8959-4dac-a6eb-a9963cd434f4,a765dc53-3f13-4f00-a19b-aa2cb581c9dd,6eef4131-c168-4f89-a4a9-b2ddde5c4ab8,,chapter,123,0,0,2026-03-07 13:35:50.006,2026-03-07 13:35:50.006,,,false,
9ff1bb69-eb91-4268-b05f-af57e270fdab,af8258f2-06f0-4bde-a687-0b55a69cb2c0,,,chapter,69,0,0,2026-03-07 13:08:02.702,2026-03-07 13:08:02.702,,,false,
9ff98801-9ede-4653-86fc-70a7c4269c9b,a124c29b-236a-4dc5-9b03-290e082785d5,,,chapter,89,0,0,2026-03-07 15:18:36.637,2026-03-07 15:18:36.637,,,false,
a0163f12-cded-4afe-aac8-fbc7f7cbbbd8,a765dc53-3f13-4f00-a19b-aa2cb581c9dd,125e398e-2559-43d7-bd43-9855cc3af7ea,,chapter,81,0,0,2026-03-07 15:58:07.68,2026-03-07 15:58:07.68,,,false,
a0216dbd-6390-407e-a935-30239eda5289,86ecbec7-1381-43fa-9f0b-701e37d40083,,,chapter,44,0,0,2026-03-07 13:13:14.812,2026-03-07 13:13:14.812,,,false,
a0546b66-e859-4649-834b-839345ab2cab,9a20020d-7bea-4fe6-8c9a-40712bf9e882,,,chapter,65,0,0,2026-03-07 13:27:44.544,2026-03-07 13:27:44.544,,,false,
a068a4ce-b6f7-4505-9ebc-399ee9beb446,fb09a54a-d9fa-404d-986a-bf1ccb7d2287,,,chapter,37,0,0,2026-03-07 15:14:48.706,2026-03-07 15:14:48.706,,,false,
a083982a-492d-4bad-9b18-634b31ac81a3,9a20020d-7bea-4fe6-8c9a-40712bf9e882,,,chapter,23,0,0,2026-03-07 12:37:00.482,2026-03-07 12:37:00.482,,,false,
a0b57ad1-7fb5-4a56-9c10-36c60782f48f,a765dc53-3f13-4f00-a19b-aa2cb581c9dd,125e398e-2559-43d7-bd43-9855cc3af7ea,,chapter,275.5,0,0,2026-03-07 15:34:02.852,2026-03-07 15:34:02.852,,,false,
a0bb48f1-b63b-4cc6-8728-bf44fe210a68,50a5c422-6a50-4eb6-b173-111ffffc3d41,,,chapter,296,0,0,2026-03-07 15:11:06.818,2026-03-07 15:11:06.818,,,false,
a0c35e9c-9ac8-4c6f-835e-cfd6ad0672f5,50a5c422-6a50-4eb6-b173-111ffffc3d41,,,chapter,71,0,0,2026-03-07 16:07:03.772,2026-03-07 16:07:03.772,,,false,
a0e091af-b69b-4c50-9175-c312f1927b6d,50a5c422-6a50-4eb6-b173-111ffffc3d41,,,chapter,490,0,0,2026-03-07 16:02:56.651,2026-03-07 16:02:56.651,,,false,
a0ee2799-319c-4e77-a2fa-cef1e3de6d81,50a5c422-6a50-4eb6-b173-111ffffc3d41,,,chapter,433,0,0,2026-03-07 15:56:16.87,2026-03-07 15:56:16.87,,,false,
a0ff9402-a843-443e-84d5-08b96f0d74d1,a765dc53-3f13-4f00-a19b-aa2cb581c9dd,125e398e-2559-43d7-bd43-9855cc3af7ea,,chapter,45,0,0,2026-03-07 15:51:35.66,2026-03-07 15:51:35.66,,,false,
a100f947-0645-41b7-a6f0-b6dfa32d8677,9a20020d-7bea-4fe6-8c9a-40712bf9e882,,,chapter,97,0,0,2026-03-07 14:00:13.552,2026-03-07 14:00:13.552,,,false,
a133802e-09de-4cc5-bac7-2c500b25c2b8,fb09a54a-d9fa-404d-986a-bf1ccb7d2287,,,chapter,149,0,0,2026-03-07 13:00:59.831,2026-03-07 13:00:59.831,,,false,
a13b5b0f-93c1-4c57-befa-02cbbf9c6285,86ecbec7-1381-43fa-9f0b-701e37d40083,,,chapter,17,0,0,2026-03-07 12:41:06.344,2026-03-07 12:41:06.344,,,false,
a13cbd8b-aebf-4790-85e3-4fec7dc1e290,a765dc53-3f13-4f00-a19b-aa2cb581c9dd,125e398e-2559-43d7-bd43-9855cc3af7ea,,chapter,110,0,0,2026-03-07 13:18:08.381,2026-03-07 13:18:08.381,,,false,
a14ba6a9-462f-4d98-80e0-f80470eb79e4,fb09a54a-d9fa-404d-986a-bf1ccb7d2287,,,chapter,205,0,0,2026-03-07 14:09:18.383,2026-03-07 14:09:18.383,,,false,
a14ef064-72ca-4cd9-889c-b493e724755e,9be38f57-61b3-48fb-b053-984d2a423bd8,,,chapter,63,0,0,2026-03-07 13:50:56.387,2026-03-07 13:50:56.387,,,false,
a152df99-d74d-4761-a130-4a143c0729c3,5fc9a5b6-e624-46f0-a9bc-df01537b4907,,,chapter,62,0,0,2026-03-07 14:54:23.64,2026-03-07 14:54:23.64,,,false,
a1578cd5-fc3d-464c-8fb6-7e9564df135a,61aa237e-d5bd-4f55-b5fc-be9683abc2c8,,,chapter,73,0,0,2026-03-07 13:05:58.949,2026-03-07 13:05:58.949,,,false,
a192604e-8f3b-46a0-b932-a33304942a03,af8258f2-06f0-4bde-a687-0b55a69cb2c0,,,chapter,34,0,0,2026-03-07 12:20:44.228,2026-03-07 12:20:44.228,,,false,
a1ad5e93-0b3a-40ff-a79f-f917d34a2c72,61829d6d-8dc1-411e-a3f8-2c26cb5606e8,,,chapter,40,0,0,2026-03-07 13:56:10.589,2026-03-07 13:56:10.589,,,false,
a1c260c5-4a38-457d-8f2d-794d37262b1c,fb09a54a-d9fa-404d-986a-bf1ccb7d2287,,,chapter,254,0,0,2026-03-07 14:53:05.979,2026-03-07 14:53:05.979,,,false,
a1f5d63a-6c4a-4007-8ef4-e65a293eb9ce,fb09a54a-d9fa-404d-986a-bf1ccb7d2287,,,chapter,227,0,0,2026-03-07 14:31:34.422,2026-03-07 14:31:34.422,,,false,
a220a17d-b97b-4926-a6c4-81605c23d174,a765dc53-3f13-4f00-a19b-aa2cb581c9dd,125e398e-2559-43d7-bd43-9855cc3af7ea,,chapter,306,0,0,2026-03-07 15:45:20,2026-03-07 15:45:20,,,false,
a22d49fd-c946-4e4d-8034-99d1a5cebb89,a765dc53-3f13-4f00-a19b-aa2cb581c9dd,125e398e-2559-43d7-bd43-9855cc3af7ea,,chapter,4,0,0,2026-03-07 15:48:57.234,2026-03-07 15:48:57.234,,,false,
a237200a-63b3-4747-960d-f6831156cd64,50a5c422-6a50-4eb6-b173-111ffffc3d41,,,chapter,19,0,0,2026-03-07 13:49:51.846,2026-03-07 13:49:51.846,,,false,
a24cb275-596b-4ff1-83f9-ff4fcb313460,5fc9a5b6-e624-46f0-a9bc-df01537b4907,,,chapter,89,0,0,2026-03-07 15:05:32.162,2026-03-07 15:05:32.162,,,false,
a27ba8ef-a85e-4be2-971f-9e33aad79f16,fd6ac307-0703-4168-8e6b-755812f44bae,,,chapter,78,0,0,2026-03-07 15:50:09.861,2026-03-07 15:50:09.861,,,false,
a28cef76-7d98-42d4-a1cb-b82e568fb060,a765dc53-3f13-4f00-a19b-aa2cb581c9dd,125e398e-2559-43d7-bd43-9855cc3af7ea,,chapter,70,0,0,2026-03-07 15:57:15.065,2026-03-07 15:57:15.065,,,false,
a29d91d3-6dbd-465a-9b71-02ef36cfcd00,90be6fb3-9dcb-4cd1-8b2b-695e44ccc453,,,chapter,165,0,0,2026-03-07 13:30:44.64,2026-03-07 13:30:44.64,,,false,
a2da37f6-3d83-46b1-812c-6baf51ddbe53,9a20020d-7bea-4fe6-8c9a-40712bf9e882,,,chapter,73,0,0,2026-03-07 13:28:16.785,2026-03-07 13:28:16.785,,,false,
a317299d-4777-4ba1-adc2-d45a8a99fa71,61829d6d-8dc1-411e-a3f8-2c26cb5606e8,,,chapter,68,0,0,2026-03-07 14:11:01.282,2026-03-07 14:11:01.282,,,false,
a325672d-538b-46c0-9a5d-942ad59e1818,fd6ac307-0703-4168-8e6b-755812f44bae,,,chapter,154,0,0,2026-03-07 12:51:23.596,2026-03-07 12:51:23.596,,,false,
a3374fd8-3f44-4165-ad4b-2856990c7ff6,fb09a54a-d9fa-404d-986a-bf1ccb7d2287,,,chapter,222,0,0,2026-03-07 14:21:58.672,2026-03-07 14:21:58.672,,,false,
a340cb3f-b004-4100-9308-1665ed270418,50a5c422-6a50-4eb6-b173-111ffffc3d41,,,chapter,407,0,0,2026-03-07 15:50:33.703,2026-03-07 15:50:33.703,,,false,
a3467013-5f77-494e-be58-2f26faec14b5,a124c29b-236a-4dc5-9b03-290e082785d5,,,chapter,11,0,0,2026-03-07 12:23:25.427,2026-03-07 12:23:25.427,,,false,
a36cc103-62a9-45de-a3eb-c5942e6c09d6,61aa237e-d5bd-4f55-b5fc-be9683abc2c8,,,chapter,95,0,0,2026-03-07 13:42:13.003,2026-03-07 13:42:13.003,,,false,
a3721f36-304f-42dc-819c-720541c2587a,9be38f57-61b3-48fb-b053-984d2a423bd8,,,chapter,53,0,0,2026-03-07 13:33:49.257,2026-03-07 13:33:49.257,,,false,
a37731d0-754c-485a-a486-86b66a9eefff,af8258f2-06f0-4bde-a687-0b55a69cb2c0,,,chapter,52,0,0,2026-03-07 12:51:31.701,2026-03-07 12:51:31.701,,,false,
a38c55f1-92da-4b5a-8323-a527a8ec8de2,90be6fb3-9dcb-4cd1-8b2b-695e44ccc453,,,chapter,167,0,0,2026-03-07 13:31:03.335,2026-03-07 13:31:03.335,,,false,
a39582fe-9c49-4d2e-b1e7-6a9e1d34f154,fd6ac307-0703-4168-8e6b-755812f44bae,,,chapter,339,0,0,2026-03-07 15:17:02.907,2026-03-07 15:17:02.907,,,false,
a39b8db2-f25c-40ff-8f18-641e595b07fd,9a20020d-7bea-4fe6-8c9a-40712bf9e882,,,chapter,33,0,0,2026-03-07 12:53:15.609,2026-03-07 12:53:15.609,,,false,
a3a4edbf-354b-4620-9435-ade6d07af07e,a765dc53-3f13-4f00-a19b-aa2cb581c9dd,6eef4131-c168-4f89-a4a9-b2ddde5c4ab8,,chapter,121,0,0,2026-03-07 13:35:28.983,2026-03-07 13:35:28.983,,,false,
a3d2ea44-faf2-42c4-9602-145c9da088a8,d7ade2ee-4851-453d-95e7-3887ef041e80,,,chapter,96,0,0,2026-03-07 13:55:35.399,2026-03-07 13:55:35.399,,,false,
a3fc5d25-ab9f-48d2-b89e-07f3613ef4b2,5fc9a5b6-e624-46f0-a9bc-df01537b4907,,,chapter,22,0,0,2026-03-07 14:11:37.478,2026-03-07 14:11:37.478,,,false,
a40f7fd8-a3d5-4ba7-8f7e-09cec7bda63d,a765dc53-3f13-4f00-a19b-aa2cb581c9dd,125e398e-2559-43d7-bd43-9855cc3af7ea,,chapter,256,0,0,2026-03-07 15:28:31.67,2026-03-07 15:28:31.67,,,false,
a4389a10-cf37-4edc-a321-63c53a6d5cf3,a765dc53-3f13-4f00-a19b-aa2cb581c9dd,6eef4131-c168-4f89-a4a9-b2ddde5c4ab8,,chapter,44,0,0,2026-03-07 14:51:33.938,2026-03-07 14:51:33.938,,,false,
a45b7bdf-5410-4242-97ad-a8ec29f48469,d7ade2ee-4851-453d-95e7-3887ef041e80,,,chapter,79,0,0,2026-03-07 13:38:09.119,2026-03-07 13:38:09.119,,,false,
a4a63ace-45c0-4177-8574-e7f988596e3e,a765dc53-3f13-4f00-a19b-aa2cb581c9dd,125e398e-2559-43d7-bd43-9855cc3af7ea,,chapter,56,0,0,2026-03-07 15:54:36.437,2026-03-07 15:54:36.437,,,false,
a4ba9620-706d-4840-b43d-028b9374a8b7,a765dc53-3f13-4f00-a19b-aa2cb581c9dd,6eef4131-c168-4f89-a4a9-b2ddde5c4ab8,,chapter,43,2,0,2026-03-07 14:51:06.677,2026-03-07 14:51:06.677,,,false,
a4bf9701-0618-4172-ad6d-5896a2b2bba0,fd6ac307-0703-4168-8e6b-755812f44bae,,,chapter,60,0,0,2026-03-07 15:46:41.959,2026-03-07 15:46:41.959,,,false,
a4db99f2-45c0-41e3-9867-c364a73c1fbb,a765dc53-3f13-4f00-a19b-aa2cb581c9dd,125e398e-2559-43d7-bd43-9855cc3af7ea,,chapter,79,0,0,2026-03-07 15:57:55.304,2026-03-07 15:57:55.304,,,false,
a51a540c-7037-4203-a176-8c56e0f56462,61aa237e-d5bd-4f55-b5fc-be9683abc2c8,,,chapter,22,0,0,2026-03-07 12:16:35.064,2026-03-07 12:16:35.064,,,false,
a5370bdb-a8a2-4fbe-bd10-3b49a07d8b01,fd6ac307-0703-4168-8e6b-755812f44bae,,,chapter,34,0,0,2026-03-07 15:17:11.813,2026-03-07 15:17:11.813,,,false,
a543260f-9ccf-48a4-ac82-f15d73a21e75,a124c29b-236a-4dc5-9b03-290e082785d5,,,chapter,58,0,0,2026-03-07 14:57:23.389,2026-03-07 14:57:23.389,,,false,
a54800e0-1ef2-48e3-9263-c948ba77c917,9be38f57-61b3-48fb-b053-984d2a423bd8,,,chapter,122,0,0,2026-03-07 12:27:59.44,2026-03-07 12:27:59.44,,,false,
a54d3eb6-85d6-4e29-899b-90a4569fb030,50a5c422-6a50-4eb6-b173-111ffffc3d41,,,chapter,251,0,0,2026-03-07 14:40:14.567,2026-03-07 14:40:14.567,,,false,
a563eb0b-7649-4da8-a4b0-eed04d7d24cd,86ecbec7-1381-43fa-9f0b-701e37d40083,,,chapter,119,0,0,2026-03-07 12:25:23.789,2026-03-07 12:25:23.789,,,false,
a57fec60-7196-42ba-8fae-575d3104fb51,fb09a54a-d9fa-404d-986a-bf1ccb7d2287,,,chapter,198,0,0,2026-03-07 14:08:40.896,2026-03-07 14:08:40.896,,,false,
a58d7f82-fe3b-452e-bc54-56c7d1507c14,61aa237e-d5bd-4f55-b5fc-be9683abc2c8,,,chapter,82,0,0,2026-03-07 13:23:38.55,2026-03-07 13:23:38.55,,,false,
a5a3b7e1-2bcb-4e4e-bd6a-e4fbcb181d74,61829d6d-8dc1-411e-a3f8-2c26cb5606e8,,,chapter,25,0,0,2026-03-07 13:39:25.084,2026-03-07 13:39:25.084,,,false,
a5db5360-487f-4390-9d07-05fb86550b4f,5fc9a5b6-e624-46f0-a9bc-df01537b4907,,,chapter,31,0,0,2026-03-07 14:24:30.07,2026-03-07 14:24:30.07,,,false,
a5e2dee4-8917-47c8-9a61-c837b4b00151,af8258f2-06f0-4bde-a687-0b55a69cb2c0,,,chapter,45,0,0,2026-03-07 12:35:57.445,2026-03-07 12:35:57.445,,,false,
a5ef0b5b-db52-4ae0-9989-5390bd74a3d7,a765dc53-3f13-4f00-a19b-aa2cb581c9dd,6eef4131-c168-4f89-a4a9-b2ddde5c4ab8,,chapter,6,0,0,2026-03-07 15:01:46.995,2026-03-07 15:01:46.995,,,false,
a602c8b1-5ea8-4fa6-9378-563992e380b9,a124c29b-236a-4dc5-9b03-290e082785d5,,,chapter,133,0,0,2026-03-07 12:54:39.205,2026-03-07 12:54:39.205,,,false,
a60cfa75-9f26-4ce5-bde5-1c19f8d632b3,fb09a54a-d9fa-404d-986a-bf1ccb7d2287,,,chapter,97,0,0,2026-03-07 15:38:59.187,2026-03-07 15:38:59.187,,,false,
a6276222-15c5-4e49-be2f-29c988ec4aed,61829d6d-8dc1-411e-a3f8-2c26cb5606e8,,,chapter,74,0,0,2026-03-07 14:22:37.968,2026-03-07 14:22:37.968,,,false,
a662e552-9a59-4794-b337-88f6d365c2e7,a765dc53-3f13-4f00-a19b-aa2cb581c9dd,125e398e-2559-43d7-bd43-9855cc3af7ea,,chapter,90,0,0,2026-03-07 15:59:55.363,2026-03-07 15:59:55.363,,,false,
a668fcd7-1918-43a3-93bd-773323072e88,5fc9a5b6-e624-46f0-a9bc-df01537b4907,,,chapter,231,0,0,2026-03-07 14:23:36.789,2026-03-07 14:23:36.789,,,false,
a67791a7-5c25-4b33-98a2-34e3b0aba8a8,fd6ac307-0703-4168-8e6b-755812f44bae,,,chapter,77,0,0,2026-03-07 15:50:05.66,2026-03-07 15:50:05.66,,,false,
a680a726-5e4e-4e7a-a453-46c86aebaee5,a765dc53-3f13-4f00-a19b-aa2cb581c9dd,125e398e-2559-43d7-bd43-9855cc3af7ea,,chapter,297,0,0,2026-03-07 15:42:11.669,2026-03-07 15:42:11.669,,,false,
a6bb1720-8258-4ad4-a140-fe810453d56e,9a20020d-7bea-4fe6-8c9a-40712bf9e882,,,chapter,29,0,0,2026-03-07 12:37:42.665,2026-03-07 12:37:42.665,,,false,
a6cc55d7-3b29-4557-9805-002390cb5750,af8258f2-06f0-4bde-a687-0b55a69cb2c0,,,chapter,76,0,0,2026-03-07 13:08:45.889,2026-03-07 13:08:45.889,,,false,
a6e5ef94-fc4f-41c6-a2e2-3c0f4790e5a3,af8258f2-06f0-4bde-a687-0b55a69cb2c0,,,chapter,40,0,0,2026-03-07 12:35:47.077,2026-03-07 12:35:47.077,,,false,
a700382e-6bb4-4567-a88d-9e4c7deb9018,a765dc53-3f13-4f00-a19b-aa2cb581c9dd,125e398e-2559-43d7-bd43-9855cc3af7ea,,chapter,76,0,0,2026-03-07 15:57:43.383,2026-03-07 15:57:43.383,,,false,
a70bc30a-953c-4c8a-9ea4-6dad9bb5cec7,61829d6d-8dc1-411e-a3f8-2c26cb5606e8,,,chapter,50,0,0,2026-03-07 13:56:47.586,2026-03-07 13:56:47.586,,,false,
a716d443-197c-4995-b6ca-4c90beeaa6fd,5fc9a5b6-e624-46f0-a9bc-df01537b4907,,,chapter,35,0,0,2026-03-07 14:34:20.846,2026-03-07 14:34:20.846,,,false,
a71b0bf9-fc29-4530-b186-54d89e92e0f2,5fc9a5b6-e624-46f0-a9bc-df01537b4907,,,chapter,33,0,0,2026-03-07 14:34:15.886,2026-03-07 14:34:15.886,,,false,
a7217ed1-d595-43cf-859a-11024d9ad345,50a5c422-6a50-4eb6-b173-111ffffc3d41,,,chapter,156,0,0,2026-03-07 12:58:55.851,2026-03-07 12:58:55.851,,,false,
a72c4f0f-c1c0-40f5-b080-f53134ecaf81,5fc9a5b6-e624-46f0-a9bc-df01537b4907,,,chapter,48,0,0,2026-03-07 14:43:53.997,2026-03-07 14:43:53.997,,,false,
a7516f65-025d-4bd6-9827-0bf61b9d4451,af8258f2-06f0-4bde-a687-0b55a69cb2c0,,,chapter,20,0,0,2026-03-07 12:07:26.47,2026-03-07 12:07:26.47,,,false,
a780964e-f4b2-41f5-a2c6-5c51df76131e,86ecbec7-1381-43fa-9f0b-701e37d40083,,,chapter,53,0,0,2026-03-07 13:31:08.021,2026-03-07 13:31:08.021,,,false,
a7cd09ac-13f7-498b-bebb-13c930ab4541,50a5c422-6a50-4eb6-b173-111ffffc3d41,,,chapter,340,0,0,2026-03-07 15:32:35.851,2026-03-07 15:32:35.851,,,false,
a7d465b3-5a7c-4160-96de-7e87b78db889,50a5c422-6a50-4eb6-b173-111ffffc3d41,,,chapter,77,0,0,2026-03-07 16:07:39.198,2026-03-07 16:07:39.198,,,false,
a7dbe4ac-7669-4beb-a096-6893c731ebbf,61aa237e-d5bd-4f55-b5fc-be9683abc2c8,,,chapter,35,0,0,2026-03-07 12:32:21.892,2026-03-07 12:32:21.892,,,false,
a7dee338-4102-4fb5-ad62-eb15bdf770e3,50a5c422-6a50-4eb6-b173-111ffffc3d41,,,chapter,135,0,0,2026-03-07 12:42:25.893,2026-03-07 12:42:25.893,,,false,
a7e1d70e-8dc3-4969-9408-287f646b3b9b,fd6ac307-0703-4168-8e6b-755812f44bae,,,chapter,312,0,0,2026-03-07 14:56:47.85,2026-03-07 14:56:47.85,,,false,
a7e60c18-e30a-44c5-b929-541f543e58f0,a765dc53-3f13-4f00-a19b-aa2cb581c9dd,125e398e-2559-43d7-bd43-9855cc3af7ea,,chapter,296,0,0,2026-03-07 15:42:07.564,2026-03-07 15:42:07.564,,,false,
a7e7a319-1233-4ad1-9c6b-2934a677436e,fb09a54a-d9fa-404d-986a-bf1ccb7d2287,,,chapter,237,0,0,2026-03-07 14:32:27.484,2026-03-07 14:32:27.484,,,false,
a7fe105c-b666-4634-ad44-d885195e68ee,fb09a54a-d9fa-404d-986a-bf1ccb7d2287,,,chapter,117,0,0,2026-03-07 12:28:45.326,2026-03-07 12:28:45.326,,,false,
a80340c7-e975-43a3-b1d3-5921534cea43,9be38f57-61b3-48fb-b053-984d2a423bd8,,,chapter,77,0,0,2026-03-07 14:05:18.077,2026-03-07 14:05:18.077,,,false,
a82bb3d9-6fa8-45de-95c0-05695bb2772c,fd6ac307-0703-4168-8e6b-755812f44bae,,,chapter,268,0,0,2026-03-07 14:25:28.694,2026-03-07 14:25:28.694,,,false,
a83d6f96-82af-4c9e-aa8e-c6e7290cfdbc,5fc9a5b6-e624-46f0-a9bc-df01537b4907,,,chapter,162,0,0,2026-03-07 13:04:25.915,2026-03-07 13:04:25.915,,,false,
a8591528-ac3b-47fd-b1fc-51e46ed4c97c,a765dc53-3f13-4f00-a19b-aa2cb581c9dd,125e398e-2559-43d7-bd43-9855cc3af7ea,,chapter,134,0,0,2026-03-07 13:53:23.882,2026-03-07 13:53:23.882,,,false,
a85d1dcd-4779-4cb4-89f2-9c4cda6d7af1,50a5c422-6a50-4eb6-b173-111ffffc3d41,,,chapter,196,0,0,2026-03-07 13:49:59.935,2026-03-07 13:49:59.935,,,false,
a87f369d-bd9e-4f8d-a4b9-3db774a049a7,50a5c422-6a50-4eb6-b173-111ffffc3d41,,,chapter,5,0,0,2026-03-07 16:03:36.865,2026-03-07 16:03:36.865,,,false,
a88c1064-79dc-4403-8e90-4f12871f1ac0,50a5c422-6a50-4eb6-b173-111ffffc3d41,,,chapter,184,0,0,2026-03-07 13:33:37.353,2026-03-07 13:33:37.353,,,false,
a89df522-b356-440e-9959-929f3f8dfc33,fd6ac307-0703-4168-8e6b-755812f44bae,,,chapter,248,0,0,2026-03-07 14:12:54.584,2026-03-07 14:12:54.584,,,false,
a8b51772-e74e-432b-a571-d5e74873c793,86ecbec7-1381-43fa-9f0b-701e37d40083,,,chapter,25,0,0,2026-03-07 12:56:40.275,2026-03-07 12:56:40.275,,,false,
a8d5ee0a-91eb-4232-8c0b-60ab8bc3c5ac,9a20020d-7bea-4fe6-8c9a-40712bf9e882,,,chapter,48,0,0,2026-03-07 13:09:20.68,2026-03-07 13:09:20.68,,,false,
a8d971ee-8d09-43ba-b1a9-8f054f28f5e0,a765dc53-3f13-4f00-a19b-aa2cb581c9dd,125e398e-2559-43d7-bd43-9855cc3af7ea,,chapter,63,0,0,2026-03-07 15:55:09.365,2026-03-07 15:55:09.365,,,false,
a8d9d893-a0fc-439e-a748-92635ce5c37c,50a5c422-6a50-4eb6-b173-111ffffc3d41,,,chapter,106,0,0,2026-03-07 12:09:48.297,2026-03-07 12:09:48.297,,,false,
a8dddfd4-45c4-4658-9f83-7642bf289e9e,61aa237e-d5bd-4f55-b5fc-be9683abc2c8,,,chapter,29,0,0,2026-03-07 12:17:27.419,2026-03-07 12:17:27.419,,,false,
a8deccb3-ecee-4060-b1d1-59d4099ba24f,61aa237e-d5bd-4f55-b5fc-be9683abc2c8,,,chapter,38,0,0,2026-03-07 12:32:56.486,2026-03-07 12:32:56.486,,,false,
a8f3b752-919a-49e9-b4af-4e8fd966adf1,50a5c422-6a50-4eb6-b173-111ffffc3d41,,,chapter,200,0,0,2026-03-07 14:04:23.637,2026-03-07 14:04:23.637,,,false,
a901fe17-567d-4c40-af6f-b6a2111b1a08,a765dc53-3f13-4f00-a19b-aa2cb581c9dd,125e398e-2559-43d7-bd43-9855cc3af7ea,,chapter,51,0,0,2026-03-07 15:52:04.684,2026-03-07 15:52:04.684,,,false,
a90bd548-96b7-4cfa-8124-b4b397cdeec4,a124c29b-236a-4dc5-9b03-290e082785d5,,,chapter,129,0,0,2026-03-07 12:54:21.536,2026-03-07 12:54:21.536,,,false,
a9167910-3632-4d6e-b799-a8a3d5c91330,90be6fb3-9dcb-4cd1-8b2b-695e44ccc453,,,chapter,1,1,0,2026-03-07 12:24:18.116,2026-03-07 12:24:18.116,,,false,
a93737e8-8728-4e75-abbf-7309e1cb87fa,fd6ac307-0703-4168-8e6b-755812f44bae,,,chapter,99,0,0,2026-03-07 15:55:59.413,2026-03-07 15:55:59.413,,,false,
a94895be-5c47-49ef-baa8-def6ccab61a1,fd6ac307-0703-4168-8e6b-755812f44bae,,,chapter,341,0,0,2026-03-07 15:17:25.677,2026-03-07 15:17:25.677,,,false,
a95ed441-5c97-4e67-b32b-926c25eccf79,a765dc53-3f13-4f00-a19b-aa2cb581c9dd,125e398e-2559-43d7-bd43-9855cc3af7ea,,chapter,20.5,0,0,2026-03-07 14:52:19.558,2026-03-07 14:52:19.558,,,false,
a965e9aa-7cd5-40fd-8264-238e932baef8,61aa237e-d5bd-4f55-b5fc-be9683abc2c8,,,chapter,68,0,0,2026-03-07 13:05:42.189,2026-03-07 13:05:42.189,,,false,
a992027f-7530-40d7-9649-bc19212c663d,50a5c422-6a50-4eb6-b173-111ffffc3d41,,,chapter,348,0,0,2026-03-07 15:36:39.677,2026-03-07 15:36:39.677,,,false,
a99b97e7-912d-4ea9-bd99-88554c7b8a9b,86ecbec7-1381-43fa-9f0b-701e37d40083,,,chapter,100,0,0,2026-03-07 12:08:03.182,2026-03-07 12:08:03.182,,,false,
a9ad3c97-4d2e-482a-9843-ac235fe3d677,50a5c422-6a50-4eb6-b173-111ffffc3d41,,,chapter,35,0,0,2026-03-07 15:36:52.537,2026-03-07 15:36:52.537,,,false,
a9b7f212-af96-4ed5-b4c3-7a9b0461dc83,61829d6d-8dc1-411e-a3f8-2c26cb5606e8,,,chapter,147,0,0,2026-03-07 13:03:25.924,2026-03-07 13:03:25.924,,,false,
a9c8defd-46e5-49be-b52d-7541aa935936,a765dc53-3f13-4f00-a19b-aa2cb581c9dd,6eef4131-c168-4f89-a4a9-b2ddde5c4ab8,,chapter,34.5,0,0,2026-03-07 14:41:23.446,2026-03-07 14:41:23.446,,,false,
a9d6ba68-7dc3-4a19-bd50-a96bf28f28ae,5fc9a5b6-e624-46f0-a9bc-df01537b4907,,,chapter,105,0,0,2026-03-07 12:02:07.07,2026-03-07 12:02:07.07,,,false,
a9f3102e-793f-4f16-8d0d-b6e963580089,50a5c422-6a50-4eb6-b173-111ffffc3d41,,,chapter,125,0,0,2026-03-07 12:26:51.286,2026-03-07 12:26:51.286,,,false,
a9f70dd9-cf1f-4c6e-bc77-573cd3196f89,5fc9a5b6-e624-46f0-a9bc-df01537b4907,,,chapter,91,0,0,2026-03-07 15:15:27.333,2026-03-07 15:15:27.333,,,false,
aa1b51ed-08db-4b7f-8a75-d8801f981e90,a765dc53-3f13-4f00-a19b-aa2cb581c9dd,6eef4131-c168-4f89-a4a9-b2ddde5c4ab8,,chapter,160,0,0,2026-03-07 14:18:45.796,2026-03-07 14:18:45.796,,,false,
aa4283ae-797a-4ec1-b7d8-e555f73f1ca5,a765dc53-3f13-4f00-a19b-aa2cb581c9dd,6eef4131-c168-4f89-a4a9-b2ddde5c4ab8,,chapter,109,0,0,2026-03-07 13:16:57.521,2026-03-07 13:16:57.521,,,false,
aa5b7954-2736-47df-94e0-074fe7ecefda,9be38f57-61b3-48fb-b053-984d2a423bd8,,,chapter,14,0,0,2026-03-07 12:42:51.622,2026-03-07 12:42:51.622,,,false,
aa8465e4-436a-4801-8183-68df20424138,fd6ac307-0703-4168-8e6b-755812f44bae,,,chapter,179,0,0,2026-03-07 13:25:27.292,2026-03-07 13:25:27.292,,,false,
aa96f358-c9eb-44d5-aeee-c516fb65f47b,50a5c422-6a50-4eb6-b173-111ffffc3d41,,,chapter,121,0,0,2026-03-07 12:26:42.109,2026-03-07 12:26:42.109,,,false,
aa9fe43e-fe56-42da-bb3e-9e7e6d7fc74f,a124c29b-236a-4dc5-9b03-290e082785d5,,,chapter,190,0,0,2026-03-07 14:00:58.709,2026-03-07 14:00:58.709,,,false,
aab42ca2-6ce8-4c23-a962-778c5b8b6161,fd6ac307-0703-4168-8e6b-755812f44bae,,,chapter,116,0,0,2026-03-07 12:18:17.567,2026-03-07 12:18:17.567,,,false,
aacf8d1e-41bf-4c20-8fd0-d1170655a99b,50a5c422-6a50-4eb6-b173-111ffffc3d41,,,chapter,268,0,0,2026-03-07 14:49:30.03,2026-03-07 14:49:30.03,,,false,
aadb7306-d144-45df-8dcd-8c5ac7bc2499,9a20020d-7bea-4fe6-8c9a-40712bf9e882,,,chapter,19,0,0,2026-03-07 12:37:04.938,2026-03-07 12:37:04.938,,,false,
aafe6dd3-ca65-4f46-ba96-ef7315d528aa,fd6ac307-0703-4168-8e6b-755812f44bae,,,chapter,223,0,0,2026-03-07 13:59:22.668,2026-03-07 13:59:22.668,,,false,
ab05e06e-af69-4896-946a-904f96d1c40d,fd6ac307-0703-4168-8e6b-755812f44bae,,,chapter,198,0,0,2026-03-07 13:43:24.165,2026-03-07 13:43:24.165,,,false,
ab1f642f-e19a-4aa7-abe0-84fb43907725,61829d6d-8dc1-411e-a3f8-2c26cb5606e8,,,chapter,5,0,0,2026-03-07 13:57:00.842,2026-03-07 13:57:00.842,,,false,
ab3709f9-4d58-4ba6-873b-6ce65b948c21,fd6ac307-0703-4168-8e6b-755812f44bae,,,chapter,385,0,0,2026-03-07 15:40:11.553,2026-03-07 15:40:11.553,,,false,
ab45af5a-305f-4f30-8912-4544399b1774,90be6fb3-9dcb-4cd1-8b2b-695e44ccc453,,,chapter,31,0,0,2026-03-07 14:27:34.436,2026-03-07 14:27:34.436,,,false,
ab4aeeea-5c72-4a9a-9cfd-dd2b46d9b4b5,fd6ac307-0703-4168-8e6b-755812f44bae,,,chapter,314,0,0,2026-03-07 15:05:45.728,2026-03-07 15:05:45.728,,,false,
ab6056b6-44c4-46e2-9aea-b4e1a787bede,61829d6d-8dc1-411e-a3f8-2c26cb5606e8,,,chapter,135,0,0,2026-03-07 12:47:07.178,2026-03-07 12:47:07.178,,,false,
ab612764-7c68-4462-ab75-8e75b926988e,50a5c422-6a50-4eb6-b173-111ffffc3d41,,,chapter,227,0,0,2026-03-07 14:17:15.323,2026-03-07 14:17:15.323,,,false,
ab75b95f-d01f-448d-b47f-639444b3b10f,a124c29b-236a-4dc5-9b03-290e082785d5,,,chapter,177,0,0,2026-03-07 13:46:25.217,2026-03-07 13:46:25.217,,,false,
abafbc2b-8127-47f1-85f5-d9dd43ecfa42,a124c29b-236a-4dc5-9b03-290e082785d5,,,chapter,145,0,0,2026-03-07 13:10:27.988,2026-03-07 13:10:27.988,,,false,
abb950ac-defd-4886-99a6-800c77a9d938,86ecbec7-1381-43fa-9f0b-701e37d40083,,,chapter,22,0,0,2026-03-07 12:41:21.611,2026-03-07 12:41:21.611,,,false,
abbd3e84-30b4-4894-8a0b-0caedb099c96,90be6fb3-9dcb-4cd1-8b2b-695e44ccc453,,,chapter,11,0,0,2026-03-07 12:24:52.716,2026-03-07 12:24:52.716,,,false,
abc85c4b-f03d-4321-bbd0-e68f5f42b21a,fb09a54a-d9fa-404d-986a-bf1ccb7d2287,,,chapter,134,0,0,2026-03-07 12:44:45.718,2026-03-07 12:44:45.718,,,false,
abde8423-5d94-44ba-b7ee-631a848c699b,50a5c422-6a50-4eb6-b173-111ffffc3d41,,,chapter,512,0,0,2026-03-07 16:04:45.418,2026-03-07 16:04:45.418,,,false,
abe49865-471e-451e-9f95-465258f08ffc,fd6ac307-0703-4168-8e6b-755812f44bae,,,chapter,15,0,0,2026-03-07 12:50:46.44,2026-03-07 12:50:46.44,,,false,
abff607b-4fc1-4b20-8881-d4837a0b44c2,86ecbec7-1381-43fa-9f0b-701e37d40083,,,chapter,86,0,0,2026-03-07 14:03:17.351,2026-03-07 14:03:17.351,,,false,
ac147a51-604d-491b-9edd-cb61acb6c184,a765dc53-3f13-4f00-a19b-aa2cb581c9dd,6eef4131-c168-4f89-a4a9-b2ddde5c4ab8,,chapter,145,0,0,2026-03-07 14:06:38.962,2026-03-07 14:06:38.962,,,false,
ac1d68a4-dc49-4d0a-a3bc-2453d3e26427,5fc9a5b6-e624-46f0-a9bc-df01537b4907,,,chapter,112,0,0,2026-03-07 12:02:42.81,2026-03-07 12:02:42.81,,,false,
ac1f0ca7-9638-4533-a3a9-6ebec199ba39,50a5c422-6a50-4eb6-b173-111ffffc3d41,,,chapter,333,0,0,2026-03-07 15:32:09.629,2026-03-07 15:32:09.629,,,false,
ac217b7d-c766-4ac7-b14d-431c2d2fff91,5fc9a5b6-e624-46f0-a9bc-df01537b4907,,,chapter,166,0,0,2026-03-07 13:04:42.903,2026-03-07 13:04:42.903,,,false,
ac3ce54d-86be-4098-8835-a81dfc42c2bf,86ecbec7-1381-43fa-9f0b-701e37d40083,,,chapter,99,0,0,2026-03-07 14:16:22.197,2026-03-07 14:16:22.197,,,false,
ac62189d-ae0b-44bd-91a0-0c015c61fab0,a124c29b-236a-4dc5-9b03-290e082785d5,,,chapter,31,0,0,2026-03-07 14:37:51.426,2026-03-07 14:37:51.426,,,false,
ac849bd2-a734-478e-99a9-2388559a73f1,d7ade2ee-4851-453d-95e7-3887ef041e80,,,chapter,50,0,0,2026-03-07 13:02:40.591,2026-03-07 13:02:40.591,,,false,
ac858996-ff42-43ac-b40f-849b08a69114,90be6fb3-9dcb-4cd1-8b2b-695e44ccc453,,,chapter,122,0,0,2026-03-07 12:40:01.829,2026-03-07 12:40:01.829,,,false,
ac9d48ef-d226-41d8-a7a4-5f6df8e4db45,fb09a54a-d9fa-404d-986a-bf1ccb7d2287,,,chapter,20,0,0,2026-03-07 14:08:50.685,2026-03-07 14:08:50.685,,,false,
acaaede4-8ac6-42bd-9b3d-fd6dd5d9a638,61829d6d-8dc1-411e-a3f8-2c26cb5606e8,,,chapter,100,0,0,2026-03-07 12:13:59.412,2026-03-07 12:13:59.412,,,false,
acad3d50-4b7b-41b7-b9f4-98965cd9a2f1,a124c29b-236a-4dc5-9b03-290e082785d5,,,chapter,72,0,0,2026-03-07 15:08:42.701,2026-03-07 15:08:42.701,,,false,
acc19f73-bcae-46cd-a114-2b5edb1864ec,9be38f57-61b3-48fb-b053-984d2a423bd8,,,chapter,41,0,0,2026-03-07 13:15:28.786,2026-03-07 13:15:28.786,,,false,
acfa82d1-4138-44c5-90da-76184b9c4097,9be38f57-61b3-48fb-b053-984d2a423bd8,,,chapter,75,0,0,2026-03-07 13:51:41.702,2026-03-07 13:51:41.702,,,false,
acfea7e4-4dfe-4732-9110-e84d8fdaaaaa,9be38f57-61b3-48fb-b053-984d2a423bd8,,,chapter,19,0,0,2026-03-07 12:43:14.555,2026-03-07 12:43:14.555,,,false,
ad01fe35-8873-451d-908c-776d620c1a1e,af8258f2-06f0-4bde-a687-0b55a69cb2c0,,,chapter,21,0,0,2026-03-07 12:07:37.023,2026-03-07 12:07:37.023,,,false,
ad2f4a85-bfd1-4a1e-a5d0-1c808c4e227f,a765dc53-3f13-4f00-a19b-aa2cb581c9dd,6eef4131-c168-4f89-a4a9-b2ddde5c4ab8,,chapter,108,0,0,2026-03-07 13:16:53.044,2026-03-07 13:16:53.044,,,false,
ad31495b-ccf7-4041-a63e-e9961f99fe97,a124c29b-236a-4dc5-9b03-290e082785d5,,,chapter,78,0,0,2026-03-07 15:09:06.599,2026-03-07 15:09:06.599,,,false,
ad937895-cfa8-4be4-be37-bd6645e444d3,fd6ac307-0703-4168-8e6b-755812f44bae,,,chapter,311,0,0,2026-03-07 14:56:38.252,2026-03-07 14:56:38.252,,,false,
ad937a7e-6538-4a57-9370-40f11c20a9fb,90be6fb3-9dcb-4cd1-8b2b-695e44ccc453,,,chapter,159,0,0,2026-03-07 13:29:52.27,2026-03-07 13:29:52.27,,,false,
ad98fec9-9e04-4fde-87fe-86ae6083c085,a765dc53-3f13-4f00-a19b-aa2cb581c9dd,125e398e-2559-43d7-bd43-9855cc3af7ea,,chapter,103,0,0,2026-03-07 13:17:45.835,2026-03-07 13:17:45.835,,,false,
adaf4673-772b-42ad-91e6-1d2610062810,50a5c422-6a50-4eb6-b173-111ffffc3d41,,,chapter,69,0,0,2026-03-07 16:06:54.617,2026-03-07 16:06:54.617,,,false,
adb03df6-f39c-44fa-8ee1-b1a0276b9264,61829d6d-8dc1-411e-a3f8-2c26cb5606e8,,,chapter,31,0,0,2026-03-07 13:40:11.846,2026-03-07 13:40:11.846,,,false,
ade2e879-fdb4-4f15-a597-0688046283aa,fb09a54a-d9fa-404d-986a-bf1ccb7d2287,,,chapter,81,0,0,2026-03-07 15:34:27.553,2026-03-07 15:34:27.553,,,false,
adf33943-f766-440d-a878-85fdc92cac84,5fc9a5b6-e624-46f0-a9bc-df01537b4907,,,chapter,40,0,0,2026-03-07 14:34:50.867,2026-03-07 14:34:50.867,,,false,
ae0306a6-6919-486b-b62c-d8ba42530250,a124c29b-236a-4dc5-9b03-290e082785d5,,,chapter,134,0,0,2026-03-07 12:54:47.974,2026-03-07 12:54:47.974,,,false,
ae185908-ffd8-4454-a07b-7035ae05a4a3,50a5c422-6a50-4eb6-b173-111ffffc3d41,,,chapter,4,0,0,2026-03-07 15:48:01.408,2026-03-07 15:48:01.408,,,false,
ae27fb3e-1785-4fe7-84f9-a37ac6fdf992,86ecbec7-1381-43fa-9f0b-701e37d40083,,,chapter,39,0,0,2026-03-07 13:12:34.548,2026-03-07 13:12:34.548,,,false,
ae2a0020-776a-4d3e-8e36-8ce1bba9f7c3,a124c29b-236a-4dc5-9b03-290e082785d5,,,chapter,40,0,0,2026-03-07 14:46:55.416,2026-03-07 14:46:55.416,,,false,
ae34d99a-4430-482e-b954-fddde0ecbe91,fd6ac307-0703-4168-8e6b-755812f44bae,,,chapter,370,0,0,2026-03-07 15:31:50.853,2026-03-07 15:31:50.853,,,false,
ae7cc61c-dc58-4196-9a57-9c643deec1e8,50a5c422-6a50-4eb6-b173-111ffffc3d41,,,chapter,147,0,0,2026-03-07 12:58:47.425,2026-03-07 12:58:47.425,,,false,
ae7d8ce0-5d38-4b92-8bef-1511258dd5a9,a765dc53-3f13-4f00-a19b-aa2cb581c9dd,6eef4131-c168-4f89-a4a9-b2ddde5c4ab8,,chapter,128,0,0,2026-03-07 13:51:50.72,2026-03-07 13:51:50.72,,,false,
ae853a4f-9e3c-46ea-946e-82c127b913be,50a5c422-6a50-4eb6-b173-111ffffc3d41,,,chapter,36,0,0,2026-03-07 15:40:33.99,2026-03-07 15:40:33.99,,,false,
ae96fb96-e7ab-45d1-9847-5434e1be1ac9,5fc9a5b6-e624-46f0-a9bc-df01537b4907,,,chapter,150,0,0,2026-03-07 12:48:29.008,2026-03-07 12:48:29.008,,,false,
aeb0f71a-9266-47fc-a73d-8f406fe3980f,50a5c422-6a50-4eb6-b173-111ffffc3d41,,,chapter,516,0,0,2026-03-07 16:05:03.662,2026-03-07 16:05:03.662,,,false,
aeb4b85a-8b9a-4099-8e8b-80c1dcebe4f7,a765dc53-3f13-4f00-a19b-aa2cb581c9dd,125e398e-2559-43d7-bd43-9855cc3af7ea,,chapter,44,0,0,2026-03-07 15:51:32.111,2026-03-07 15:51:32.111,,,false,
aee8ff42-e8e1-4bab-a64b-ef31dbb107de,61aa237e-d5bd-4f55-b5fc-be9683abc2c8,,,chapter,2,0,0,2026-03-07 12:16:23.153,2026-03-07 12:16:23.153,,,false,
aeec9d7a-bfb3-43e5-bebc-a0f088ab2757,a765dc53-3f13-4f00-a19b-aa2cb581c9dd,6eef4131-c168-4f89-a4a9-b2ddde5c4ab8,,chapter,24,0,0,2026-03-07 14:30:08.862,2026-03-07 14:30:08.862,,,false,
af03bd1e-7310-4891-812f-4be5cd1bf185,a124c29b-236a-4dc5-9b03-290e082785d5,,,chapter,71,0,0,2026-03-07 15:08:33.49,2026-03-07 15:08:33.49,,,false,
af0a80ac-00e5-4b16-a957-e24c3c74a303,90be6fb3-9dcb-4cd1-8b2b-695e44ccc453,,,chapter,168,0,0,2026-03-07 13:30:38.848,2026-03-07 13:30:38.848,,,false,
af143caf-e0bf-4df1-90d7-b9a80926db33,90be6fb3-9dcb-4cd1-8b2b-695e44ccc453,,,chapter,52,0,0,2026-03-07 14:38:59.897,2026-03-07 14:38:59.897,,,false,
af2d1182-f162-4465-b59e-c7eb118f8950,fb09a54a-d9fa-404d-986a-bf1ccb7d2287,,,chapter,64,0,0,2026-03-07 15:29:25.775,2026-03-07 15:29:25.775,,,false,
af75be8b-803b-4d52-84b8-71b5d5b85784,fb09a54a-d9fa-404d-986a-bf1ccb7d2287,,,chapter,262,0,0,2026-03-07 14:53:33.222,2026-03-07 14:53:33.222,,,false,
af8b0c7e-74a1-43f1-97ab-ee93da9d8de4,a765dc53-3f13-4f00-a19b-aa2cb581c9dd,125e398e-2559-43d7-bd43-9855cc3af7ea,,chapter,215,0,0,2026-03-07 15:02:47.902,2026-03-07 15:02:47.902,,,false,
affc9017-7d16-4714-87ff-c05ece937ce6,50a5c422-6a50-4eb6-b173-111ffffc3d41,,,chapter,213,0,0,2026-03-07 14:05:09.844,2026-03-07 14:05:09.844,,,false,
b012e41c-10c6-4a32-9961-56862f8d7e96,50a5c422-6a50-4eb6-b173-111ffffc3d41,,,chapter,44,0,0,2026-03-07 15:56:54.129,2026-03-07 15:56:54.129,,,false,
b02355da-aceb-44f2-8442-367a5ec9aa7f,af8258f2-06f0-4bde-a687-0b55a69cb2c0,,,chapter,62,0,0,2026-03-07 12:52:43.472,2026-03-07 12:52:43.472,,,false,
b061cbaa-293f-41d5-af7d-bd10cd56e1e9,9be38f57-61b3-48fb-b053-984d2a423bd8,,,chapter,5,0,0,2026-03-07 13:15:51.653,2026-03-07 13:15:51.653,,,false,
b063b76a-3233-4c71-ac1e-317f028bafb8,a765dc53-3f13-4f00-a19b-aa2cb581c9dd,6eef4131-c168-4f89-a4a9-b2ddde5c4ab8,,chapter,21,0,0,2026-03-07 14:29:55.906,2026-03-07 14:29:55.906,,,false,
b098d00b-ac2c-4035-b187-f03fbb809568,fd6ac307-0703-4168-8e6b-755812f44bae,,,chapter,219,0,0,2026-03-07 13:58:57.204,2026-03-07 13:58:57.204,,,false,
b0a9696a-9b8a-49d5-b500-59e6de29d5f5,a765dc53-3f13-4f00-a19b-aa2cb581c9dd,6eef4131-c168-4f89-a4a9-b2ddde5c4ab8,,chapter,12,0,0,2026-03-07 13:35:24.814,2026-03-07 13:35:24.814,,,false,
b0bcf598-bf51-46a3-9d1a-c5ffb71d86a8,fd6ac307-0703-4168-8e6b-755812f44bae,,,chapter,355,0,0,2026-03-07 15:26:02.49,2026-03-07 15:26:02.49,,,false,
b0cb315f-11af-47f8-a958-07ed23a96cfb,61aa237e-d5bd-4f55-b5fc-be9683abc2c8,,,chapter,44,0,0,2026-03-07 12:33:18.316,2026-03-07 12:33:18.316,,,false,
b0cb95aa-2b02-41bc-96f4-f7cd13852050,fb09a54a-d9fa-404d-986a-bf1ccb7d2287,,,chapter,82,0,0,2026-03-07 15:34:36.615,2026-03-07 15:34:36.615,,,false,
b0cc98e4-e40b-49ee-8e6d-5e07703aab4c,5fc9a5b6-e624-46f0-a9bc-df01537b4907,,,chapter,137,0,0,2026-03-07 12:31:45.83,2026-03-07 12:31:45.83,,,false,
b0d85101-4fbf-408b-a752-fd5ae4b0f4bd,fb09a54a-d9fa-404d-986a-bf1ccb7d2287,,,chapter,239,0,0,2026-03-07 14:32:32.407,2026-03-07 14:32:32.407,,,false,
b1032e81-2de1-4718-9614-1a8042e28383,50a5c422-6a50-4eb6-b173-111ffffc3d41,,,chapter,349,0,0,2026-03-07 15:36:48.409,2026-03-07 15:36:48.409,,,false,
b12ddfbd-2ea6-45de-ae62-8cd57bf3caf8,86ecbec7-1381-43fa-9f0b-701e37d40083,,,chapter,24,0,0,2026-03-07 12:56:58.939,2026-03-07 12:56:58.939,,,false,
b1349e5d-6a01-462f-87cb-23b2803700f1,86ecbec7-1381-43fa-9f0b-701e37d40083,,,chapter,47,0,0,2026-03-07 13:13:37.695,2026-03-07 13:13:37.695,,,false,
b13ccdb5-8c5a-4235-a9f9-a6353e30d80c,9be38f57-61b3-48fb-b053-984d2a423bd8,,,chapter,94,0,0,2026-03-07 14:17:51.771,2026-03-07 14:17:51.771,,,false,
b16ac3bc-8aa9-448d-b84f-3814bb984050,af8258f2-06f0-4bde-a687-0b55a69cb2c0,,,chapter,73,0,0,2026-03-07 13:08:19.047,2026-03-07 13:08:19.047,,,false,
b186f326-1edc-485c-a84a-50ec6aedba7e,a124c29b-236a-4dc5-9b03-290e082785d5,,,chapter,206,0,0,2026-03-07 14:13:55.876,2026-03-07 14:13:55.876,,,false,
b18e3429-de30-490c-8048-3df27d2bcbdf,50a5c422-6a50-4eb6-b173-111ffffc3d41,,,chapter,431,0,0,2026-03-07 15:56:07.732,2026-03-07 15:56:07.732,,,false,
b1a8ffa3-b4da-4698-a890-daac80feab32,86ecbec7-1381-43fa-9f0b-701e37d40083,,,chapter,93,0,0,2026-03-07 14:03:52.003,2026-03-07 14:03:52.003,,,false,
b1c68da3-364e-4eac-926a-703ca2b8bda4,d7ade2ee-4851-453d-95e7-3887ef041e80,,,chapter,10,0,0,2026-03-07 12:12:52.535,2026-03-07 12:12:52.535,,,false,
b1cfa7cb-ba6b-4c77-8c59-8a1f5a56c5b0,a124c29b-236a-4dc5-9b03-290e082785d5,,,chapter,114,0,0,2026-03-07 12:37:57.222,2026-03-07 12:37:57.222,,,false,
b1edbe2d-0426-4c28-950b-85125782b93f,fb09a54a-d9fa-404d-986a-bf1ccb7d2287,,,chapter,23,0,0,2026-03-07 14:31:44.69,2026-03-07 14:31:44.69,,,false,
b1eff605-305f-4964-8cba-9acc1d5882cf,a765dc53-3f13-4f00-a19b-aa2cb581c9dd,125e398e-2559-43d7-bd43-9855cc3af7ea,,chapter,31,0,0,2026-03-07 15:45:34.487,2026-03-07 15:45:34.487,,,false,
b2232cda-290e-4589-9d2f-3705b814b5ef,fd6ac307-0703-4168-8e6b-755812f44bae,,,chapter,291,0,0,2026-03-07 14:45:33.206,2026-03-07 14:45:33.206,,,false,
b22f40b2-da57-44df-8737-3e9fe63d7075,50a5c422-6a50-4eb6-b173-111ffffc3d41,,,chapter,469,0,0,2026-03-07 16:01:05.007,2026-03-07 16:01:05.007,,,false,
b22f8eae-04e2-43c8-ab88-7a435db14458,a124c29b-236a-4dc5-9b03-290e082785d5,,,chapter,179,0,0,2026-03-07 13:46:29.411,2026-03-07 13:46:29.411,,,false,
b23b1196-54ef-4a5a-a3a2-6e0eb5d100fc,9be38f57-61b3-48fb-b053-984d2a423bd8,,,chapter,15,0,0,2026-03-07 12:42:56.186,2026-03-07 12:42:56.186,,,false,
b24dec42-ed34-41b2-83d8-b650fb057799,61829d6d-8dc1-411e-a3f8-2c26cb5606e8,,,chapter,162,0,0,2026-03-07 13:21:04.388,2026-03-07 13:21:04.388,,,false,
b262a28c-2596-4871-bb9c-862cd8cf880c,fb09a54a-d9fa-404d-986a-bf1ccb7d2287,,,chapter,136,0,0,2026-03-07 12:44:50.614,2026-03-07 12:44:50.614,,,false,
b268ebf7-fe57-4ae5-a14d-e4945583b33e,50a5c422-6a50-4eb6-b173-111ffffc3d41,,,chapter,323,0,0,2026-03-07 15:27:30.333,2026-03-07 15:27:30.333,,,false,
b26bd71d-3463-4730-931f-86bd984b2774,a124c29b-236a-4dc5-9b03-290e082785d5,,,chapter,5,0,0,2026-03-07 14:57:10.373,2026-03-07 14:57:10.373,,,false,
b27a54af-fcb7-40cb-9385-ec099b307013,fb09a54a-d9fa-404d-986a-bf1ccb7d2287,,,chapter,66,0,0,2026-03-07 15:29:40.316,2026-03-07 15:29:40.316,,,false,
b284843e-56bd-40d7-bb3d-20e546b9a47f,9be38f57-61b3-48fb-b053-984d2a423bd8,,,chapter,106,0,0,2026-03-07 12:11:03.987,2026-03-07 12:11:03.987,,,false,
b289ca14-2274-472c-8f0d-1e3ab800b62d,9a20020d-7bea-4fe6-8c9a-40712bf9e882,,,chapter,95,0,0,2026-03-07 14:00:28.7,2026-03-07 14:00:28.7,,,false,
b2a0c536-01c6-47fe-8c34-bce138fa29f7,61829d6d-8dc1-411e-a3f8-2c26cb5606e8,,,chapter,112,0,0,2026-03-07 12:15:06.212,2026-03-07 12:15:06.212,,,false,
b2a249b6-479b-47d9-82c6-7aa3972a2877,fd6ac307-0703-4168-8e6b-755812f44bae,,,chapter,221,0,0,2026-03-07 13:59:05.714,2026-03-07 13:59:05.714,,,false,
b2c1be39-b149-4b52-9e56-89faa0e6b89b,90be6fb3-9dcb-4cd1-8b2b-695e44ccc453,,,chapter,27,0,0,2026-03-07 14:26:46.106,2026-03-07 14:26:46.106,,,false,
b2c4d3da-d7f6-4e9b-9d3a-0b695e60275a,5fc9a5b6-e624-46f0-a9bc-df01537b4907,,,chapter,232.6,0,0,2026-03-07 14:23:48.527,2026-03-07 14:23:48.527,,,false,
b2e9f6f1-cc74-4da3-a69b-e04dbed1402d,90be6fb3-9dcb-4cd1-8b2b-695e44ccc453,,,chapter,60,0,0,2026-03-07 14:48:05.946,2026-03-07 14:48:05.946,,,false,
b2f12a39-b312-4d2c-9805-7cf9c2ef2814,af8258f2-06f0-4bde-a687-0b55a69cb2c0,,,chapter,41,0,0,2026-03-07 12:35:41.611,2026-03-07 12:35:41.611,,,false,
b2fcbda1-8a11-4e0f-b68d-c46316cf0897,61829d6d-8dc1-411e-a3f8-2c26cb5606e8,,,chapter,58,0,0,2026-03-07 14:10:05.453,2026-03-07 14:10:05.453,,,false,
b30bca31-f4fb-4807-8d7f-bb130f27d9ae,fd6ac307-0703-4168-8e6b-755812f44bae,,,chapter,321,0,0,2026-03-07 15:06:35.744,2026-03-07 15:06:35.744,,,false,
b30d2c34-d1f7-44f4-b6ee-7cbafc68e051,a765dc53-3f13-4f00-a19b-aa2cb581c9dd,125e398e-2559-43d7-bd43-9855cc3af7ea,,chapter,43,0,0,2026-03-07 15:51:28.461,2026-03-07 15:51:28.461,,,false,
b3114395-ceba-4f2a-8611-20c1457c627d,af8258f2-06f0-4bde-a687-0b55a69cb2c0,,,chapter,86,0,0,2026-03-07 13:26:16.563,2026-03-07 13:26:16.563,,,false,
b315250f-e37e-49a4-ba66-107a8c80c66e,fb09a54a-d9fa-404d-986a-bf1ccb7d2287,,,chapter,63,0,0,2026-03-07 15:29:30.739,2026-03-07 15:29:30.739,,,false,
b325adef-334f-4ee7-ab61-226101384679,fd6ac307-0703-4168-8e6b-755812f44bae,,,chapter,296,0,0,2026-03-07 14:45:46.365,2026-03-07 14:45:46.365,,,false,
b325dabd-0168-4ab6-af95-03d0d4845be3,90be6fb3-9dcb-4cd1-8b2b-695e44ccc453,,,chapter,125,0,0,2026-03-07 12:40:16.105,2026-03-07 12:40:16.105,,,false,
b3309a3f-1263-4474-a960-4185d7aee3e6,a765dc53-3f13-4f00-a19b-aa2cb581c9dd,125e398e-2559-43d7-bd43-9855cc3af7ea,,chapter,191,0,0,2026-03-07 14:41:58.055,2026-03-07 14:41:58.055,,,false,
b3734877-2e1d-40a2-842a-fc03e9ba3728,50a5c422-6a50-4eb6-b173-111ffffc3d41,,,chapter,264,0,0,2026-03-07 14:49:11.163,2026-03-07 14:49:11.163,,,false,
b3822fa4-57be-4085-8bcb-7dd615b19cd5,50a5c422-6a50-4eb6-b173-111ffffc3d41,,,chapter,337,0,0,2026-03-07 15:32:40.197,2026-03-07 15:32:40.197,,,false,
b38492cd-541f-47c2-bb57-bb01a2c79011,fd6ac307-0703-4168-8e6b-755812f44bae,,,chapter,14,0,0,2026-03-07 12:34:29.156,2026-03-07 12:34:29.156,,,false,
b3a25991-3a7d-4036-9657-b86ba1ace05d,50a5c422-6a50-4eb6-b173-111ffffc3d41,,,chapter,363,0,0,2026-03-07 15:40:38.132,2026-03-07 15:40:38.132,,,false,
b3b3586e-28c8-46fe-a18b-5e587072b3ff,50a5c422-6a50-4eb6-b173-111ffffc3d41,,,chapter,360,0,0,2026-03-07 15:40:46.755,2026-03-07 15:40:46.755,,,false,
b3d1a9e6-684a-49b9-9f67-d2ce0d4b91d8,9be38f57-61b3-48fb-b053-984d2a423bd8,,,chapter,37,0,0,2026-03-07 13:14:54.067,2026-03-07 13:14:54.067,,,false,
b3d1c74d-13b1-4370-86b0-f7037e7dee8c,90be6fb3-9dcb-4cd1-8b2b-695e44ccc453,,,chapter,4,1,0,2026-03-07 14:38:01.123,2026-03-07 14:38:01.123,,,false,
b3ee9448-f34f-462c-a3fb-4a7b2d91c4ae,a124c29b-236a-4dc5-9b03-290e082785d5,,,chapter,34,0,0,2026-03-07 14:37:56.382,2026-03-07 14:37:56.382,,,false,
b401d27b-cf1f-4acf-b752-d0e81e1c1d80,a124c29b-236a-4dc5-9b03-290e082785d5,,,chapter,117,0,0,2026-03-07 12:38:19.894,2026-03-07 12:38:19.894,,,false,
b42c582a-b506-4525-be95-f2b8d02d7e3b,a765dc53-3f13-4f00-a19b-aa2cb581c9dd,6eef4131-c168-4f89-a4a9-b2ddde5c4ab8,,chapter,112,0,0,2026-03-07 13:17:01.948,2026-03-07 13:17:01.948,,,false,
b433183e-4b27-495b-b236-ebd4f6cea2ac,fb09a54a-d9fa-404d-986a-bf1ccb7d2287,,,chapter,247,0,0,2026-03-07 14:42:54.845,2026-03-07 14:42:54.845,,,false,
b44c0480-3c49-4920-80db-85943c950bd2,a765dc53-3f13-4f00-a19b-aa2cb581c9dd,125e398e-2559-43d7-bd43-9855cc3af7ea,,chapter,228,0,0,2026-03-07 15:13:09.152,2026-03-07 15:13:09.152,,,false,
b44e665a-cf33-433a-8984-0d084ae08310,fd6ac307-0703-4168-8e6b-755812f44bae,,,chapter,181,0,0,2026-03-07 13:25:31.715,2026-03-07 13:25:31.715,,,false,
b47c245f-5810-4c43-b358-221a9b0e9817,50a5c422-6a50-4eb6-b173-111ffffc3d41,,,chapter,216,0,0,2026-03-07 14:16:31.725,2026-03-07 14:16:31.725,,,false,
b484aa86-3c5d-45bb-ab6e-7b43bf8f01cc,a124c29b-236a-4dc5-9b03-290e082785d5,,,chapter,163,0,0,2026-03-07 13:28:49.893,2026-03-07 13:28:49.893,,,false,
b484b1c6-3746-473d-8b24-8e463ea79940,86ecbec7-1381-43fa-9f0b-701e37d40083,,,chapter,122.6,0,0,2026-03-07 12:25:51.532,2026-03-07 12:25:51.532,,,false,
b48d3daf-97cf-4185-985b-a88a24883130,50a5c422-6a50-4eb6-b173-111ffffc3d41,,,chapter,75,0,0,2026-03-07 16:07:30.392,2026-03-07 16:07:30.392,,,false,
b49a8331-a970-462d-8ad2-96f966bd3a08,86ecbec7-1381-43fa-9f0b-701e37d40083,,,chapter,43,0,0,2026-03-07 13:12:44.048,2026-03-07 13:12:44.048,,,false,
b49ae5ff-bcd1-4c3e-b511-495134218fde,fd6ac307-0703-4168-8e6b-755812f44bae,,,chapter,113,0,0,2026-03-07 12:18:03.092,2026-03-07 12:18:03.092,,,false,
b4c69d6c-094d-4ef2-a48b-90e6c968453c,a124c29b-236a-4dc5-9b03-290e082785d5,,,chapter,17,0,0,2026-03-07 13:29:28.444,2026-03-07 13:29:28.444,,,false,
b4dc13c5-9eb5-4bc6-8bcd-6b0285e2d19b,9be38f57-61b3-48fb-b053-984d2a423bd8,,,chapter,37.5,0,0,2026-03-07 13:15:11.531,2026-03-07 13:15:11.531,,,false,
b4e52ece-4aa4-4903-b77f-adf45441b97f,fb09a54a-d9fa-404d-986a-bf1ccb7d2287,,,chapter,6,0,0,2026-03-07 15:23:37.52,2026-03-07 15:23:37.52,,,false,
b4e5752c-388b-41ac-8b9f-e9c367682bd0,fb09a54a-d9fa-404d-986a-bf1ccb7d2287,,,chapter,22,0,0,2026-03-07 14:21:25.34,2026-03-07 14:21:25.34,,,false,
b5053b40-d4d6-4bd6-a626-457df8f71912,a765dc53-3f13-4f00-a19b-aa2cb581c9dd,6eef4131-c168-4f89-a4a9-b2ddde5c4ab8,,chapter,14,0,0,2026-03-07 13:52:29.764,2026-03-07 13:52:29.764,,,false,
b510a8b1-4420-46c8-9d6e-ccd3da6e34c8,50a5c422-6a50-4eb6-b173-111ffffc3d41,,,chapter,289,0,0,2026-03-07 15:10:42.105,2026-03-07 15:10:42.105,,,false,
b52452f2-783b-4bca-8d50-6b20aae24fa2,a765dc53-3f13-4f00-a19b-aa2cb581c9dd,125e398e-2559-43d7-bd43-9855cc3af7ea,,chapter,35,0,0,2026-03-07 15:48:42.902,2026-03-07 15:48:42.902,,,false,
b5363084-9049-4e0e-bdc6-e850e19da8b9,fd6ac307-0703-4168-8e6b-755812f44bae,,,chapter,275,0,0,2026-03-07 14:35:43.062,2026-03-07 14:35:43.062,,,false,
b55e41fd-4a93-47ad-8cae-8225c99df01e,90be6fb3-9dcb-4cd1-8b2b-695e44ccc453,,,chapter,188,0,0,2026-03-07 14:01:59.481,2026-03-07 14:01:59.481,,,false,
b56127cb-aaa1-47f1-8f15-6fbb5558e89d,86ecbec7-1381-43fa-9f0b-701e37d40083,,,chapter,94,0,0,2026-03-07 14:03:59.702,2026-03-07 14:03:59.702,,,false,
b561cbad-a345-4c8e-aed6-7a4fa2e1dad5,61829d6d-8dc1-411e-a3f8-2c26cb5606e8,,,chapter,80,0,0,2026-03-07 14:23:11.591,2026-03-07 14:23:11.591,,,false,
b56d4b02-b5a6-45aa-b011-6b65c1aee388,9a20020d-7bea-4fe6-8c9a-40712bf9e882,,,chapter,16,0,0,2026-03-07 12:36:50.561,2026-03-07 12:36:50.561,,,false,
b570338c-cab1-44ae-ac64-fc421dc9d46e,fb09a54a-d9fa-404d-986a-bf1ccb7d2287,,,chapter,252,0,0,2026-03-07 14:43:36.381,2026-03-07 14:43:36.381,,,false,
b571019b-9032-45b2-bd2b-291bac7f33b4,fd6ac307-0703-4168-8e6b-755812f44bae,,,chapter,80,0,0,2026-03-07 15:52:22.826,2026-03-07 15:52:22.826,,,false,
b578a785-b325-4535-8247-5bf4f7a5638f,fb09a54a-d9fa-404d-986a-bf1ccb7d2287,,,chapter,170,0,0,2026-03-07 13:36:56.67,2026-03-07 13:36:56.67,,,false,
b57d90a6-bc85-4a64-9d65-e5289515632b,fb09a54a-d9fa-404d-986a-bf1ccb7d2287,,,chapter,1,0,0,2026-03-07 12:11:39.123,2026-03-07 12:11:39.123,,,false,
b58c8814-671d-4785-902d-1ac7865e8314,50a5c422-6a50-4eb6-b173-111ffffc3d41,,,chapter,38,0,0,2026-03-07 15:44:17.134,2026-03-07 15:44:17.134,,,false,
b59804df-bb6a-4230-b39d-4baec3fae2e0,50a5c422-6a50-4eb6-b173-111ffffc3d41,,,chapter,389,0,0,2026-03-07 15:47:10.298,2026-03-07 15:47:10.298,,,false,
b5b96a08-8806-4198-8871-c23ac10c678d,af8258f2-06f0-4bde-a687-0b55a69cb2c0,,,chapter,48,0,0,2026-03-07 12:36:17.658,2026-03-07 12:36:17.658,,,false,
b5bdaf5f-ac64-4d20-9216-01b633ca02a2,fd6ac307-0703-4168-8e6b-755812f44bae,,,chapter,257,0,0,2026-03-07 14:25:20.852,2026-03-07 14:25:20.852,,,false,
b5d63667-ca48-409c-b257-eff5fc560e95,50a5c422-6a50-4eb6-b173-111ffffc3d41,,,chapter,168,0,0,2026-03-07 13:14:33.739,2026-03-07 13:14:33.739,,,false,
b5e7561e-1ba7-4d79-8f34-811250816e64,5fc9a5b6-e624-46f0-a9bc-df01537b4907,,,chapter,114,0,0,2026-03-07 12:15:15.974,2026-03-07 12:15:15.974,,,false,
b5fc58ef-ed10-4d7d-a26d-818849900bda,50a5c422-6a50-4eb6-b173-111ffffc3d41,,,chapter,245,0,0,2026-03-07 14:39:18.778,2026-03-07 14:39:18.778,,,false,
b61fd0b7-47d3-4ff6-82f4-a887d596bc79,86ecbec7-1381-43fa-9f0b-701e37d40083,,,chapter,3,5,0,2026-03-07 12:57:03.441,2026-03-07 12:57:03.441,,,false,
b62560fd-b892-4307-afda-80c5057e7c12,5fc9a5b6-e624-46f0-a9bc-df01537b4907,,,chapter,230,0,0,2026-03-07 14:23:32.819,2026-03-07 14:23:32.819,,,false,
b62e390d-19b7-4919-ba67-d2f8b694f6a9,a765dc53-3f13-4f00-a19b-aa2cb581c9dd,6eef4131-c168-4f89-a4a9-b2ddde5c4ab8,,chapter,168,0,0,2026-03-07 14:19:32.55,2026-03-07 14:19:32.55,,,false,
b63155be-48c4-4345-8301-f4eaf8b348d3,a765dc53-3f13-4f00-a19b-aa2cb581c9dd,6eef4131-c168-4f89-a4a9-b2ddde5c4ab8,,chapter,115,0,0,2026-03-07 13:34:55.348,2026-03-07 13:34:55.348,,,false,
b63c32f7-dcf0-4a54-9493-ac0185793402,61829d6d-8dc1-411e-a3f8-2c26cb5606e8,,,chapter,116,0,0,2026-03-07 12:30:03.252,2026-03-07 12:30:03.252,,,false,
b63f2818-e869-497a-86c1-ba4f387e8a17,fd6ac307-0703-4168-8e6b-755812f44bae,,,chapter,252,0,0,2026-03-07 14:13:31.873,2026-03-07 14:13:31.873,,,false,
b6536d63-195d-4316-949b-35192a4580c9,86ecbec7-1381-43fa-9f0b-701e37d40083,,,chapter,72,0,0,2026-03-07 13:48:45.878,2026-03-07 13:48:45.878,,,false,
b66b9530-54f4-481a-adee-ea8ca8122e22,50a5c422-6a50-4eb6-b173-111ffffc3d41,,,chapter,140,0,0,2026-03-07 12:42:34.392,2026-03-07 12:42:34.392,,,false,
b673a8d4-7b77-4e6f-ad1b-cae966d897e6,50a5c422-6a50-4eb6-b173-111ffffc3d41,,,chapter,286,0,0,2026-03-07 15:00:11.111,2026-03-07 15:00:11.111,,,false,
b69af559-2452-4013-aa53-57f3118c4dce,50a5c422-6a50-4eb6-b173-111ffffc3d41,,,chapter,209,0,0,2026-03-07 14:04:48.398,2026-03-07 14:04:48.398,,,false,
b6a97bb3-a375-4c8c-8e01-c9afa237a241,9a20020d-7bea-4fe6-8c9a-40712bf9e882,,,chapter,46,0,0,2026-03-07 13:09:25.01,2026-03-07 13:09:25.01,,,false,
b6d68cc0-f639-4e62-ad7d-f6f967907142,af8258f2-06f0-4bde-a687-0b55a69cb2c0,,,chapter,31,0,0,2026-03-07 12:21:06.941,2026-03-07 12:21:06.941,,,false,
b7191f8d-78a4-465e-aa5e-ffc3cb1e1d90,86ecbec7-1381-43fa-9f0b-701e37d40083,,,chapter,116,0,0,2026-03-07 12:25:10.212,2026-03-07 12:25:10.212,,,false,
b7348a57-58ac-4218-892d-38fb53176dac,a765dc53-3f13-4f00-a19b-aa2cb581c9dd,125e398e-2559-43d7-bd43-9855cc3af7ea,,chapter,197,0,0,2026-03-07 14:42:20.807,2026-03-07 14:42:20.807,,,false,
b73a7e98-4bff-416b-9f43-49ccfb232731,a765dc53-3f13-4f00-a19b-aa2cb581c9dd,125e398e-2559-43d7-bd43-9855cc3af7ea,,chapter,171,0,0,2026-03-07 14:30:33.179,2026-03-07 14:30:33.179,,,false,
b73b9283-aaea-4e6a-9809-8dd90b62783a,a765dc53-3f13-4f00-a19b-aa2cb581c9dd,125e398e-2559-43d7-bd43-9855cc3af7ea,,chapter,17,0,0,2026-03-07 14:30:23.424,2026-03-07 14:30:23.424,,,false,
b755a446-20d3-4b0f-a86e-0f80e3f32b27,86ecbec7-1381-43fa-9f0b-701e37d40083,,,chapter,33,0,0,2026-03-07 12:57:13.174,2026-03-07 12:57:13.174,,,false,
b766db34-98fa-4dbc-9c13-74cf8ec00917,a765dc53-3f13-4f00-a19b-aa2cb581c9dd,6eef4131-c168-4f89-a4a9-b2ddde5c4ab8,,chapter,9,0,0,2026-03-07 15:21:28.984,2026-03-07 15:21:28.984,,,false,
b76d197c-fba5-443d-a049-8675d2ff003a,fb09a54a-d9fa-404d-986a-bf1ccb7d2287,,,chapter,86,0,0,2026-03-07 15:35:07.746,2026-03-07 15:35:07.746,,,false,
b7801417-82c7-49b6-a055-de0b9e9f8c24,a765dc53-3f13-4f00-a19b-aa2cb581c9dd,125e398e-2559-43d7-bd43-9855cc3af7ea,,chapter,80,0,0,2026-03-07 15:58:03.703,2026-03-07 15:58:03.703,,,false,
b799d14a-a61d-4a57-ade3-e2bf758a08c3,90be6fb3-9dcb-4cd1-8b2b-695e44ccc453,,,chapter,106,0,0,2026-03-07 12:24:23.482,2026-03-07 12:24:23.482,,,false,
b7a8d0a3-6fed-449c-935c-c24d22a940eb,61aa237e-d5bd-4f55-b5fc-be9683abc2c8,,,chapter,104,0,0,2026-03-07 12:03:58.44,2026-03-07 12:03:58.44,,,false,
b7bd98c5-3e77-48a5-ae4a-d127d62c5759,5fc9a5b6-e624-46f0-a9bc-df01537b4907,,,chapter,83,0,0,2026-03-07 15:05:09.902,2026-03-07 15:05:09.902,,,false,
b7c37a44-6ec0-4f94-b1fe-1154866ebf64,50a5c422-6a50-4eb6-b173-111ffffc3d41,,,chapter,247,0,0,2026-03-07 14:39:26.825,2026-03-07 14:39:26.825,,,false,
b7f0b3e7-8a97-4e17-a45f-b211b20e6c9b,a765dc53-3f13-4f00-a19b-aa2cb581c9dd,125e398e-2559-43d7-bd43-9855cc3af7ea,,chapter,218,0,0,2026-03-07 15:02:35.223,2026-03-07 15:02:35.223,,,false,
b7fda854-3c34-4da3-86e8-36f683d34a8b,9be38f57-61b3-48fb-b053-984d2a423bd8,,,chapter,23,0,0,2026-03-07 12:43:47.71,2026-03-07 12:43:47.71,,,false,
b809a957-4dbd-4f00-95ba-7900e479b338,9a20020d-7bea-4fe6-8c9a-40712bf9e882,,,chapter,89,0,0,2026-03-07 13:59:45.036,2026-03-07 13:59:45.036,,,false,
b8114f92-101f-45d6-9f6a-f96ce31d189f,9be38f57-61b3-48fb-b053-984d2a423bd8,,,chapter,53.5,0,0,2026-03-07 13:33:53.829,2026-03-07 13:33:53.829,,,false,
b81670dc-9548-4ac5-9f1c-56c069387063,a124c29b-236a-4dc5-9b03-290e082785d5,,,chapter,91,0,0,2026-03-07 15:18:32.163,2026-03-07 15:18:32.163,,,false,
b81ab201-dc41-414f-a630-d480241dfcde,a765dc53-3f13-4f00-a19b-aa2cb581c9dd,6eef4131-c168-4f89-a4a9-b2ddde5c4ab8,,chapter,15,0,0,2026-03-07 14:06:51.901,2026-03-07 14:06:51.901,,,false,
b84840c6-19d6-426f-b5f7-d0121e4e31db,86ecbec7-1381-43fa-9f0b-701e37d40083,,,chapter,34,0,0,2026-03-07 12:57:25.694,2026-03-07 12:57:25.694,,,false,
b8490142-21f9-462a-9c0f-be412729d203,50a5c422-6a50-4eb6-b173-111ffffc3d41,,,chapter,392,0,0,2026-03-07 15:47:18.248,2026-03-07 15:47:18.248,,,false,
b8500159-d6da-4897-8342-5e62dc84cab7,5fc9a5b6-e624-46f0-a9bc-df01537b4907,,,chapter,195,0,0,2026-03-07 13:41:35.436,2026-03-07 13:41:35.436,,,false,
b876d809-4c84-4025-aa19-f490106953f2,9a20020d-7bea-4fe6-8c9a-40712bf9e882,,,chapter,107,0,0,2026-03-07 12:21:52.202,2026-03-07 12:21:52.202,,,false,
b88d0f59-9235-481b-94f1-3eb9938a241e,90be6fb3-9dcb-4cd1-8b2b-695e44ccc453,,,chapter,103,0,0,2026-03-07 12:24:05.288,2026-03-07 12:24:05.288,,,false,
b89ba3b3-3926-4218-bcc6-8d9ef96fb170,86ecbec7-1381-43fa-9f0b-701e37d40083,,,chapter,9,0,0,2026-03-07 14:03:39.021,2026-03-07 14:03:39.021,,,false,
b8c53dab-c07f-45a6-ab53-56965aaeaee6,fb09a54a-d9fa-404d-986a-bf1ccb7d2287,,,chapter,42,0,0,2026-03-07 15:14:35.029,2026-03-07 15:14:35.029,,,false,
b8de392a-7d2e-4a0e-bfa0-c154e15c1e4c,90be6fb3-9dcb-4cd1-8b2b-695e44ccc453,,,chapter,163,0,0,2026-03-07 13:30:15.873,2026-03-07 13:30:15.873,,,false,
b8e161df-0c37-4a61-b708-bb69c99dac3f,a765dc53-3f13-4f00-a19b-aa2cb581c9dd,6eef4131-c168-4f89-a4a9-b2ddde5c4ab8,,chapter,97,0,0,2026-03-07 15:28:02.72,2026-03-07 15:28:02.72,,,false,
b94f474c-d8b7-4c3c-b828-dc72d58ae2b9,a765dc53-3f13-4f00-a19b-aa2cb581c9dd,125e398e-2559-43d7-bd43-9855cc3af7ea,,chapter,190,0,0,2026-03-07 14:42:09.361,2026-03-07 14:42:09.361,,,false,
b95f09a6-ef1e-473a-91b7-6dbad953a04f,5fc9a5b6-e624-46f0-a9bc-df01537b4907,,,chapter,74,0,0,2026-03-07 14:55:24.004,2026-03-07 14:55:24.004,,,false,
b9773fc0-25b1-4cbe-8c2a-d1af318050cd,61829d6d-8dc1-411e-a3f8-2c26cb5606e8,,,chapter,63,0,0,2026-03-07 14:10:56.955,2026-03-07 14:10:56.955,,,false,
b99e9c8a-25eb-4f2e-a8e8-23444332a56c,9a20020d-7bea-4fe6-8c9a-40712bf9e882,,,chapter,66,0,0,2026-03-07 13:27:49.824,2026-03-07 13:27:49.824,,,false,
b9a9f049-e5d2-4281-a2e0-141e0ea253ea,50a5c422-6a50-4eb6-b173-111ffffc3d41,,,chapter,441,0,0,2026-03-07 15:56:45.755,2026-03-07 15:56:45.755,,,false,
b9d9a0af-9e91-41e6-8eab-daa5b1abb349,a765dc53-3f13-4f00-a19b-aa2cb581c9dd,6eef4131-c168-4f89-a4a9-b2ddde5c4ab8,,chapter,53,0,0,2026-03-07 15:02:03.121,2026-03-07 15:02:03.121,,,false,
b9e0a2bd-4ead-4c87-bb6b-aa804e0e0406,9be38f57-61b3-48fb-b053-984d2a423bd8,,,chapter,29,0,0,2026-03-07 12:59:17.354,2026-03-07 12:59:17.354,,,false,
b9e54012-62dc-4456-8064-67998b61c439,fb09a54a-d9fa-404d-986a-bf1ccb7d2287,,,chapter,60,0,0,2026-03-07 15:23:49.232,2026-03-07 15:23:49.232,,,false,
b9f0e4dd-a878-41b9-9d9d-c1d834acacb4,90be6fb3-9dcb-4cd1-8b2b-695e44ccc453,,,chapter,139,0,0,2026-03-07 12:56:34.525,2026-03-07 12:56:34.525,,,false,
b9f720cf-d2ca-48ac-8165-1fc333d97b12,5fc9a5b6-e624-46f0-a9bc-df01537b4907,,,chapter,82,0,0,2026-03-07 15:05:00.772,2026-03-07 15:05:00.772,,,false,
ba042afd-8e8d-4503-8278-aec70a27c7f3,fd6ac307-0703-4168-8e6b-755812f44bae,,,chapter,371,0,0,2026-03-07 15:35:21.028,2026-03-07 15:35:21.028,,,false,
ba17510f-9839-472e-99ec-0370393edc35,50a5c422-6a50-4eb6-b173-111ffffc3d41,,,chapter,231,0,0,2026-03-07 14:28:09.589,2026-03-07 14:28:09.589,,,false,
ba18c0df-6d41-411f-9186-c7edd1b37e3d,50a5c422-6a50-4eb6-b173-111ffffc3d41,,,chapter,190,0,0,2026-03-07 13:50:04.221,2026-03-07 13:50:04.221,,,false,
ba3c3ff0-0721-4d9a-859f-0579526c7136,50a5c422-6a50-4eb6-b173-111ffffc3d41,,,chapter,177,0,0,2026-03-07 13:32:57.035,2026-03-07 13:32:57.035,,,false,
ba3cd883-228e-45ac-9272-14d0234e5c64,90be6fb3-9dcb-4cd1-8b2b-695e44ccc453,,,chapter,149,0,0,2026-03-07 13:12:08.156,2026-03-07 13:12:08.156,,,false,
ba43a6cd-2b2a-4e2d-9b0f-9573094a472b,a765dc53-3f13-4f00-a19b-aa2cb581c9dd,125e398e-2559-43d7-bd43-9855cc3af7ea,,chapter,37,0,0,2026-03-07 15:48:50.114,2026-03-07 15:48:50.114,,,false,
ba47a037-961a-4ccb-bfec-c6360365ebcd,af8258f2-06f0-4bde-a687-0b55a69cb2c0,,,chapter,68,0,0,2026-03-07 13:07:51.982,2026-03-07 13:07:51.982,,,false,
ba4ad416-439d-4d58-9637-1efd481f86d2,50a5c422-6a50-4eb6-b173-111ffffc3d41,,,chapter,329,0,0,2026-03-07 15:27:35.119,2026-03-07 15:27:35.119,,,false,
baa42ae6-a7db-4fec-a567-4fff8ad16917,fb09a54a-d9fa-404d-986a-bf1ccb7d2287,,,chapter,88,0,0,2026-03-07 15:34:49.857,2026-03-07 15:34:49.857,,,false,
babf7fc7-e0c7-4ca3-8972-697c030671f8,fb09a54a-d9fa-404d-986a-bf1ccb7d2287,,,chapter,85,0,0,2026-03-07 15:34:45.07,2026-03-07 15:34:45.07,,,false,
bac71284-a9c6-4b03-8c22-6e06864acfb0,a124c29b-236a-4dc5-9b03-290e082785d5,,,chapter,83,0,0,2026-03-07 15:17:53.207,2026-03-07 15:17:53.207,,,false,
badf33d2-e07d-496e-90a9-cd1b7dd23f7f,fb09a54a-d9fa-404d-986a-bf1ccb7d2287,,,chapter,119,0,0,2026-03-07 12:28:58.84,2026-03-07 12:28:58.84,,,false,
bafc612d-f84b-4443-99bd-c24c5bb8998b,61829d6d-8dc1-411e-a3f8-2c26cb5606e8,,,chapter,30,0,0,2026-03-07 13:40:17.364,2026-03-07 13:40:17.364,,,false,
bb376cd4-3eac-4070-bd40-28da971bce32,61aa237e-d5bd-4f55-b5fc-be9683abc2c8,,,chapter,19,0,0,2026-03-07 12:16:27.392,2026-03-07 12:16:27.392,,,false,
bb453653-3b6e-4856-8a4f-0ed1cce886cc,d7ade2ee-4851-453d-95e7-3887ef041e80,,,chapter,4,0,0,2026-03-07 13:01:31.672,2026-03-07 13:01:31.672,,,false,
bb4acd97-5588-459a-90cf-6b3c60db6667,fb09a54a-d9fa-404d-986a-bf1ccb7d2287,,,chapter,91,0,0,2026-03-07 15:35:16.619,2026-03-07 15:35:16.619,,,false,
bb51bbbd-ecac-4a80-8527-6b2a27dbf382,61829d6d-8dc1-411e-a3f8-2c26cb5606e8,,,chapter,91,0,0,2026-03-07 14:33:34.387,2026-03-07 14:33:34.387,,,false,
bb684cca-e20b-42ce-b3cb-9e15a3532bf5,a765dc53-3f13-4f00-a19b-aa2cb581c9dd,6eef4131-c168-4f89-a4a9-b2ddde5c4ab8,,chapter,136,0,0,2026-03-07 13:52:52.394,2026-03-07 13:52:52.394,,,false,
bb7780aa-10e2-4255-b1b7-f807cedd0e2e,fd6ac307-0703-4168-8e6b-755812f44bae,,,chapter,395,0,0,2026-03-07 15:40:06.949,2026-03-07 15:40:06.949,,,false,
bb88df33-b089-4adf-a32f-c781cc59196d,61aa237e-d5bd-4f55-b5fc-be9683abc2c8,,,chapter,15,0,0,2026-03-07 12:04:45.911,2026-03-07 12:04:45.911,,,false,
bb8a834c-59b4-4416-b164-9ae9c269eb77,b8e789e4-f33e-406b-9e1b-6639267faf7b,,,chapter,8,1,0,2026-03-07 12:03:16.501,2026-03-07 12:03:16.501,,,false,
bba612b4-adfd-48f8-b28f-a4459ae4daf6,90be6fb3-9dcb-4cd1-8b2b-695e44ccc453,,,chapter,121,0,0,2026-03-07 12:39:48.374,2026-03-07 12:39:48.374,,,false,
bbbd4c33-e396-4a03-be96-84c0d5d5e329,a765dc53-3f13-4f00-a19b-aa2cb581c9dd,6eef4131-c168-4f89-a4a9-b2ddde5c4ab8,,chapter,81,0,0,2026-03-07 15:20:52.062,2026-03-07 15:20:52.062,,,false,
bbbe4a2c-e77e-48f3-be68-c1fa50a42b73,a765dc53-3f13-4f00-a19b-aa2cb581c9dd,6eef4131-c168-4f89-a4a9-b2ddde5c4ab8,,chapter,75,0,0,2026-03-07 15:12:41.83,2026-03-07 15:12:41.83,,,false,
bbd5866b-b6d7-4881-be04-40327bc5569c,50a5c422-6a50-4eb6-b173-111ffffc3d41,,,chapter,10,0,0,2026-03-07 12:09:17.914,2026-03-07 12:09:17.914,,,false,
bbd6f031-9222-49d8-b032-8ce60e12b01c,fb09a54a-d9fa-404d-986a-bf1ccb7d2287,,,chapter,137,0,0,2026-03-07 12:44:59.654,2026-03-07 12:44:59.654,,,false,
bbdf0e43-8ee4-426f-82ae-a60cfeabdb63,fb09a54a-d9fa-404d-986a-bf1ccb7d2287,,,chapter,36,0,0,2026-03-07 15:14:15.958,2026-03-07 15:14:15.958,,,false,
bbf8fc52-c55a-454a-b266-0705ebe6f94e,a765dc53-3f13-4f00-a19b-aa2cb581c9dd,125e398e-2559-43d7-bd43-9855cc3af7ea,,chapter,11,0,0,2026-03-07 13:18:11.993,2026-03-07 13:18:11.993,,,false,
bc26913c-3024-42f7-96c9-8cd309c6d027,50a5c422-6a50-4eb6-b173-111ffffc3d41,,,chapter,476,0,0,2026-03-07 16:01:51.007,2026-03-07 16:01:51.007,,,false,
bc4ee353-b941-4b9b-ac69-bed8de14027f,d7ade2ee-4851-453d-95e7-3887ef041e80,,,chapter,97,0,0,2026-03-07 13:55:55.078,2026-03-07 13:55:55.078,,,false,
bc57b853-3d52-42a2-9c37-281e5e564060,5fc9a5b6-e624-46f0-a9bc-df01537b4907,,,chapter,228,0,0,2026-03-07 14:12:18.29,2026-03-07 14:12:18.29,,,false,
bc6c7b15-167d-499e-b29b-1da5ae65e2b5,a765dc53-3f13-4f00-a19b-aa2cb581c9dd,125e398e-2559-43d7-bd43-9855cc3af7ea,,chapter,319,0,0,2026-03-07 15:48:19.757,2026-03-07 15:48:19.757,,,false,
bc6d8b35-fe8f-421c-8e7f-37d052652e7b,86ecbec7-1381-43fa-9f0b-701e37d40083,,,chapter,122.8,0,0,2026-03-07 12:40:25.402,2026-03-07 12:40:25.402,,,false,
bca157a9-be77-4e13-8534-3664134c1b7c,a124c29b-236a-4dc5-9b03-290e082785d5,,,chapter,68,0,0,2026-03-07 15:08:13.157,2026-03-07 15:08:13.157,,,false,
bcad7eb5-50c9-466b-bc8c-d34eb56ba19f,fb09a54a-d9fa-404d-986a-bf1ccb7d2287,,,chapter,76,0,0,2026-03-07 15:30:25.499,2026-03-07 15:30:25.499,,,false,
bcb875bc-dac6-4859-a2c1-bba47d7fa390,af8258f2-06f0-4bde-a687-0b55a69cb2c0,,,chapter,29,0,0,2026-03-07 12:20:55.913,2026-03-07 12:20:55.913,,,false,
bcc4d66a-dcbe-4582-be0e-26cecedffb0a,50a5c422-6a50-4eb6-b173-111ffffc3d41,,,chapter,463,0,0,2026-03-07 16:00:44.319,2026-03-07 16:00:44.319,,,false,
bccbdac7-c450-49dd-8836-e7f81c754b78,9a20020d-7bea-4fe6-8c9a-40712bf9e882,,,chapter,108,0,0,2026-03-07 12:21:59.726,2026-03-07 12:21:59.726,,,false,
bcf723d9-6acd-4bb4-92a0-276dc6792d70,a765dc53-3f13-4f00-a19b-aa2cb581c9dd,125e398e-2559-43d7-bd43-9855cc3af7ea,,chapter,298,0,0,2026-03-07 15:42:15.594,2026-03-07 15:42:15.594,,,false,
bd3563b4-35b2-412f-be50-ccbcc5960b77,a765dc53-3f13-4f00-a19b-aa2cb581c9dd,125e398e-2559-43d7-bd43-9855cc3af7ea,,chapter,156,0,0,2026-03-07 14:19:46.222,2026-03-07 14:19:46.222,,,false,
bd4099db-ba94-4ce6-84cb-6f4baa1f61fe,50a5c422-6a50-4eb6-b173-111ffffc3d41,,,chapter,303,0,0,2026-03-07 15:19:36.611,2026-03-07 15:19:36.611,,,false,
bd510fa9-19cc-43d7-b064-31ef4c1c61e1,61829d6d-8dc1-411e-a3f8-2c26cb5606e8,,,chapter,39,0,0,2026-03-07 13:40:26.264,2026-03-07 13:40:26.264,,,false,
bd71dd1c-fd2c-4ad9-acc3-8f11214ee202,fb09a54a-d9fa-404d-986a-bf1ccb7d2287,,,chapter,67,0,0,2026-03-07 15:29:44.822,2026-03-07 15:29:44.822,,,false,
bd9d57ae-06d6-40e9-b685-63dfbe070b1f,5fc9a5b6-e624-46f0-a9bc-df01537b4907,,,chapter,30,0,0,2026-03-07 14:24:25.577,2026-03-07 14:24:25.577,,,false,
bdb46683-ed71-4563-bc57-eead5b9ef4e5,50a5c422-6a50-4eb6-b173-111ffffc3d41,,,chapter,175,0,0,2026-03-07 13:33:05.18,2026-03-07 13:33:05.18,,,false,
bdb54e67-b572-4ed6-a2da-ef05dfe2315f,a124c29b-236a-4dc5-9b03-290e082785d5,,,chapter,70,0,0,2026-03-07 15:08:28.425,2026-03-07 15:08:28.425,,,false,
bdbddb8f-40f4-4ca9-a046-edda21536864,a765dc53-3f13-4f00-a19b-aa2cb581c9dd,125e398e-2559-43d7-bd43-9855cc3af7ea,,chapter,105,0,0,2026-03-07 13:17:53.164,2026-03-07 13:17:53.164,,,false,
bdc94241-7a6c-477d-bc35-22521ae38a41,fb09a54a-d9fa-404d-986a-bf1ccb7d2287,,,chapter,28,0,0,2026-03-07 15:04:17.782,2026-03-07 15:04:17.782,,,false,
bdf5fed0-8ec5-4019-82b1-01c7b06bb00c,a124c29b-236a-4dc5-9b03-290e082785d5,,,chapter,76,0,0,2026-03-07 15:08:57.446,2026-03-07 15:08:57.446,,,false,
bdfc8022-d43f-4888-aa2a-d9bfd346e94d,a124c29b-236a-4dc5-9b03-290e082785d5,,,chapter,48,0,0,2026-03-07 14:47:14.635,2026-03-07 14:47:14.635,,,false,
be156c49-a377-440c-a6a1-b5de7005443d,61aa237e-d5bd-4f55-b5fc-be9683abc2c8,,,chapter,100,0,0,2026-03-07 12:03:35.445,2026-03-07 12:03:35.445,,,false,
be45b1ab-20a6-4094-8929-00bf927d5a48,fb09a54a-d9fa-404d-986a-bf1ccb7d2287,,,chapter,263,0,0,2026-03-07 14:53:46.771,2026-03-07 14:53:46.771,,,false,
be51156b-026c-43d3-ac46-e340186b44a1,5fc9a5b6-e624-46f0-a9bc-df01537b4907,,,chapter,128,0,0,2026-03-07 12:31:00.873,2026-03-07 12:31:00.873,,,false,
be600129-9eb4-4592-bbef-be1cae89a599,9a20020d-7bea-4fe6-8c9a-40712bf9e882,,,chapter,72,0,0,2026-03-07 13:28:21.303,2026-03-07 13:28:21.303,,,false,
be65f265-d3ce-48a5-8c36-e03d82f43df8,50a5c422-6a50-4eb6-b173-111ffffc3d41,,,chapter,374,0,0,2026-03-07 15:44:01.676,2026-03-07 15:44:01.676,,,false,
be7fbb39-35b0-4278-bc9e-898bc7ab6611,50a5c422-6a50-4eb6-b173-111ffffc3d41,,,chapter,206,0,0,2026-03-07 14:04:27.551,2026-03-07 14:04:27.551,,,false,
be845e9a-8279-4134-884b-0a71e39fd3f7,90be6fb3-9dcb-4cd1-8b2b-695e44ccc453,,,chapter,65,0,0,2026-03-07 14:48:35.981,2026-03-07 14:48:35.981,,,false,
be8add59-29b1-4901-89ce-c3158f289555,61aa237e-d5bd-4f55-b5fc-be9683abc2c8,,,chapter,58,0,0,2026-03-07 12:49:52.845,2026-03-07 12:49:52.845,,,false,
be946f88-283f-4e32-80a0-e1712c7de7e8,fb09a54a-d9fa-404d-986a-bf1ccb7d2287,,,chapter,215,0,0,2026-03-07 14:21:15.728,2026-03-07 14:21:15.728,,,false,
be9a9cd5-7181-480c-b1b3-65f41b07ae4f,9be38f57-61b3-48fb-b053-984d2a423bd8,,,chapter,66,0,0,2026-03-07 13:50:47.623,2026-03-07 13:50:47.623,,,false,
bed32ce8-e5c5-4973-a809-444b20633dd1,fb09a54a-d9fa-404d-986a-bf1ccb7d2287,,,chapter,187,0,0,2026-03-07 13:54:31.682,2026-03-07 13:54:31.682,,,false,
befa351e-0509-4b19-abed-e7ca9e396fbf,a124c29b-236a-4dc5-9b03-290e082785d5,,,chapter,225,0,0,2026-03-07 14:26:18.289,2026-03-07 14:26:18.289,,,false,
bf188077-86b9-4407-b0da-ed38667f0e3f,50a5c422-6a50-4eb6-b173-111ffffc3d41,,,chapter,249,0,0,2026-03-07 14:39:34.828,2026-03-07 14:39:34.828,,,false,
bf30a65e-2562-4569-8265-5b32fb5d9724,a124c29b-236a-4dc5-9b03-290e082785d5,,,chapter,174,0,0,2026-03-07 13:45:58.741,2026-03-07 13:45:58.741,,,false,
bf5f001f-2106-467a-86b9-daaf43ced7df,af8258f2-06f0-4bde-a687-0b55a69cb2c0,,,chapter,96,0,0,2026-03-07 13:44:20.731,2026-03-07 13:44:20.731,,,false,
bf83a787-4256-48ac-820d-0140b43a1fc4,5fc9a5b6-e624-46f0-a9bc-df01537b4907,,,chapter,146,0,0,2026-03-07 12:48:03.792,2026-03-07 12:48:03.792,,,false,
bfa8bb1a-a36d-4113-aca0-82aa65b1f5a2,a765dc53-3f13-4f00-a19b-aa2cb581c9dd,6eef4131-c168-4f89-a4a9-b2ddde5c4ab8,,chapter,16,0,0,2026-03-07 14:18:59.701,2026-03-07 14:18:59.701,,,false,
bfb0e862-83a8-4e8a-a695-d11da91da9e7,50a5c422-6a50-4eb6-b173-111ffffc3d41,,,chapter,439,0,0,2026-03-07 15:56:37.586,2026-03-07 15:56:37.586,,,false,
bfb52ec4-4010-4c66-8438-92f7c9221282,a765dc53-3f13-4f00-a19b-aa2cb581c9dd,6eef4131-c168-4f89-a4a9-b2ddde5c4ab8,,chapter,300,0,0,2026-03-07 14:40:48.025,2026-03-07 14:40:48.025,,,false,
bfb656aa-a67f-43c4-8db7-6f504cb63a56,50a5c422-6a50-4eb6-b173-111ffffc3d41,,,chapter,223,0,0,2026-03-07 14:16:57.963,2026-03-07 14:16:57.963,,,false,
bfbcf7c1-8667-4072-a042-b80c44bc4380,a765dc53-3f13-4f00-a19b-aa2cb581c9dd,6eef4131-c168-4f89-a4a9-b2ddde5c4ab8,,chapter,54,0,0,2026-03-07 15:01:07.698,2026-03-07 15:01:07.698,,,false,
bfd2fa6d-d173-4b94-96ac-c8328e29c078,9be38f57-61b3-48fb-b053-984d2a423bd8,,,chapter,24,0,0,2026-03-07 12:59:04.177,2026-03-07 12:59:04.177,,,false,
bfe107cf-8bdb-4bc5-9ea7-f7eaec886e6f,50a5c422-6a50-4eb6-b173-111ffffc3d41,,,chapter,467,0,0,2026-03-07 16:00:56.761,2026-03-07 16:00:56.761,,,false,
bfeb8f31-a9ae-420f-9a11-853ee6b6fa45,90be6fb3-9dcb-4cd1-8b2b-695e44ccc453,,,chapter,102,0,0,2026-03-07 12:24:13.852,2026-03-07 12:24:13.852,,,false,
bfec96f3-046f-4962-91f7-e11a0e59a608,a124c29b-236a-4dc5-9b03-290e082785d5,,,chapter,38,0,0,2026-03-07 14:46:33.165,2026-03-07 14:46:33.165,,,false,
c009bb71-cbd2-4d35-be38-08ae2b2dc098,a765dc53-3f13-4f00-a19b-aa2cb581c9dd,125e398e-2559-43d7-bd43-9855cc3af7ea,,chapter,157,0,0,2026-03-07 14:19:50.358,2026-03-07 14:19:50.358,,,false,
c02bcbb7-3a04-482f-9994-4a1c38523d63,61829d6d-8dc1-411e-a3f8-2c26cb5606e8,,,chapter,143,0,0,2026-03-07 13:03:02.199,2026-03-07 13:03:02.199,,,false,
c03bc2a8-1092-4575-b94d-31c4da239a0f,fb09a54a-d9fa-404d-986a-bf1ccb7d2287,,,chapter,98,0,0,2026-03-07 15:39:12.701,2026-03-07 15:39:12.701,,,false,
c03f06b9-7ce4-4ac8-8b38-a00e3ea182ec,fb09a54a-d9fa-404d-986a-bf1ccb7d2287,,,chapter,273.3,0,0,2026-03-07 15:03:44.985,2026-03-07 15:03:44.985,,,false,
c048728d-8e82-4c42-9dad-b5a7c95e882a,fb09a54a-d9fa-404d-986a-bf1ccb7d2287,,,chapter,108,0,0,2026-03-07 12:12:25.177,2026-03-07 12:12:25.177,,,false,
c054f141-945a-40a1-b300-23e36ded1798,50a5c422-6a50-4eb6-b173-111ffffc3d41,,,chapter,385,0,0,2026-03-07 15:44:49.576,2026-03-07 15:44:49.576,,,false,
c0648ff9-149c-40e7-8089-1a40bb2e35cc,90be6fb3-9dcb-4cd1-8b2b-695e44ccc453,,,chapter,71.5,0,0,2026-03-07 14:58:39.398,2026-03-07 14:58:39.398,,,false,
c0813d76-38ed-4c20-a62c-0eafc5dd09ed,af8258f2-06f0-4bde-a687-0b55a69cb2c0,,,chapter,18,0,0,2026-03-07 12:07:10.261,2026-03-07 12:07:10.261,,,false,
c0971462-fbd1-416e-a1e6-a29bd0a3ee8b,50a5c422-6a50-4eb6-b173-111ffffc3d41,,,chapter,416,0,0,2026-03-07 15:53:23.528,2026-03-07 15:53:23.528,,,false,
c09fa5bd-7ac3-450a-b6ca-f41596121dc9,af8258f2-06f0-4bde-a687-0b55a69cb2c0,,,chapter,33,0,0,2026-03-07 12:21:01.379,2026-03-07 12:21:01.379,,,false,
c0a088c6-bb31-454e-a3e0-a51cb977e9fa,fb09a54a-d9fa-404d-986a-bf1ccb7d2287,,,chapter,193,0,0,2026-03-07 13:54:55.529,2026-03-07 13:54:55.529,,,false,
c0a37d12-26bf-4955-8d01-aef7411e0e21,a124c29b-236a-4dc5-9b03-290e082785d5,,,chapter,50,0,0,2026-03-07 14:56:52.507,2026-03-07 14:56:52.507,,,false,
c0b5cf33-b9c0-4d7a-95ba-f56029eaba1b,a124c29b-236a-4dc5-9b03-290e082785d5,,,chapter,221,0,0,2026-03-07 14:26:02.692,2026-03-07 14:26:02.692,,,false,
c0bbbdea-a594-4496-8388-907142080332,61829d6d-8dc1-411e-a3f8-2c26cb5606e8,,,chapter,62,0,0,2026-03-07 14:10:24.845,2026-03-07 14:10:24.845,,,false,
c0c4fff7-3f86-4bde-9ae6-72e3476bdc14,a765dc53-3f13-4f00-a19b-aa2cb581c9dd,6eef4131-c168-4f89-a4a9-b2ddde5c4ab8,,chapter,155,0,0,2026-03-07 14:07:21.769,2026-03-07 14:07:21.769,,,false,
c0e36b28-2830-4ba6-9bc5-6d4e5d33866b,d7ade2ee-4851-453d-95e7-3887ef041e80,,,chapter,35.6,0,0,2026-03-07 12:46:08.43,2026-03-07 12:46:08.43,,,false,
c0fa49f1-dc2a-45f1-9c47-688a84df2db4,a124c29b-236a-4dc5-9b03-290e082785d5,,,chapter,136,0,0,2026-03-07 12:55:06.01,2026-03-07 12:55:06.01,,,false,
c0fcd54c-e46a-48b6-af3e-099ccf731335,9a20020d-7bea-4fe6-8c9a-40712bf9e882,,,chapter,21,0,0,2026-03-07 12:37:14.218,2026-03-07 12:37:14.218,,,false,
c112c24c-0bc5-4df2-b18d-ec20cee44319,50a5c422-6a50-4eb6-b173-111ffffc3d41,,,chapter,253,0,0,2026-03-07 14:39:46.852,2026-03-07 14:39:46.852,,,false,
c13f1452-3b9b-4ffd-b9b6-6cc64b102f23,50a5c422-6a50-4eb6-b173-111ffffc3d41,,,chapter,86,0,0,2026-03-07 16:08:23.272,2026-03-07 16:08:23.272,,,false,
c159dc27-5b61-47b7-a224-2b6ad81ba0b2,fd6ac307-0703-4168-8e6b-755812f44bae,,,chapter,75,0,0,2026-03-07 15:49:53.291,2026-03-07 15:49:53.291,,,false,
c15cacc4-ee9c-49d8-9b8c-c0392f0e9d47,a124c29b-236a-4dc5-9b03-290e082785d5,,,chapter,4,1,0,2026-03-07 14:47:00.255,2026-03-07 14:47:00.255,,,false,
c1889b88-69ee-4abc-a667-45217e8b17da,50a5c422-6a50-4eb6-b173-111ffffc3d41,,,chapter,117,0,0,2026-03-07 12:26:28.835,2026-03-07 12:26:28.835,,,false,
c191bdce-f019-43a6-b97c-a88ab6bc3bdd,5fc9a5b6-e624-46f0-a9bc-df01537b4907,,,chapter,196,0,0,2026-03-07 13:41:30.869,2026-03-07 13:41:30.869,,,false,
c1bba22c-1088-4769-b51f-9390923b982e,d7ade2ee-4851-453d-95e7-3887ef041e80,,,chapter,45,0,0,2026-03-07 13:02:19.48,2026-03-07 13:02:19.48,,,false,
c1e582a1-83b1-4bc9-88e7-b379b68ebbb4,5fc9a5b6-e624-46f0-a9bc-df01537b4907,,,chapter,42,0,0,2026-03-07 14:35:00.735,2026-03-07 14:35:00.735,,,false,
c1ec4909-d145-4be3-a3a6-ed20638adce7,61aa237e-d5bd-4f55-b5fc-be9683abc2c8,,,chapter,97,0,0,2026-03-07 13:42:37.504,2026-03-07 13:42:37.504,,,false,
c1f45bb5-d622-4997-9bcd-937582d08903,a765dc53-3f13-4f00-a19b-aa2cb581c9dd,6eef4131-c168-4f89-a4a9-b2ddde5c4ab8,,chapter,66,0,0,2026-03-07 15:11:58.059,2026-03-07 15:11:58.059,,,false,
c203dbf4-95bc-4714-a75c-c3c891f41fd6,a124c29b-236a-4dc5-9b03-290e082785d5,,,chapter,109,0,0,2026-03-07 12:23:39.041,2026-03-07 12:23:39.041,,,false,
c220e2c3-1b13-464a-8f60-496a577d76ca,a124c29b-236a-4dc5-9b03-290e082785d5,,,chapter,229,0,0,2026-03-07 14:36:45.691,2026-03-07 14:36:45.691,,,false,
c2213de9-7e36-4f4b-9657-eda22363d566,a124c29b-236a-4dc5-9b03-290e082785d5,,,chapter,39,0,0,2026-03-07 14:46:51.009,2026-03-07 14:46:51.009,,,false,
c22a86fd-b9e4-4b29-93c9-447e78ff2d0f,61aa237e-d5bd-4f55-b5fc-be9683abc2c8,,,chapter,52,0,0,2026-03-07 12:49:20.513,2026-03-07 12:49:20.513,,,false,
c2385835-45f1-4fb7-bca1-dc35b852f15c,90be6fb3-9dcb-4cd1-8b2b-695e44ccc453,,,chapter,148,0,0,2026-03-07 13:11:45.853,2026-03-07 13:11:45.853,,,false,
c23c24eb-6b95-40f7-888a-b17428b63d24,50a5c422-6a50-4eb6-b173-111ffffc3d41,,,chapter,322,0,0,2026-03-07 15:27:26.461,2026-03-07 15:27:26.461,,,false,
c23e37dd-60f1-4e1b-9de3-4bb3bc46b36d,a124c29b-236a-4dc5-9b03-290e082785d5,,,chapter,122,0,0,2026-03-07 12:38:52.706,2026-03-07 12:38:52.706,,,false,
c25d47e4-550a-413d-93dd-34dc8a08c685,50a5c422-6a50-4eb6-b173-111ffffc3d41,,,chapter,410,0,0,2026-03-07 15:50:53.89,2026-03-07 15:50:53.89,,,false,
c2715710-38ef-4b4a-bc89-cef31fc9ba09,5fc9a5b6-e624-46f0-a9bc-df01537b4907,,,chapter,52,0,0,2026-03-07 14:44:14.305,2026-03-07 14:44:14.305,,,false,
c278cc42-52d5-43d4-8185-f7914291dc25,9be38f57-61b3-48fb-b053-984d2a423bd8,,,chapter,82,0,0,2026-03-07 14:05:44.876,2026-03-07 14:05:44.876,,,false,
c2a13fff-cc2b-4d93-845d-73a106e3b9b0,5fc9a5b6-e624-46f0-a9bc-df01537b4907,,,chapter,61,0,0,2026-03-07 14:54:19.265,2026-03-07 14:54:19.265,,,false,
c2b19983-b442-4e5b-88a2-2fafd48c3c78,a124c29b-236a-4dc5-9b03-290e082785d5,,,chapter,173,0,0,2026-03-07 13:46:20.636,2026-03-07 13:46:20.636,,,false,
c2bb470b-c040-4c57-bf2d-4f04feba25a0,5fc9a5b6-e624-46f0-a9bc-df01537b4907,,,chapter,180,0,0,2026-03-07 13:22:33.1,2026-03-07 13:22:33.1,,,false,
c2c8ba62-7d93-4a75-b1f2-eba0dc48d818,61829d6d-8dc1-411e-a3f8-2c26cb5606e8,,,chapter,144,0,0,2026-03-07 13:02:58.352,2026-03-07 13:02:58.352,,,false,
c2c98205-e066-43a5-97cd-8445233a2a76,a765dc53-3f13-4f00-a19b-aa2cb581c9dd,125e398e-2559-43d7-bd43-9855cc3af7ea,,chapter,139,0,0,2026-03-07 13:53:59.044,2026-03-07 13:53:59.044,,,false,
c2f84888-94bf-4ee3-b9c6-1607630e0625,50a5c422-6a50-4eb6-b173-111ffffc3d41,,,chapter,311,0,0,2026-03-07 15:20:09.454,2026-03-07 15:20:09.454,,,false,
c30d080f-afc3-420b-a4a3-dd28f04541c7,50a5c422-6a50-4eb6-b173-111ffffc3d41,,,chapter,375,0,0,2026-03-07 15:44:09.267,2026-03-07 15:44:09.267,,,false,
c32290be-b455-403d-9576-061ea8e1de5d,50a5c422-6a50-4eb6-b173-111ffffc3d41,,,chapter,70,0,0,2026-03-07 16:07:12.954,2026-03-07 16:07:12.954,,,false,
c346774a-4b92-4e30-b056-839da170bf01,fd6ac307-0703-4168-8e6b-755812f44bae,,,chapter,402,0,0,2026-03-07 15:42:48.524,2026-03-07 15:42:48.524,,,false,
c34aad0c-661b-42c2-8f7f-3732d8397d48,fd6ac307-0703-4168-8e6b-755812f44bae,,,chapter,96,0,0,2026-03-07 15:55:46.591,2026-03-07 15:55:46.591,,,false,
c3560e89-d999-48d3-b3c4-24ad9d883594,a124c29b-236a-4dc5-9b03-290e082785d5,,,chapter,94,0,0,2026-03-07 15:26:18.855,2026-03-07 15:26:18.855,,,false,
c35f252b-f0e7-47f4-b591-d64deaf70a42,a124c29b-236a-4dc5-9b03-290e082785d5,,,chapter,45,0,0,2026-03-07 14:47:28.677,2026-03-07 14:47:28.677,,,false,
c36e3d8c-f29a-42e4-a6b6-5c8fa81dff11,86ecbec7-1381-43fa-9f0b-701e37d40083,,,chapter,29,0,0,2026-03-07 12:57:08.318,2026-03-07 12:57:08.318,,,false,
c382c989-16a3-4baa-93c9-42ccb2deecb9,fb09a54a-d9fa-404d-986a-bf1ccb7d2287,,,chapter,72,0,0,2026-03-07 15:30:12.143,2026-03-07 15:30:12.143,,,false,
c38a80bf-d912-4a97-a16a-d4bb2f1514be,9a20020d-7bea-4fe6-8c9a-40712bf9e882,,,chapter,84,0,0,2026-03-07 13:45:26.338,2026-03-07 13:45:26.338,,,false,
c38b4369-83c0-4ab9-8fd8-aad1e1a467e6,5fc9a5b6-e624-46f0-a9bc-df01537b4907,,,chapter,87,0,0,2026-03-07 15:05:23.553,2026-03-07 15:05:23.553,,,false,
c39d5a3d-7acd-4068-b08b-89a08bddf453,9be38f57-61b3-48fb-b053-984d2a423bd8,,,chapter,12.5,0,0,2026-03-07 12:27:55.596,2026-03-07 12:27:55.596,,,false,
c3d8e64c-6255-4630-aaf1-accdedfafdd5,fd6ac307-0703-4168-8e6b-755812f44bae,,,chapter,51,0,0,2026-03-07 15:46:04.738,2026-03-07 15:46:04.738,,,false,
c3d95b42-3a7b-49fe-96b5-6af2aa642e80,50a5c422-6a50-4eb6-b173-111ffffc3d41,,,chapter,224,0,0,2026-03-07 14:17:02.246,2026-03-07 14:17:02.246,,,false,
c3ec5244-fed9-4bfd-b30c-01014764fd28,61829d6d-8dc1-411e-a3f8-2c26cb5606e8,,,chapter,57,0,0,2026-03-07 14:10:29.328,2026-03-07 14:10:29.328,,,false,
c3f0d277-e7cf-48a8-ab15-dc8d9757fb0a,d7ade2ee-4851-453d-95e7-3887ef041e80,,,chapter,46,0,0,2026-03-07 13:02:09.264,2026-03-07 13:02:09.264,,,false,
c3f3d24a-24e3-4a56-b16d-1fdcc175c56e,9a20020d-7bea-4fe6-8c9a-40712bf9e882,,,chapter,22,0,0,2026-03-07 12:37:09.758,2026-03-07 12:37:09.758,,,false,
c400e2ff-705a-40d2-916a-17f347f40dab,50a5c422-6a50-4eb6-b173-111ffffc3d41,,,chapter,361,0,0,2026-03-07 15:40:55.396,2026-03-07 15:40:55.396,,,false,
c418adbc-147d-40b1-87c0-4c0f248f02ab,5fc9a5b6-e624-46f0-a9bc-df01537b4907,,,chapter,151,0,0,2026-03-07 12:48:33.002,2026-03-07 12:48:33.002,,,false,
c448e5df-f4c1-4b04-a9ab-182ed3d0cc78,a765dc53-3f13-4f00-a19b-aa2cb581c9dd,6eef4131-c168-4f89-a4a9-b2ddde5c4ab8,,chapter,102,0,0,2026-03-07 13:16:26.678,2026-03-07 13:16:26.678,,,false,
c455206d-b8e3-4d3c-9d8d-5ac12bf6d0d3,fb09a54a-d9fa-404d-986a-bf1ccb7d2287,,,chapter,257,0,0,2026-03-07 14:53:40.932,2026-03-07 14:53:40.932,,,false,
c46fa0a1-ad51-4015-945b-f7b381f5a5b1,90be6fb3-9dcb-4cd1-8b2b-695e44ccc453,,,chapter,152,0,0,2026-03-07 13:12:21.104,2026-03-07 13:12:21.104,,,false,
c489c01f-3716-4580-8ff1-74aedfba3e1f,fd6ac307-0703-4168-8e6b-755812f44bae,,,chapter,150,0,0,2026-03-07 12:50:54.916,2026-03-07 12:50:54.916,,,false,
c49891ed-c621-4985-ad3b-e3e7def38a65,fd6ac307-0703-4168-8e6b-755812f44bae,,,chapter,41,0,0,2026-03-07 15:42:54.566,2026-03-07 15:42:54.566,,,false,
c4a2b4c8-fc30-41ce-ae9a-7e2794facf63,50a5c422-6a50-4eb6-b173-111ffffc3d41,,,chapter,79,0,0,2026-03-07 16:07:47.947,2026-03-07 16:07:47.947,,,false,
c4d346f4-2453-4ba7-a4c9-50610806461b,50a5c422-6a50-4eb6-b173-111ffffc3d41,,,chapter,364,0,0,2026-03-07 15:40:42.443,2026-03-07 15:40:42.443,,,false,
c4e44882-ce77-4dd4-9978-8e70b6ac1964,9a20020d-7bea-4fe6-8c9a-40712bf9e882,,,chapter,8,0,0,2026-03-07 13:44:57.005,2026-03-07 13:44:57.005,,,false,
c4e4cb67-439a-42d7-84f3-c59296dd6696,50a5c422-6a50-4eb6-b173-111ffffc3d41,,,chapter,442,0,0,2026-03-07 15:56:58.626,2026-03-07 15:56:58.626,,,false,
c4f7d0ca-f67a-4f47-a015-aef7d26d0ed5,a765dc53-3f13-4f00-a19b-aa2cb581c9dd,125e398e-2559-43d7-bd43-9855cc3af7ea,,chapter,285,0,0,2026-03-07 15:38:19.977,2026-03-07 15:38:19.977,,,false,
c4fa6f5a-a1b2-4f47-82fe-ebd2f928cae8,9be38f57-61b3-48fb-b053-984d2a423bd8,,,chapter,92,0,0,2026-03-07 14:17:42.351,2026-03-07 14:17:42.351,,,false,
c51e5cf0-46ba-4b72-9c53-a14174a06429,a765dc53-3f13-4f00-a19b-aa2cb581c9dd,6eef4131-c168-4f89-a4a9-b2ddde5c4ab8,,chapter,110,0,0,2026-03-07 13:17:06.399,2026-03-07 13:17:06.399,,,false,
c52f4bcd-98dc-4f5d-956d-457ad81d5537,a124c29b-236a-4dc5-9b03-290e082785d5,,,chapter,193,0,0,2026-03-07 14:00:54.541,2026-03-07 14:00:54.541,,,false,
c5359434-517f-4cd7-a5b7-2fc685dded54,a765dc53-3f13-4f00-a19b-aa2cb581c9dd,125e398e-2559-43d7-bd43-9855cc3af7ea,,chapter,268,0,0,2026-03-07 15:33:19.454,2026-03-07 15:33:19.454,,,false,
c5443d8d-c46e-41ef-bddf-549316de42a3,90be6fb3-9dcb-4cd1-8b2b-695e44ccc453,,,chapter,59,0,0,2026-03-07 14:47:52.794,2026-03-07 14:47:52.794,,,false,
c55ba76c-d1b4-41b3-b5b9-28a9f8b9c161,a765dc53-3f13-4f00-a19b-aa2cb581c9dd,6eef4131-c168-4f89-a4a9-b2ddde5c4ab8,,chapter,106,0,0,2026-03-07 13:16:39.732,2026-03-07 13:16:39.732,,,false,
c597468b-383d-477e-8559-b12e509a6673,af8258f2-06f0-4bde-a687-0b55a69cb2c0,,,chapter,89,0,0,2026-03-07 13:26:44.164,2026-03-07 13:26:44.164,,,false,
c59e8053-ec0b-475d-80b9-22c0b3d8123c,a124c29b-236a-4dc5-9b03-290e082785d5,,,chapter,167,0,0,2026-03-07 13:29:33.328,2026-03-07 13:29:33.328,,,false,
c59f0a45-4ff2-4478-893c-8036db578a6c,fb09a54a-d9fa-404d-986a-bf1ccb7d2287,,,chapter,164,0,0,2026-03-07 13:18:57.685,2026-03-07 13:18:57.685,,,false,
c5a2e4ce-8bf9-4c05-9086-2c8d9d2032ee,5fc9a5b6-e624-46f0-a9bc-df01537b4907,,,chapter,221,0,0,2026-03-07 14:11:47.329,2026-03-07 14:11:47.329,,,false,
c5a47ed6-22e4-4995-998c-630f409c1fba,5fc9a5b6-e624-46f0-a9bc-df01537b4907,,,chapter,201,0,0,2026-03-07 13:57:27.885,2026-03-07 13:57:27.885,,,false,
c5b88af0-300f-4e6c-80d7-d65d4b557b3e,a765dc53-3f13-4f00-a19b-aa2cb581c9dd,6eef4131-c168-4f89-a4a9-b2ddde5c4ab8,,chapter,151,0,0,2026-03-07 14:07:00.19,2026-03-07 14:07:00.19,,,false,
c5d5912e-768e-4776-806c-5c5daf4c71dc,5fc9a5b6-e624-46f0-a9bc-df01537b4907,,,chapter,75,0,0,2026-03-07 14:55:28.417,2026-03-07 14:55:28.417,,,false,
c5f02f59-b3a7-4d70-8cb5-f3d1c97ffecc,61829d6d-8dc1-411e-a3f8-2c26cb5606e8,,,chapter,46,0,0,2026-03-07 13:56:19.094,2026-03-07 13:56:19.094,,,false,
c5fef13e-d918-4dc0-94b7-016bd2a6adde,a124c29b-236a-4dc5-9b03-290e082785d5,,,chapter,9,0,0,2026-03-07 15:18:27.109,2026-03-07 15:18:27.109,,,false,
c6219e14-c77b-419f-a014-58043ff38171,a765dc53-3f13-4f00-a19b-aa2cb581c9dd,125e398e-2559-43d7-bd43-9855cc3af7ea,,chapter,115,0,0,2026-03-07 13:36:05.661,2026-03-07 13:36:05.661,,,false,
c6249394-52d1-4edb-b06e-8c18ef7f8e93,50a5c422-6a50-4eb6-b173-111ffffc3d41,,,chapter,208,0,0,2026-03-07 14:04:44.183,2026-03-07 14:04:44.183,,,false,
c62b4c76-0720-4050-be9e-35195374454c,50a5c422-6a50-4eb6-b173-111ffffc3d41,,,chapter,62,0,0,2026-03-07 16:06:28.636,2026-03-07 16:06:28.636,,,false,
c650bda0-dd46-4f20-be2a-9d773a1a93a3,5fc9a5b6-e624-46f0-a9bc-df01537b4907,,,chapter,6,0,0,2026-03-07 14:44:56.991,2026-03-07 14:44:56.991,,,false,
c650d836-8723-444e-998c-029559082171,86ecbec7-1381-43fa-9f0b-701e37d40083,,,chapter,104,0,0,2026-03-07 12:08:16.32,2026-03-07 12:08:16.32,,,false,
c656f465-0071-4084-a098-b8cc074f2fa4,86ecbec7-1381-43fa-9f0b-701e37d40083,,,chapter,101,0,0,2026-03-07 12:08:20.43,2026-03-07 12:08:20.43,,,false,
c665247c-e562-4771-bbab-694ceedf387a,50a5c422-6a50-4eb6-b173-111ffffc3d41,,,chapter,290,0,0,2026-03-07 15:10:53.675,2026-03-07 15:10:53.675,,,false,
c6669105-ac2a-44da-b003-ae044f30ea06,a765dc53-3f13-4f00-a19b-aa2cb581c9dd,6eef4131-c168-4f89-a4a9-b2ddde5c4ab8,,chapter,132,0,0,2026-03-07 13:52:12.441,2026-03-07 13:52:12.441,,,false,
c6769432-cc18-46ba-a9b5-d2b5f4ec051a,a124c29b-236a-4dc5-9b03-290e082785d5,,,chapter,181,0,0,2026-03-07 13:46:33.716,2026-03-07 13:46:33.716,,,false,
c67924ad-812d-47e1-bbac-80deec23b433,50a5c422-6a50-4eb6-b173-111ffffc3d41,,,chapter,29,0,0,2026-03-07 15:10:37.675,2026-03-07 15:10:37.675,,,false,
c67beaff-9585-4991-add7-eb6aa885aee5,a765dc53-3f13-4f00-a19b-aa2cb581c9dd,125e398e-2559-43d7-bd43-9855cc3af7ea,,chapter,186,0,0,2026-03-07 14:41:46.589,2026-03-07 14:41:46.589,,,false,
c69179af-980f-493d-aea7-029e47488b11,61829d6d-8dc1-411e-a3f8-2c26cb5606e8,,,chapter,59,0,0,2026-03-07 14:10:38.404,2026-03-07 14:10:38.404,,,false,
c6a327be-37fd-46f9-aaac-8d8dac435643,fd6ac307-0703-4168-8e6b-755812f44bae,,,chapter,185,0,0,2026-03-07 13:25:45.322,2026-03-07 13:25:45.322,,,false,
c6ac1093-012f-4a88-b6a9-3421de658632,fb09a54a-d9fa-404d-986a-bf1ccb7d2287,,,chapter,73,0,0,2026-03-07 15:30:16.56,2026-03-07 15:30:16.56,,,false,
c6b9f359-1d1a-41f6-96f4-78254e918e83,fd6ac307-0703-4168-8e6b-755812f44bae,,,chapter,207,0,0,2026-03-07 13:43:56.457,2026-03-07 13:43:56.457,,,false,
c6c5dd3b-9625-411d-9950-355b857ef05c,af8258f2-06f0-4bde-a687-0b55a69cb2c0,,,chapter,14,0,0,2026-03-07 12:06:55.131,2026-03-07 12:06:55.131,,,false,
c6c667fe-de17-4742-a186-d5a255e83e8d,a765dc53-3f13-4f00-a19b-aa2cb581c9dd,6eef4131-c168-4f89-a4a9-b2ddde5c4ab8,,chapter,119,0,0,2026-03-07 13:35:12.363,2026-03-07 13:35:12.363,,,false,
c6ce8e38-2b28-4b3f-a2a7-b62828630ead,a765dc53-3f13-4f00-a19b-aa2cb581c9dd,125e398e-2559-43d7-bd43-9855cc3af7ea,,chapter,280,0,0,2026-03-07 15:38:01.096,2026-03-07 15:38:01.096,,,false,
c70977e1-3661-4b82-9994-f9c3181ab3b6,50a5c422-6a50-4eb6-b173-111ffffc3d41,,,chapter,252,0,0,2026-03-07 14:39:54.756,2026-03-07 14:39:54.756,,,false,
c725e420-7ee3-4acd-bb63-94c6a34975b4,9be38f57-61b3-48fb-b053-984d2a423bd8,,,chapter,5.5,0,0,2026-03-07 13:33:41.681,2026-03-07 13:33:41.681,,,false,
c733d38d-09c7-4c75-81b6-a37d3babd5d0,a765dc53-3f13-4f00-a19b-aa2cb581c9dd,125e398e-2559-43d7-bd43-9855cc3af7ea,,chapter,111,0,0,2026-03-07 13:18:15.864,2026-03-07 13:18:15.864,,,false,
c75a0383-2858-4193-afae-77dc4e7301ae,86ecbec7-1381-43fa-9f0b-701e37d40083,,,chapter,92,0,0,2026-03-07 14:03:55.738,2026-03-07 14:03:55.738,,,false,
c7669cdd-ecba-4ce0-8b7f-5f2b0decf9f1,50a5c422-6a50-4eb6-b173-111ffffc3d41,,,chapter,15,0,0,2026-03-07 12:58:17.331,2026-03-07 12:58:17.331,,,false,
c76b1794-9ea9-43fa-af69-5e95a21ae638,fd6ac307-0703-4168-8e6b-755812f44bae,,,chapter,125,0,0,2026-03-07 12:19:14.706,2026-03-07 12:19:14.706,,,false,
c780b243-7113-4563-b2e5-d301b972016b,90be6fb3-9dcb-4cd1-8b2b-695e44ccc453,,,chapter,135,0,0,2026-03-07 12:56:11.915,2026-03-07 12:56:11.915,,,false,
c7967f6a-6c93-44b2-8d76-ef281c0aa9dd,9a20020d-7bea-4fe6-8c9a-40712bf9e882,,,chapter,35,0,0,2026-03-07 12:53:29.246,2026-03-07 12:53:29.246,,,false,
c7b52634-2de1-4904-b8e9-ca485b66c731,9a20020d-7bea-4fe6-8c9a-40712bf9e882,,,chapter,70,0,0,2026-03-07 13:28:07.914,2026-03-07 13:28:07.914,,,false,
c7c05094-fc39-4b48-9b88-6d44242ffa16,5fc9a5b6-e624-46f0-a9bc-df01537b4907,,,chapter,15,0,0,2026-03-07 12:48:24.458,2026-03-07 12:48:24.458,,,false,
c7c22bf3-0612-4ff6-a266-7757fad1e026,50a5c422-6a50-4eb6-b173-111ffffc3d41,,,chapter,81,0,0,2026-03-07 16:08:01.361,2026-03-07 16:08:01.361,,,false,
c7d32eef-ec21-4f5c-9ec7-089fdb197ea8,9be38f57-61b3-48fb-b053-984d2a423bd8,,,chapter,40,0,0,2026-03-07 13:15:15.349,2026-03-07 13:15:15.349,,,false,
c81a2634-f25d-443f-bcef-ed4925a6eb2c,50a5c422-6a50-4eb6-b173-111ffffc3d41,,,chapter,141,0,0,2026-03-07 12:42:43.001,2026-03-07 12:42:43.001,,,false,
c8359338-7aba-4afc-b7c7-801f861482af,d7ade2ee-4851-453d-95e7-3887ef041e80,,,chapter,62,0,0,2026-03-07 13:19:48.349,2026-03-07 13:19:48.349,,,false,
c8360224-68c9-42c3-ac2c-c9eeabfc2d7a,a124c29b-236a-4dc5-9b03-290e082785d5,,,chapter,84,0,0,2026-03-07 15:17:48.67,2026-03-07 15:17:48.67,,,false,
c84a49e7-511b-40f3-bda1-2e20745605cc,a765dc53-3f13-4f00-a19b-aa2cb581c9dd,6eef4131-c168-4f89-a4a9-b2ddde5c4ab8,,chapter,42,0,0,2026-03-07 14:50:58.601,2026-03-07 14:50:58.601,,,false,
c85dc09f-69f6-4605-88ee-bfa01b6c536a,61aa237e-d5bd-4f55-b5fc-be9683abc2c8,,,chapter,39,0,0,2026-03-07 12:32:45.582,2026-03-07 12:32:45.582,,,false,
c85e2d04-8b88-4635-9d7d-b64e3f87314d,a765dc53-3f13-4f00-a19b-aa2cb581c9dd,6eef4131-c168-4f89-a4a9-b2ddde5c4ab8,,chapter,28,0,0,2026-03-07 14:40:27.44,2026-03-07 14:40:27.44,,,false,
c8606da4-79cd-4400-b7c5-a3d615e1bd43,fb09a54a-d9fa-404d-986a-bf1ccb7d2287,,,chapter,143,0,0,2026-03-07 13:00:32.856,2026-03-07 13:00:32.856,,,false,
c8653b9a-31ec-41d5-9b50-9168f11f7808,50a5c422-6a50-4eb6-b173-111ffffc3d41,,,chapter,56,0,0,2026-03-07 16:05:52.178,2026-03-07 16:05:52.178,,,false,
c86b83db-50e7-4586-be0d-bdc5a1fa668d,90be6fb3-9dcb-4cd1-8b2b-695e44ccc453,,,chapter,128,0,0,2026-03-07 12:55:40.444,2026-03-07 12:55:40.444,,,false,
c87bd94c-a962-444e-bb1b-da0cdade5743,61aa237e-d5bd-4f55-b5fc-be9683abc2c8,,,chapter,37,0,0,2026-03-07 12:32:30.483,2026-03-07 12:32:30.483,,,false,
c87f1e72-70fd-40f2-9a27-b08be3b18848,9a20020d-7bea-4fe6-8c9a-40712bf9e882,,,chapter,44,0,0,2026-03-07 12:54:10.453,2026-03-07 12:54:10.453,,,false,
c8a431a5-84d9-4efa-a840-ce630eb74b72,fd6ac307-0703-4168-8e6b-755812f44bae,,,chapter,200,0,0,2026-03-07 13:43:52.183,2026-03-07 13:43:52.183,,,false,
c8a7fbf8-3b6d-409e-92fb-d8f6f998c7cf,86ecbec7-1381-43fa-9f0b-701e37d40083,,,chapter,27,0,0,2026-03-07 12:56:54.392,2026-03-07 12:56:54.392,,,false,
c8b863da-f20b-4535-8f44-110cec70306f,a765dc53-3f13-4f00-a19b-aa2cb581c9dd,125e398e-2559-43d7-bd43-9855cc3af7ea,,chapter,54,0,0,2026-03-07 15:52:11.9,2026-03-07 15:52:11.9,,,false,
c8d1585d-8be0-4490-b712-7f9af9e43254,61829d6d-8dc1-411e-a3f8-2c26cb5606e8,,,chapter,123,0,0,2026-03-07 12:30:39.633,2026-03-07 12:30:39.633,,,false,
c8d31900-cc7d-4860-a283-38d0b5b6bdbe,a124c29b-236a-4dc5-9b03-290e082785d5,,,chapter,100,0,0,2026-03-07 12:22:34.448,2026-03-07 12:22:34.448,,,false,
c8ef1c2b-2d0d-4fcd-99a6-716c664b8de0,61829d6d-8dc1-411e-a3f8-2c26cb5606e8,,,chapter,113,0,0,2026-03-07 12:29:50.045,2026-03-07 12:29:50.045,,,false,
c8fb5f08-4b80-42cf-8d49-474b78e060da,50a5c422-6a50-4eb6-b173-111ffffc3d41,,,chapter,178,0,0,2026-03-07 13:33:13.248,2026-03-07 13:33:13.248,,,false,
c91ab8f5-5049-4ea3-8931-49e648f7260b,af8258f2-06f0-4bde-a687-0b55a69cb2c0,,,chapter,81,0,0,2026-03-07 13:26:32.745,2026-03-07 13:26:32.745,,,false,
c92d9b11-960d-454f-a0eb-d2c4c30231ef,fd6ac307-0703-4168-8e6b-755812f44bae,,,chapter,143,0,0,2026-03-07 12:50:29.591,2026-03-07 12:50:29.591,,,false,
c9436597-ee99-43d6-b980-ffbda2e05bfd,a124c29b-236a-4dc5-9b03-290e082785d5,,,chapter,63,0,0,2026-03-07 14:57:56.481,2026-03-07 14:57:56.481,,,false,
c957fff5-16d5-4d4e-8d76-824abc890acb,5fc9a5b6-e624-46f0-a9bc-df01537b4907,,,chapter,41,0,0,2026-03-07 14:34:55.782,2026-03-07 14:34:55.782,,,false,
c95bc7a5-8812-4f32-8274-535228bab687,9be38f57-61b3-48fb-b053-984d2a423bd8,,,chapter,113,0,0,2026-03-07 12:27:12.668,2026-03-07 12:27:12.668,,,false,
c9652da1-5edd-4ae6-aff5-70eefefd679b,a765dc53-3f13-4f00-a19b-aa2cb581c9dd,125e398e-2559-43d7-bd43-9855cc3af7ea,,chapter,233,0,0,2026-03-07 15:13:34.872,2026-03-07 15:13:34.872,,,false,
c96d6664-4b74-4a48-adb0-58331ba84a46,a765dc53-3f13-4f00-a19b-aa2cb581c9dd,6eef4131-c168-4f89-a4a9-b2ddde5c4ab8,,chapter,56,0,0,2026-03-07 15:01:17.448,2026-03-07 15:01:17.448,,,false,
c97da681-35c3-4d93-a0bc-c1d2fdb5a30c,61829d6d-8dc1-411e-a3f8-2c26cb5606e8,,,chapter,161,0,0,2026-03-07 13:20:55.718,2026-03-07 13:20:55.718,,,false,
c99a7223-252f-4804-bb06-ddb43f444416,fd6ac307-0703-4168-8e6b-755812f44bae,,,chapter,278,0,0,2026-03-07 14:35:57.55,2026-03-07 14:35:57.55,,,false,
c9a96fa3-c01c-43ab-bf7c-d7ee58274c63,50a5c422-6a50-4eb6-b173-111ffffc3d41,,,chapter,335,0,0,2026-03-07 15:32:18.414,2026-03-07 15:32:18.414,,,false,
c9ae0238-332c-4c93-a3a9-c2997e66f455,fd6ac307-0703-4168-8e6b-755812f44bae,,,chapter,360,0,0,2026-03-07 15:30:53.556,2026-03-07 15:30:53.556,,,false,
c9b70bff-8188-405c-bec2-40c8d4b30670,a124c29b-236a-4dc5-9b03-290e082785d5,,,chapter,65,0,0,2026-03-07 15:06:56.571,2026-03-07 15:06:56.571,,,false,
c9cb31dd-a03e-4e88-ae1f-2a271cdfefd0,af8258f2-06f0-4bde-a687-0b55a69cb2c0,,,chapter,70,0,0,2026-03-07 13:08:23.874,2026-03-07 13:08:23.874,,,false,
c9e8d4ec-adbf-4223-92df-1eba21b5f2cb,fd6ac307-0703-4168-8e6b-755812f44bae,,,chapter,57,0,0,2026-03-07 15:46:29.573,2026-03-07 15:46:29.573,,,false,
c9e8fda9-2661-40e3-96a9-e15fc381df0a,9be38f57-61b3-48fb-b053-984d2a423bd8,,,chapter,89,0,0,2026-03-07 14:06:20.776,2026-03-07 14:06:20.776,,,false,
c9f1ca69-efd2-4f5a-946e-d8b3e1e2c62d,a124c29b-236a-4dc5-9b03-290e082785d5,,,chapter,191,0,0,2026-03-07 14:01:24.834,2026-03-07 14:01:24.834,,,false,
c9fc6096-2aab-452e-89a8-d0fe068e1f26,61829d6d-8dc1-411e-a3f8-2c26cb5606e8,,,chapter,2,0,0,2026-03-07 13:21:41.134,2026-03-07 13:21:41.134,,,false,
c9fda671-8a2d-424b-8295-eb23d6e49963,fb09a54a-d9fa-404d-986a-bf1ccb7d2287,,,chapter,116,0,0,2026-03-07 12:28:54.429,2026-03-07 12:28:54.429,,,false,
ca254035-3da2-483a-8ea1-067cae57c9a6,fd6ac307-0703-4168-8e6b-755812f44bae,,,chapter,388,0,0,2026-03-07 15:39:17.383,2026-03-07 15:39:17.383,,,false,
ca3217b4-b1ce-4a36-83bb-d1d2d8c3402a,61aa237e-d5bd-4f55-b5fc-be9683abc2c8,,,chapter,21,0,0,2026-03-07 12:16:41.7,2026-03-07 12:16:41.7,,,false,
ca7d10c7-e6bf-434a-897c-3f718fc8348b,fd6ac307-0703-4168-8e6b-755812f44bae,,,chapter,140,0,0,2026-03-07 12:34:33.334,2026-03-07 12:34:33.334,,,false,
ca86f3b4-bbdb-45c8-8dc9-4a7bc3a678a0,fd6ac307-0703-4168-8e6b-755812f44bae,,,chapter,72,0,0,2026-03-07 15:49:37.015,2026-03-07 15:49:37.015,,,false,
cae8f22e-4193-42a6-9da7-7e1599a872e8,fb09a54a-d9fa-404d-986a-bf1ccb7d2287,,,chapter,47,0,0,2026-03-07 15:15:16.199,2026-03-07 15:15:16.199,,,false,
caee4d54-295a-4a3e-a2dc-a8557f859a87,9a20020d-7bea-4fe6-8c9a-40712bf9e882,,,chapter,2,0,0,2026-03-07 12:36:40.773,2026-03-07 12:36:40.773,,,false,
caf2eee2-879d-4ad8-9107-c670073ce70b,a765dc53-3f13-4f00-a19b-aa2cb581c9dd,6eef4131-c168-4f89-a4a9-b2ddde5c4ab8,,chapter,164,0,0,2026-03-07 14:18:55.241,2026-03-07 14:18:55.241,,,false,
cb0c4eaa-980f-4d34-a96a-63a197c52fae,9a20020d-7bea-4fe6-8c9a-40712bf9e882,,,chapter,98,0,0,2026-03-07 14:00:21.153,2026-03-07 14:00:21.153,,,false,
cb11c339-ff5a-4602-a3ee-14279893009d,a765dc53-3f13-4f00-a19b-aa2cb581c9dd,125e398e-2559-43d7-bd43-9855cc3af7ea,,chapter,211,0,0,2026-03-07 15:02:22.57,2026-03-07 15:02:22.57,,,false,
cb42b83c-f7f6-4ed0-b667-2194f5a9f951,fd6ac307-0703-4168-8e6b-755812f44bae,,,chapter,340,0,0,2026-03-07 15:17:21.028,2026-03-07 15:17:21.028,,,false,
cb5435c5-b065-43d5-939f-0bc830f66e93,9be38f57-61b3-48fb-b053-984d2a423bd8,,,chapter,45,0,0,2026-03-07 13:15:33.847,2026-03-07 13:15:33.847,,,false,
cb5c431b-d1a4-47f5-97ac-03d502ec44d5,fb09a54a-d9fa-404d-986a-bf1ccb7d2287,,,chapter,238,0,0,2026-03-07 14:32:37.033,2026-03-07 14:32:37.033,,,false,
cb71633c-f2a2-48fc-b7b8-f4b983210634,50a5c422-6a50-4eb6-b173-111ffffc3d41,,,chapter,21,0,0,2026-03-07 14:04:40.083,2026-03-07 14:04:40.083,,,false,
cba6456a-be90-4c7f-a71b-30cd26fc37f0,fb09a54a-d9fa-404d-986a-bf1ccb7d2287,,,chapter,102,0,0,2026-03-07 12:12:11.78,2026-03-07 12:12:11.78,,,false,
cbce1eb6-28c5-427c-a441-66c79c51b0fe,fb09a54a-d9fa-404d-986a-bf1ccb7d2287,,,chapter,191,0,0,2026-03-07 13:54:36.472,2026-03-07 13:54:36.472,,,false,
cbdd1ebd-2563-409e-8332-8cad9391aaba,9be38f57-61b3-48fb-b053-984d2a423bd8,,,chapter,80,0,0,2026-03-07 14:05:40.496,2026-03-07 14:05:40.496,,,false,
cbde3bb3-bf85-4e44-83d1-4ec9af65bba6,50a5c422-6a50-4eb6-b173-111ffffc3d41,,,chapter,195,0,0,2026-03-07 13:49:56.069,2026-03-07 13:49:56.069,,,false,
cbde5b9c-bd17-4935-b3ac-e43eb900378d,af8258f2-06f0-4bde-a687-0b55a69cb2c0,,,chapter,23,2,0,2026-03-07 12:19:19.688,2026-03-07 12:19:19.688,,,false,
cc33d05e-9676-4bd5-bd37-89dc4b1076b3,a765dc53-3f13-4f00-a19b-aa2cb581c9dd,125e398e-2559-43d7-bd43-9855cc3af7ea,,chapter,74.5,0,0,2026-03-07 15:57:34.949,2026-03-07 15:57:34.949,,,false,
cc43e1fd-62b0-40ae-be8d-775d46a2cbce,50a5c422-6a50-4eb6-b173-111ffffc3d41,,,chapter,31,0,0,2026-03-07 15:20:34.271,2026-03-07 15:20:34.271,,,false,
cc5b79df-de67-42d2-9e4a-4f5d9fee0cfa,61829d6d-8dc1-411e-a3f8-2c26cb5606e8,,,chapter,78,0,0,2026-03-07 14:22:56.843,2026-03-07 14:22:56.843,,,false,
cc6454a9-42c2-48fc-b976-e3907c883b51,9a20020d-7bea-4fe6-8c9a-40712bf9e882,,,chapter,68,0,0,2026-03-07 13:28:03.273,2026-03-07 13:28:03.273,,,false,
cc76f3d1-f434-42ef-966b-7abf05ff24b3,a124c29b-236a-4dc5-9b03-290e082785d5,,,chapter,228,0,0,2026-03-07 14:26:29.965,2026-03-07 14:26:29.965,,,false,
cccc869e-8ecc-4064-97ee-43239126e50d,a765dc53-3f13-4f00-a19b-aa2cb581c9dd,6eef4131-c168-4f89-a4a9-b2ddde5c4ab8,,chapter,142,0,0,2026-03-07 14:06:25.78,2026-03-07 14:06:25.78,,,false,
ccd06d34-3a3d-46d4-a97e-dd4cbe173302,fd6ac307-0703-4168-8e6b-755812f44bae,,,chapter,54,0,0,2026-03-07 15:46:13.486,2026-03-07 15:46:13.486,,,false,
ccd36dd2-f325-4077-bfe5-557c5879e982,fb09a54a-d9fa-404d-986a-bf1ccb7d2287,,,chapter,148,0,0,2026-03-07 13:00:41.788,2026-03-07 13:00:41.788,,,false,
cd1bcb62-450d-4b93-9138-130b50896be4,50a5c422-6a50-4eb6-b173-111ffffc3d41,,,chapter,371,0,0,2026-03-07 15:41:25.457,2026-03-07 15:41:25.457,,,false,
cd1ef944-d8d6-465b-9d82-ebdf7a1181a1,9be38f57-61b3-48fb-b053-984d2a423bd8,,,chapter,64,0,0,2026-03-07 13:50:38.955,2026-03-07 13:50:38.955,,,false,
cd2ad235-41b0-41dd-891e-93880cce5762,50a5c422-6a50-4eb6-b173-111ffffc3d41,,,chapter,455,0,0,2026-03-07 15:58:52.962,2026-03-07 15:58:52.962,,,false,
cd2f9bca-5b2f-415d-8475-6c546d7d0d87,a765dc53-3f13-4f00-a19b-aa2cb581c9dd,6eef4131-c168-4f89-a4a9-b2ddde5c4ab8,,chapter,87,0,0,2026-03-07 15:21:15.155,2026-03-07 15:21:15.155,,,false,
cd340be8-70a5-46fa-861b-7816473e737c,61829d6d-8dc1-411e-a3f8-2c26cb5606e8,,,chapter,111,0,0,2026-03-07 12:14:57.026,2026-03-07 12:14:57.026,,,false,
cd3456b5-2a28-4d9d-9b26-f4d119b865da,a765dc53-3f13-4f00-a19b-aa2cb581c9dd,125e398e-2559-43d7-bd43-9855cc3af7ea,,chapter,213,0,0,2026-03-07 15:02:18.28,2026-03-07 15:02:18.28,,,false,
cd438d74-ceb8-4660-9c1c-f610849fe6ed,61aa237e-d5bd-4f55-b5fc-be9683abc2c8,,,chapter,78,0,0,2026-03-07 13:23:09.631,2026-03-07 13:23:09.631,,,false,
cd618c72-32a7-4915-b170-15f25d916fa0,d7ade2ee-4851-453d-95e7-3887ef041e80,,,chapter,84,0,0,2026-03-07 13:38:29.873,2026-03-07 13:38:29.873,,,false,
cda4da0d-1019-4854-9fd9-2cd62646fa2b,90be6fb3-9dcb-4cd1-8b2b-695e44ccc453,,,chapter,95,0,0,2026-03-07 15:19:06.56,2026-03-07 15:19:06.56,,,false,
cddcf789-b8d4-4599-91c3-d45a2ddd6d75,a765dc53-3f13-4f00-a19b-aa2cb581c9dd,125e398e-2559-43d7-bd43-9855cc3af7ea,,chapter,252,0,0,2026-03-07 15:28:19.048,2026-03-07 15:28:19.048,,,false,
cde27d2b-b4a4-4d51-b463-67fb75810001,86ecbec7-1381-43fa-9f0b-701e37d40083,,,chapter,19,0,0,2026-03-07 12:41:02.194,2026-03-07 12:41:02.194,,,false,
cdfe0756-b280-42c4-88aa-080ae1aece12,50a5c422-6a50-4eb6-b173-111ffffc3d41,,,chapter,46,0,0,2026-03-07 16:00:27.566,2026-03-07 16:00:27.566,,,false,
ce2b2920-d79d-4835-a13e-0a17e0939aa3,50a5c422-6a50-4eb6-b173-111ffffc3d41,,,chapter,474,0,0,2026-03-07 16:01:42.645,2026-03-07 16:01:42.645,,,false,
ce43935f-9821-461e-8a28-7bf866df2bbd,86ecbec7-1381-43fa-9f0b-701e37d40083,,,chapter,41,0,0,2026-03-07 13:12:49.428,2026-03-07 13:12:49.428,,,false,
ce8fd702-592a-41e3-b00e-26ff3cc1a242,50a5c422-6a50-4eb6-b173-111ffffc3d41,,,chapter,166,0,0,2026-03-07 13:14:25.85,2026-03-07 13:14:25.85,,,false,
ce9919d0-22cc-4383-9c2d-979def30ffd9,a765dc53-3f13-4f00-a19b-aa2cb581c9dd,125e398e-2559-43d7-bd43-9855cc3af7ea,,chapter,200,0,0,2026-03-07 14:52:30.195,2026-03-07 14:52:30.195,,,false,
ceb0ce36-808d-4b29-842d-24cd10c602c8,fd6ac307-0703-4168-8e6b-755812f44bae,,,chapter,273,0,0,2026-03-07 14:35:48.14,2026-03-07 14:35:48.14,,,false,
ceb44eab-f291-4f4b-9cb0-7aaa3d14f3a2,50a5c422-6a50-4eb6-b173-111ffffc3d41,,,chapter,194,0,0,2026-03-07 13:50:12.487,2026-03-07 13:50:12.487,,,false,
ced480c6-1e74-48ab-943f-e5bd46341e14,a765dc53-3f13-4f00-a19b-aa2cb581c9dd,125e398e-2559-43d7-bd43-9855cc3af7ea,,chapter,249,0,0,2026-03-07 15:22:31.502,2026-03-07 15:22:31.502,,,false,
cedf70b5-e6cc-41c2-ac76-1bcc5efa0481,50a5c422-6a50-4eb6-b173-111ffffc3d41,,,chapter,492,0,0,2026-03-07 16:03:41.484,2026-03-07 16:03:41.484,,,false,
cee7417a-8f63-47bc-b55e-31776fba0e4f,d7ade2ee-4851-453d-95e7-3887ef041e80,,,chapter,35.9,0,0,2026-03-07 12:46:13.601,2026-03-07 12:46:13.601,,,false,
cee9f12a-2724-4922-b25d-1d0e24dbf3d1,50a5c422-6a50-4eb6-b173-111ffffc3d41,,,chapter,57,0,0,2026-03-07 16:05:56.481,2026-03-07 16:05:56.481,,,false,
ceeae208-1fe7-4a3f-ae41-896c4172d8d5,a765dc53-3f13-4f00-a19b-aa2cb581c9dd,125e398e-2559-43d7-bd43-9855cc3af7ea,,chapter,286,0,0,2026-03-07 15:38:24.054,2026-03-07 15:38:24.054,,,false,
cf0ad6c5-d4de-4dca-a6be-62f1ce7b0964,90be6fb3-9dcb-4cd1-8b2b-695e44ccc453,,,chapter,96,0,0,2026-03-07 15:19:15.099,2026-03-07 15:19:15.099,,,false,
cf0e4fc7-7bc5-43e8-956d-48b08be540cf,fd6ac307-0703-4168-8e6b-755812f44bae,,,chapter,8,0,0,2026-03-07 15:52:18.834,2026-03-07 15:52:18.834,,,false,
cf1159a6-be47-48fe-a616-21ce15fc5f8d,fd6ac307-0703-4168-8e6b-755812f44bae,,,chapter,166,0,0,2026-03-07 13:07:20.261,2026-03-07 13:07:20.261,,,false,
cf311e27-6eb4-4190-a809-f497f014dc04,5fc9a5b6-e624-46f0-a9bc-df01537b4907,,,chapter,210,0,0,2026-03-07 13:58:12.752,2026-03-07 13:58:12.752,,,false,
cf4021db-228f-4fd5-bc52-bd69d017aa31,50a5c422-6a50-4eb6-b173-111ffffc3d41,,,chapter,72,0,0,2026-03-07 16:07:08.635,2026-03-07 16:07:08.635,,,false,
cf4755b1-2679-4fa9-ac87-23f339d6888e,fd6ac307-0703-4168-8e6b-755812f44bae,,,chapter,354,0,0,2026-03-07 15:26:06.285,2026-03-07 15:26:06.285,,,false,
cf7153a7-b1de-40dd-a2c3-3f9649d4a884,5fc9a5b6-e624-46f0-a9bc-df01537b4907,,,chapter,58,0,0,2026-03-07 14:44:42.933,2026-03-07 14:44:42.933,,,false,
cfa8d08b-fec7-4a18-9e02-03dd59880060,d7ade2ee-4851-453d-95e7-3887ef041e80,,,chapter,11,0,0,2026-03-07 12:13:23.249,2026-03-07 12:13:23.249,,,false,
cfaae91b-a66b-4b10-9150-37b974348736,9a20020d-7bea-4fe6-8c9a-40712bf9e882,,,chapter,28,0,0,2026-03-07 12:37:33.066,2026-03-07 12:37:33.066,,,false,
cfcfb750-9ce8-4906-853d-dea7d69657d8,5fc9a5b6-e624-46f0-a9bc-df01537b4907,,,chapter,56,0,0,2026-03-07 14:44:38.134,2026-03-07 14:44:38.134,,,false,
cfdab944-a681-4d22-ab85-22e893b734a3,90be6fb3-9dcb-4cd1-8b2b-695e44ccc453,,,chapter,43,0,0,2026-03-07 14:38:15.455,2026-03-07 14:38:15.455,,,false,
cfdf0c8b-b00f-4da2-9e08-6963eb28d220,61829d6d-8dc1-411e-a3f8-2c26cb5606e8,,,chapter,156,0,0,2026-03-07 13:03:54.382,2026-03-07 13:03:54.382,,,false,
cfe30db6-f88c-4623-9cd0-5f2d1b9e03bf,50a5c422-6a50-4eb6-b173-111ffffc3d41,,,chapter,330,0,0,2026-03-07 15:32:22.804,2026-03-07 15:32:22.804,,,false,
d0130c3b-f91b-4059-9fbc-ad2ceefffd48,fd6ac307-0703-4168-8e6b-755812f44bae,,,chapter,152,0,0,2026-03-07 12:51:18.9,2026-03-07 12:51:18.9,,,false,
d015316f-409f-42e1-9ec4-6add0b92251f,fd6ac307-0703-4168-8e6b-755812f44bae,,,chapter,357,0,0,2026-03-07 15:30:39.241,2026-03-07 15:30:39.241,,,false,
d02b4343-0dc7-41b9-94ad-61a1f9c7f40e,61aa237e-d5bd-4f55-b5fc-be9683abc2c8,,,chapter,74,0,0,2026-03-07 13:06:25.716,2026-03-07 13:06:25.716,,,false,
d02c7704-5b22-4b17-a870-5a99692294c2,5fc9a5b6-e624-46f0-a9bc-df01537b4907,,,chapter,125,0,0,2026-03-07 12:16:09.599,2026-03-07 12:16:09.599,,,false,
d05a4ba8-5538-4ff1-8843-6845ae032148,86ecbec7-1381-43fa-9f0b-701e37d40083,,,chapter,32,0,0,2026-03-07 12:57:34.917,2026-03-07 12:57:34.917,,,false,
d076f2f1-930e-441a-a1be-45f3ea99f06f,a124c29b-236a-4dc5-9b03-290e082785d5,,,chapter,213,0,0,2026-03-07 14:14:41.19,2026-03-07 14:14:41.19,,,false,
d098524b-bcad-4a2a-b0ff-f2036f06dc9c,5fc9a5b6-e624-46f0-a9bc-df01537b4907,,,chapter,181,0,0,2026-03-07 13:22:37.108,2026-03-07 13:22:37.108,,,false,
d0aec382-25f7-4d6f-a2b5-ccbb94842e54,50a5c422-6a50-4eb6-b173-111ffffc3d41,,,chapter,387,0,0,2026-03-07 15:44:57.962,2026-03-07 15:44:57.962,,,false,
d0e78ab1-f14b-4f35-b10b-1fc48fb1c0cc,61aa237e-d5bd-4f55-b5fc-be9683abc2c8,,,chapter,103,0,0,2026-03-07 12:03:52.255,2026-03-07 12:03:52.255,,,false,
d105f730-90a4-4f40-9a48-d45fb3b7bbe0,50a5c422-6a50-4eb6-b173-111ffffc3d41,,,chapter,484,0,0,2026-03-07 16:02:40.265,2026-03-07 16:02:40.265,,,false,
d11d9ba9-940c-4059-8199-fe9959eaafc3,a765dc53-3f13-4f00-a19b-aa2cb581c9dd,125e398e-2559-43d7-bd43-9855cc3af7ea,,chapter,5,0,0,2026-03-07 15:51:57.542,2026-03-07 15:51:57.542,,,false,
d12065f4-5fd8-4d30-b5db-cc3799014c68,a124c29b-236a-4dc5-9b03-290e082785d5,,,chapter,112,0,0,2026-03-07 12:23:34.612,2026-03-07 12:23:34.612,,,false,
d1290df4-a5f9-4d8c-bed3-a3d7ec1dfcdf,a765dc53-3f13-4f00-a19b-aa2cb581c9dd,6eef4131-c168-4f89-a4a9-b2ddde5c4ab8,,chapter,137,0,0,2026-03-07 13:52:48.123,2026-03-07 13:52:48.123,,,false,
d12a30b8-31b9-4c2b-9871-60ef31210b27,90be6fb3-9dcb-4cd1-8b2b-695e44ccc453,,,chapter,56,0,0,2026-03-07 14:47:43.913,2026-03-07 14:47:43.913,,,false,
d12c311f-53ec-4fde-a67d-37906ad64525,fb09a54a-d9fa-404d-986a-bf1ccb7d2287,,,chapter,207,0,0,2026-03-07 14:09:22.978,2026-03-07 14:09:22.978,,,false,
d1343cd9-5df1-4b86-969a-078b1392b233,61829d6d-8dc1-411e-a3f8-2c26cb5606e8,,,chapter,34,0,0,2026-03-07 13:40:07.276,2026-03-07 13:40:07.276,,,false,
d14004c8-759c-496b-949c-9c20de2d4ba9,61aa237e-d5bd-4f55-b5fc-be9683abc2c8,,,chapter,6,0,0,2026-03-07 12:50:04.031,2026-03-07 12:50:04.031,,,false,
d15451f7-7fce-49f0-8bb1-f3e317cfb296,90be6fb3-9dcb-4cd1-8b2b-695e44ccc453,,,chapter,200,0,0,2026-03-07 14:14:54.518,2026-03-07 14:14:54.518,,,false,
d15bd781-56e0-42fb-966e-9c650ce44645,fd6ac307-0703-4168-8e6b-755812f44bae,,,chapter,271,0,0,2026-03-07 14:35:38.182,2026-03-07 14:35:38.182,,,false,
d1697134-edd2-4017-9e1f-3a60394cbb51,a765dc53-3f13-4f00-a19b-aa2cb581c9dd,125e398e-2559-43d7-bd43-9855cc3af7ea,,chapter,117,0,0,2026-03-07 13:36:16.516,2026-03-07 13:36:16.516,,,false,
d187918d-99cf-427b-a504-fdb7f3a4d5b7,fd6ac307-0703-4168-8e6b-755812f44bae,,,chapter,276,0,0,2026-03-07 14:35:52.875,2026-03-07 14:35:52.875,,,false,
d19394c4-a1e6-437e-8e87-c8b9142720d9,d7ade2ee-4851-453d-95e7-3887ef041e80,,,chapter,38,0,0,2026-03-07 12:46:22.766,2026-03-07 12:46:22.766,,,false,
d1ba28ee-4354-4890-a1a9-1b9c682ba17a,50a5c422-6a50-4eb6-b173-111ffffc3d41,,,chapter,93,0,0,2026-03-07 16:09:20.478,2026-03-07 16:09:20.478,,,false,
d1bbbe42-5b8b-41fc-8a0e-4daec1498e9a,50a5c422-6a50-4eb6-b173-111ffffc3d41,,,chapter,370,0,0,2026-03-07 15:41:16.754,2026-03-07 15:41:16.754,,,false,
d1ec1683-f6b0-495a-9875-f2d6d13b6446,fb09a54a-d9fa-404d-986a-bf1ccb7d2287,,,chapter,90,0,0,2026-03-07 15:34:58.647,2026-03-07 15:34:58.647,,,false,
d20bcd04-147e-4ba3-afc3-cd38926fb30e,61aa237e-d5bd-4f55-b5fc-be9683abc2c8,,,chapter,5,0,0,2026-03-07 12:49:15.465,2026-03-07 12:49:15.465,,,false,
d20c22ec-7a34-4b78-bba9-325c44178247,a124c29b-236a-4dc5-9b03-290e082785d5,,,chapter,85,0,0,2026-03-07 15:17:57.699,2026-03-07 15:17:57.699,,,false,
d212ff2f-8846-48f1-8ab8-54c29d749cce,90be6fb3-9dcb-4cd1-8b2b-695e44ccc453,,,chapter,141,0,0,2026-03-07 13:11:29.595,2026-03-07 13:11:29.595,,,false,
d2330d80-2fa6-45f4-9883-8f832e162824,a765dc53-3f13-4f00-a19b-aa2cb581c9dd,125e398e-2559-43d7-bd43-9855cc3af7ea,,chapter,216,0,0,2026-03-07 15:03:14.197,2026-03-07 15:03:14.197,,,false,
d23b2c33-3349-4b18-bd1e-f8ec9b864b70,a124c29b-236a-4dc5-9b03-290e082785d5,,,chapter,118,0,0,2026-03-07 12:38:24.396,2026-03-07 12:38:24.396,,,false,
d251695a-3557-4518-b77c-31f9e5aa128d,50a5c422-6a50-4eb6-b173-111ffffc3d41,,,chapter,47,0,0,2026-03-07 16:01:09.192,2026-03-07 16:01:09.192,,,false,
d26de2b6-9baf-4af6-9821-1d33bd6bf7c3,50a5c422-6a50-4eb6-b173-111ffffc3d41,,,chapter,238,0,0,2026-03-07 14:28:54.291,2026-03-07 14:28:54.291,,,false,
d27418a9-bf48-4345-95db-a5fbe3be22af,86ecbec7-1381-43fa-9f0b-701e37d40083,,,chapter,84,0,0,2026-03-07 14:03:07.321,2026-03-07 14:03:07.321,,,false,
d27964ad-61e4-4bcd-9af2-ed25c9600c74,fd6ac307-0703-4168-8e6b-755812f44bae,,,chapter,95,0,0,2026-03-07 15:55:42.285,2026-03-07 15:55:42.285,,,false,
d29d33e9-a0ec-47a5-9dab-9325447911ce,61829d6d-8dc1-411e-a3f8-2c26cb5606e8,,,chapter,42,0,0,2026-03-07 13:56:00.657,2026-03-07 13:56:00.657,,,false,
d29d5a11-10fc-48ad-9a1f-4909b2a93cef,61aa237e-d5bd-4f55-b5fc-be9683abc2c8,,,chapter,89,0,0,2026-03-07 13:24:32.512,2026-03-07 13:24:32.512,,,false,
d2c85675-8a31-43a9-b36d-61f34d3b6519,50a5c422-6a50-4eb6-b173-111ffffc3d41,,,chapter,423,0,0,2026-03-07 15:53:53.631,2026-03-07 15:53:53.631,,,false,
d2f3d4ec-f650-4b1c-b056-321768bb2bdc,a124c29b-236a-4dc5-9b03-290e082785d5,,,chapter,54,0,0,2026-03-07 14:57:46.628,2026-03-07 14:57:46.628,,,false,
d33c1655-61fc-406c-a206-f96c1a90517d,50a5c422-6a50-4eb6-b173-111ffffc3d41,,,chapter,297,0,0,2026-03-07 15:11:11.484,2026-03-07 15:11:11.484,,,false,
d3456898-0427-4c6c-be89-4297f55e6608,fd6ac307-0703-4168-8e6b-755812f44bae,,,chapter,71,0,0,2026-03-07 15:49:40.896,2026-03-07 15:49:40.896,,,false,
d36a58e0-34f4-4b9f-9302-eaf481877bd5,50a5c422-6a50-4eb6-b173-111ffffc3d41,,,chapter,453,0,0,2026-03-07 15:58:44.497,2026-03-07 15:58:44.497,,,false,
d399eb6f-87b9-49b5-9fba-9223ddc3180f,fd6ac307-0703-4168-8e6b-755812f44bae,,,chapter,104,0,0,2026-03-07 12:05:33.017,2026-03-07 12:05:33.017,,,false,
d3a3bcd1-97aa-47d0-9a18-283f2b852a98,a765dc53-3f13-4f00-a19b-aa2cb581c9dd,125e398e-2559-43d7-bd43-9855cc3af7ea,,chapter,158,0,0,2026-03-07 14:19:54.52,2026-03-07 14:19:54.52,,,false,
d3a40b13-82f5-4cc2-bdf7-d09e009037d4,61829d6d-8dc1-411e-a3f8-2c26cb5606e8,,,chapter,96,0,0,2026-03-07 14:33:47.92,2026-03-07 14:33:47.92,,,false,
d3ac9ce7-113a-470c-8d62-2991089a8230,50a5c422-6a50-4eb6-b173-111ffffc3d41,,,chapter,350,0,0,2026-03-07 15:37:05.91,2026-03-07 15:37:05.91,,,false,
d3c6b40e-20f4-4956-9824-e582652985a3,a765dc53-3f13-4f00-a19b-aa2cb581c9dd,6eef4131-c168-4f89-a4a9-b2ddde5c4ab8,,chapter,71,0,0,2026-03-07 15:12:22.85,2026-03-07 15:12:22.85,,,false,
d3ced98c-978c-4d15-9dc5-05e2cdf0f115,86ecbec7-1381-43fa-9f0b-701e37d40083,,,chapter,8,0,0,2026-03-07 13:49:17.8,2026-03-07 13:49:17.8,,,false,
d3cf2851-9c34-4639-8765-6a1889d7f2ef,fd6ac307-0703-4168-8e6b-755812f44bae,,,chapter,302,0,0,2026-03-07 14:55:41.591,2026-03-07 14:55:41.591,,,false,
d3daf6ce-99b6-4346-99ae-50adfaf4f1e0,50a5c422-6a50-4eb6-b173-111ffffc3d41,,,chapter,496,0,0,2026-03-07 16:03:19.398,2026-03-07 16:03:19.398,,,false,
d3e654c2-394b-4d1f-83cc-ed82d18db4e7,61aa237e-d5bd-4f55-b5fc-be9683abc2c8,,,chapter,59,0,0,2026-03-07 12:50:08.789,2026-03-07 12:50:08.789,,,false,
d3fabc39-0240-4b0a-a81d-635bc26c2166,fd6ac307-0703-4168-8e6b-755812f44bae,,,chapter,338,0,0,2026-03-07 15:17:07.354,2026-03-07 15:17:07.354,,,false,
d4112522-d39e-4e9f-8300-89015c0810db,5fc9a5b6-e624-46f0-a9bc-df01537b4907,,,chapter,95,0,0,2026-03-07 15:15:40.748,2026-03-07 15:15:40.748,,,false,
d432de28-aa9d-432c-b95c-e72b620273c3,af8258f2-06f0-4bde-a687-0b55a69cb2c0,,,chapter,66,0,0,2026-03-07 13:07:46.633,2026-03-07 13:07:46.633,,,false,
d4333bd8-a2b7-47e6-bf0b-b9049e2f03c9,a124c29b-236a-4dc5-9b03-290e082785d5,,,chapter,33,0,0,2026-03-07 14:37:41.758,2026-03-07 14:37:41.758,,,false,
d45a270d-156f-467c-9910-c67f37782de8,a765dc53-3f13-4f00-a19b-aa2cb581c9dd,125e398e-2559-43d7-bd43-9855cc3af7ea,,chapter,251,0,0,2026-03-07 15:22:46.477,2026-03-07 15:22:46.477,,,false,
d462122c-cc40-4cc5-bd50-ec50487f4cb1,9a20020d-7bea-4fe6-8c9a-40712bf9e882,,,chapter,17,0,0,2026-03-07 12:36:35.937,2026-03-07 12:36:35.937,,,false,
d48ba969-f66f-4eae-9f2a-cd67cb16f269,61829d6d-8dc1-411e-a3f8-2c26cb5606e8,,,chapter,106,0,0,2026-03-07 12:14:34.855,2026-03-07 12:14:34.855,,,false,
d49afc3d-a94c-43db-833d-6ce97b3bea2d,61aa237e-d5bd-4f55-b5fc-be9683abc2c8,,,chapter,17,0,0,2026-03-07 12:04:52.164,2026-03-07 12:04:52.164,,,false,
d4aeff38-985a-4931-bdc6-da7e5bca6318,50a5c422-6a50-4eb6-b173-111ffffc3d41,,,chapter,28,0,0,2026-03-07 15:00:19.902,2026-03-07 15:00:19.902,,,false,
d4b4ae04-e7d6-48cc-ae67-8be551e99a51,d7ade2ee-4851-453d-95e7-3887ef041e80,,,chapter,64,0,0,2026-03-07 13:19:52.68,2026-03-07 13:19:52.68,,,false,
d4cbf381-630b-4371-9e80-06d59cdec570,61aa237e-d5bd-4f55-b5fc-be9683abc2c8,,,chapter,51,0,0,2026-03-07 12:49:04.991,2026-03-07 12:49:04.991,,,false,
d4e6c823-d17a-4995-80ed-d652a41c6291,a124c29b-236a-4dc5-9b03-290e082785d5,,,chapter,184,0,0,2026-03-07 13:46:47.215,2026-03-07 13:46:47.215,,,false,
d4e9ffa8-b950-4514-b382-dc461c491b38,fd6ac307-0703-4168-8e6b-755812f44bae,,,chapter,155,0,0,2026-03-07 12:51:27.638,2026-03-07 12:51:27.638,,,false,
d4ed60fe-bfc1-4b8b-9da2-b68941c8d4fb,fd6ac307-0703-4168-8e6b-755812f44bae,,,chapter,21,0,0,2026-03-07 13:58:35.639,2026-03-07 13:58:35.639,,,false,
d506654e-d1b1-4aff-9e32-0040317dc6b7,5fc9a5b6-e624-46f0-a9bc-df01537b4907,,,chapter,7,0,0,2026-03-07 14:55:01.597,2026-03-07 14:55:01.597,,,false,
d52e5812-bc91-4228-b107-1b623d034885,a765dc53-3f13-4f00-a19b-aa2cb581c9dd,6eef4131-c168-4f89-a4a9-b2ddde5c4ab8,,chapter,99,0,0,2026-03-07 15:28:10.848,2026-03-07 15:28:10.848,,,false,
d52ef102-d170-4d3b-a7bd-06c8e47a24af,50a5c422-6a50-4eb6-b173-111ffffc3d41,,,chapter,76,0,0,2026-03-07 16:07:34.849,2026-03-07 16:07:34.849,,,false,
d538eb16-fe87-4762-9686-99e7372754bd,fd6ac307-0703-4168-8e6b-755812f44bae,,,chapter,353,0,0,2026-03-07 15:25:58.67,2026-03-07 15:25:58.67,,,false,
d546de64-11b3-47e6-802f-a894dabaf952,a765dc53-3f13-4f00-a19b-aa2cb581c9dd,125e398e-2559-43d7-bd43-9855cc3af7ea,,chapter,133,0,0,2026-03-07 13:53:28.805,2026-03-07 13:53:28.805,,,false,
d55e22d4-44ea-481e-ae19-59f71259391b,50a5c422-6a50-4eb6-b173-111ffffc3d41,,,chapter,138,0,0,2026-03-07 12:42:17.404,2026-03-07 12:42:17.404,,,false,
d55fca6e-5c4d-4fbf-ac71-4c32bf8a5b29,a765dc53-3f13-4f00-a19b-aa2cb581c9dd,125e398e-2559-43d7-bd43-9855cc3af7ea,,chapter,207,0,0,2026-03-07 14:52:40.817,2026-03-07 14:52:40.817,,,false,
d57b5b0f-0c0a-4b1c-837e-717bcb1715ed,fd6ac307-0703-4168-8e6b-755812f44bae,,,chapter,287,0,0,2026-03-07 14:45:06.357,2026-03-07 14:45:06.357,,,false,
d582f338-5262-49fa-8b28-8c0d32f7e63f,fd6ac307-0703-4168-8e6b-755812f44bae,,,chapter,174,0,0,2026-03-07 13:24:46.911,2026-03-07 13:24:46.911,,,false,
d5bf4342-c51f-4f6a-879e-81a757de62b9,50a5c422-6a50-4eb6-b173-111ffffc3d41,,,chapter,114,0,0,2026-03-07 12:26:08.571,2026-03-07 12:26:08.571,,,false,
d5d60899-ef75-4aa8-af1f-71599e36802f,a765dc53-3f13-4f00-a19b-aa2cb581c9dd,6eef4131-c168-4f89-a4a9-b2ddde5c4ab8,,chapter,82,0,0,2026-03-07 15:20:56.613,2026-03-07 15:20:56.613,,,false,
d5da9ebf-72c0-4896-b96c-3f2421ad8340,a124c29b-236a-4dc5-9b03-290e082785d5,,,chapter,67,0,0,2026-03-07 15:07:05.309,2026-03-07 15:07:05.309,,,false,
d5f66928-bf8b-4a99-bfc4-86c4937aa4bc,50a5c422-6a50-4eb6-b173-111ffffc3d41,,,chapter,499,0,0,2026-03-07 16:03:31.779,2026-03-07 16:03:31.779,,,false,
d60429fc-be9d-4baa-81f5-467b08d640f3,50a5c422-6a50-4eb6-b173-111ffffc3d41,,,chapter,92,0,0,2026-03-07 16:08:55.172,2026-03-07 16:08:55.172,,,false,
d6137612-d405-4824-ac84-bfd4a445c207,50a5c422-6a50-4eb6-b173-111ffffc3d41,,,chapter,362,0,0,2026-03-07 15:40:51.111,2026-03-07 15:40:51.111,,,false,
d623e415-47a2-47af-b3d0-9e8e954f4fe6,a765dc53-3f13-4f00-a19b-aa2cb581c9dd,125e398e-2559-43d7-bd43-9855cc3af7ea,,chapter,222,0,0,2026-03-07 15:02:52.294,2026-03-07 15:02:52.294,,,false,
d6261f59-c32d-4233-82cc-c1a3e6e892e5,fd6ac307-0703-4168-8e6b-755812f44bae,,,chapter,126,0,0,2026-03-07 12:19:00.174,2026-03-07 12:19:00.174,,,false,
d63a59c9-17d3-4488-9f56-7bcad43533f5,50a5c422-6a50-4eb6-b173-111ffffc3d41,,,chapter,215,0,0,2026-03-07 14:16:40.572,2026-03-07 14:16:40.572,,,false,
d653dc76-3afb-4bba-a23b-38eae5ef078b,9be38f57-61b3-48fb-b053-984d2a423bd8,,,chapter,123,0,0,2026-03-07 12:28:09.829,2026-03-07 12:28:09.829,,,false,
d65ef2f6-c164-4704-8cde-c7b47dc45838,50a5c422-6a50-4eb6-b173-111ffffc3d41,,,chapter,365,0,0,2026-03-07 15:41:03.849,2026-03-07 15:41:03.849,,,false,
d66d9a6f-419c-40f1-892a-7f5facc88782,50a5c422-6a50-4eb6-b173-111ffffc3d41,,,chapter,395,0,0,2026-03-07 15:47:30.188,2026-03-07 15:47:30.188,,,false,
d66e330d-b13b-45eb-ac52-6eff58cfcf17,50a5c422-6a50-4eb6-b173-111ffffc3d41,,,chapter,315,0,0,2026-03-07 15:26:44.241,2026-03-07 15:26:44.241,,,false,
d678ca5b-661a-4c39-bbc8-eb5723e2b8a0,50a5c422-6a50-4eb6-b173-111ffffc3d41,,,chapter,502,0,0,2026-03-07 16:03:59.102,2026-03-07 16:03:59.102,,,false,
d67ed302-f64a-4826-82a2-cd134559e6d3,61aa237e-d5bd-4f55-b5fc-be9683abc2c8,,,chapter,72,0,0,2026-03-07 13:06:04.041,2026-03-07 13:06:04.041,,,false,
d68657b6-b6fa-4485-8740-9c8e4d67f35a,50a5c422-6a50-4eb6-b173-111ffffc3d41,,,chapter,480,0,0,2026-03-07 16:02:07.401,2026-03-07 16:02:07.401,,,false,
d690d6fb-d0e8-440e-b946-57ffeca059d2,50a5c422-6a50-4eb6-b173-111ffffc3d41,,,chapter,234,0,0,2026-03-07 14:28:27.55,2026-03-07 14:28:27.55,,,false,
d6a7c86b-b731-4a4e-aa81-d4451f590aae,a765dc53-3f13-4f00-a19b-aa2cb581c9dd,6eef4131-c168-4f89-a4a9-b2ddde5c4ab8,,chapter,1,0,0,2026-03-07 13:16:08.028,2026-03-07 13:16:08.028,,,false,
d6d6098d-e585-4150-b2ab-19377f7c92e6,fb09a54a-d9fa-404d-986a-bf1ccb7d2287,,,chapter,189,0,0,2026-03-07 13:54:46.304,2026-03-07 13:54:46.304,,,false,
d6ec4f0d-eabc-4378-ac20-b5d12a0ef91a,9be38f57-61b3-48fb-b053-984d2a423bd8,,,chapter,116,0,0,2026-03-07 12:27:22.101,2026-03-07 12:27:22.101,,,false,
d6f63547-a729-4f34-bd2a-a93811a60ec1,90be6fb3-9dcb-4cd1-8b2b-695e44ccc453,,,chapter,205,0,0,2026-03-07 14:15:44.84,2026-03-07 14:15:44.84,,,false,
d6f9e429-0ac7-4a00-a21c-f60e7c78db6b,50a5c422-6a50-4eb6-b173-111ffffc3d41,,,chapter,64,0,0,2026-03-07 16:06:33.136,2026-03-07 16:06:33.136,,,false,
d6fce4e6-0142-45a6-a14b-71b6e16a1358,9a20020d-7bea-4fe6-8c9a-40712bf9e882,,,chapter,31,0,0,2026-03-07 12:53:10.743,2026-03-07 12:53:10.743,,,false,
d7056c80-fa34-4d24-8a91-4c95be03780b,61829d6d-8dc1-411e-a3f8-2c26cb5606e8,,,chapter,76,0,0,2026-03-07 14:22:52.253,2026-03-07 14:22:52.253,,,false,
d706b9c5-8797-478b-b3d8-d84f04038542,61829d6d-8dc1-411e-a3f8-2c26cb5606e8,,,chapter,89,0,0,2026-03-07 14:33:14.05,2026-03-07 14:33:14.05,,,false,
d7104f29-5ffa-4e43-ae28-221aad648d78,fd6ac307-0703-4168-8e6b-755812f44bae,,,chapter,394,0,0,2026-03-07 15:39:57.647,2026-03-07 15:39:57.647,,,false,
d74156d3-f57d-4541-98e6-50b8acd5d13d,fd6ac307-0703-4168-8e6b-755812f44bae,,,chapter,376,0,0,2026-03-07 15:35:38.731,2026-03-07 15:35:38.731,,,false,
d780c392-37d9-41d6-9814-d843f999709f,50a5c422-6a50-4eb6-b173-111ffffc3d41,,,chapter,269,0,0,2026-03-07 14:49:18.825,2026-03-07 14:49:18.825,,,false,
d796f945-dc8a-4177-ab3a-a1914cdf486f,d7ade2ee-4851-453d-95e7-3887ef041e80,,,chapter,68,0,0,2026-03-07 13:20:34.479,2026-03-07 13:20:34.479,,,false,
d7972622-3893-4fcc-ac1a-412f6014c7f8,50a5c422-6a50-4eb6-b173-111ffffc3d41,,,chapter,293,0,0,2026-03-07 15:11:02.532,2026-03-07 15:11:02.532,,,false,
d7a79617-da7e-4627-9418-dcefaff7471c,a765dc53-3f13-4f00-a19b-aa2cb581c9dd,125e398e-2559-43d7-bd43-9855cc3af7ea,,chapter,287,0,0,2026-03-07 15:38:28.584,2026-03-07 15:38:28.584,,,false,
d7aa30fb-b66c-4ffc-89b0-c55a19b22627,90be6fb3-9dcb-4cd1-8b2b-695e44ccc453,,,chapter,106.1,0,0,2026-03-07 12:24:28.008,2026-03-07 12:24:28.008,,,false,
d7ad95f9-19f8-45dc-9347-0ee249737a0b,a765dc53-3f13-4f00-a19b-aa2cb581c9dd,125e398e-2559-43d7-bd43-9855cc3af7ea,,chapter,166,0,0,2026-03-07 14:20:43.107,2026-03-07 14:20:43.107,,,false,
d7aff96f-612f-4c3a-bbae-4ebb22023991,a765dc53-3f13-4f00-a19b-aa2cb581c9dd,6eef4131-c168-4f89-a4a9-b2ddde5c4ab8,,chapter,70,0,0,2026-03-07 15:12:18.101,2026-03-07 15:12:18.101,,,false,
d7d1c94a-c3bd-40e5-8609-14f2ab8c1297,9a20020d-7bea-4fe6-8c9a-40712bf9e882,,,chapter,38,0,0,2026-03-07 12:53:33.754,2026-03-07 12:53:33.754,,,false,
d7f4179c-20cf-4de5-a995-6fb3488fce05,fd6ac307-0703-4168-8e6b-755812f44bae,,,chapter,64,0,0,2026-03-07 15:46:58.27,2026-03-07 15:46:58.27,,,false,
d7f68b43-7557-42c3-84e9-b1cb82c84429,50a5c422-6a50-4eb6-b173-111ffffc3d41,,,chapter,232,0,0,2026-03-07 14:28:22.91,2026-03-07 14:28:22.91,,,false,
d800aeff-dd44-4d34-9aaa-c5e3b745d77a,50a5c422-6a50-4eb6-b173-111ffffc3d41,,,chapter,7,0,0,2026-03-07 16:06:58.86,2026-03-07 16:06:58.86,,,false,
d80d60a3-6077-44ae-86f6-28d52b75ece3,5fc9a5b6-e624-46f0-a9bc-df01537b4907,,,chapter,139,0,0,2026-03-07 12:31:54.362,2026-03-07 12:31:54.362,,,false,
d823df27-0af9-40fd-aeb9-24c60d9dd780,fb09a54a-d9fa-404d-986a-bf1ccb7d2287,,,chapter,92,0,0,2026-03-07 15:38:45.257,2026-03-07 15:38:45.257,,,false,
d82de813-22d0-48d0-96f9-12f3c59bf2fb,61829d6d-8dc1-411e-a3f8-2c26cb5606e8,,,chapter,56,0,0,2026-03-07 14:10:01.048,2026-03-07 14:10:01.048,,,false,
d84535cd-986b-443a-a4c9-c6ce35705cfb,a765dc53-3f13-4f00-a19b-aa2cb581c9dd,6eef4131-c168-4f89-a4a9-b2ddde5c4ab8,,chapter,13,0,0,2026-03-07 13:51:55.084,2026-03-07 13:51:55.084,,,false,
d849726e-7fff-4d82-9361-c6058ceee54c,a765dc53-3f13-4f00-a19b-aa2cb581c9dd,6eef4131-c168-4f89-a4a9-b2ddde5c4ab8,,chapter,77,0,0,2026-03-07 15:12:46.843,2026-03-07 15:12:46.843,,,false,
d84ebe17-c45f-430a-bf27-0bc4c9c68edc,50a5c422-6a50-4eb6-b173-111ffffc3d41,,,chapter,446,0,0,2026-03-07 15:58:19.647,2026-03-07 15:58:19.647,,,false,
d87ad7e1-1d25-4988-bc52-577547074481,fd6ac307-0703-4168-8e6b-755812f44bae,,,chapter,119,0,0,2026-03-07 12:18:22.224,2026-03-07 12:18:22.224,,,false,
d880d9b5-9d0b-44fd-baa4-8a1cba15e335,50a5c422-6a50-4eb6-b173-111ffffc3d41,,,chapter,507,0,0,2026-03-07 16:04:27.415,2026-03-07 16:04:27.415,,,false,
d883b127-c935-4491-8267-2b3da725ed32,a765dc53-3f13-4f00-a19b-aa2cb581c9dd,125e398e-2559-43d7-bd43-9855cc3af7ea,,chapter,40,0,0,2026-03-07 15:49:04.455,2026-03-07 15:49:04.455,,,false,
d886d98f-5657-41eb-b864-030cc27a8740,fb09a54a-d9fa-404d-986a-bf1ccb7d2287,,,chapter,192,0,0,2026-03-07 13:54:50.969,2026-03-07 13:54:50.969,,,false,
d8bba8e7-9505-4c56-9cba-b2efce1362f3,a124c29b-236a-4dc5-9b03-290e082785d5,,,chapter,135,0,0,2026-03-07 12:54:53.214,2026-03-07 12:54:53.214,,,false,
d8e2a4e3-c202-43b2-a42c-ddc778f2b001,a124c29b-236a-4dc5-9b03-290e082785d5,,,chapter,29,0,0,2026-03-07 14:37:22.777,2026-03-07 14:37:22.777,,,false,
d8f661ca-de15-4dd2-8540-2188d3943b09,af8258f2-06f0-4bde-a687-0b55a69cb2c0,,,chapter,95,0,0,2026-03-07 13:44:15.428,2026-03-07 13:44:15.428,,,false,
d9361931-35d5-4f8e-9a77-ae1857f09796,9be38f57-61b3-48fb-b053-984d2a423bd8,,,chapter,103,0,0,2026-03-07 12:10:30.436,2026-03-07 12:10:30.436,,,false,
d94bc8f5-46c9-48ad-b065-2df317fd8a8a,50a5c422-6a50-4eb6-b173-111ffffc3d41,,,chapter,356,0,0,2026-03-07 15:37:26.845,2026-03-07 15:37:26.845,,,false,
d94dd4d1-8304-445d-9791-c62c6b1c81dc,a765dc53-3f13-4f00-a19b-aa2cb581c9dd,125e398e-2559-43d7-bd43-9855cc3af7ea,,chapter,12,0,0,2026-03-07 13:36:34.539,2026-03-07 13:36:34.539,,,false,
d95eee93-2dc0-436f-96fe-0bc5f86382e0,90be6fb3-9dcb-4cd1-8b2b-695e44ccc453,,,chapter,136,0,0,2026-03-07 12:56:16.587,2026-03-07 12:56:16.587,,,false,
d988bf1c-a014-4751-8874-d5d4f12d480f,fb09a54a-d9fa-404d-986a-bf1ccb7d2287,,,chapter,186,0,0,2026-03-07 13:54:41.027,2026-03-07 13:54:41.027,,,false,
d99418f0-04e5-4df1-a154-ce8a0ca1c14a,fd6ac307-0703-4168-8e6b-755812f44bae,,,chapter,325,0,0,2026-03-07 15:06:27.61,2026-03-07 15:06:27.61,,,false,
d9ccb6f6-063f-4d8d-8a8f-42bc318894fe,fd6ac307-0703-4168-8e6b-755812f44bae,,,chapter,1,0,0,2026-03-07 12:05:04.756,2026-03-07 12:05:04.756,,,false,
d9d70cde-1b3c-4d66-af79-f2f5d30b2718,fb09a54a-d9fa-404d-986a-bf1ccb7d2287,,,chapter,209,0,0,2026-03-07 14:09:42.2,2026-03-07 14:09:42.2,,,false,
d9ef0299-2eae-4799-87be-88ea66c7fb18,a765dc53-3f13-4f00-a19b-aa2cb581c9dd,6eef4131-c168-4f89-a4a9-b2ddde5c4ab8,,chapter,58,0,0,2026-03-07 15:01:31.847,2026-03-07 15:01:31.847,,,false,
d9f1ffca-e4c1-43f9-a25c-a9343c4482d3,61aa237e-d5bd-4f55-b5fc-be9683abc2c8,,,chapter,71,0,0,2026-03-07 13:05:53.551,2026-03-07 13:05:53.551,,,false,
da2e0121-f2dc-415f-bc36-a48aa7e49091,a765dc53-3f13-4f00-a19b-aa2cb581c9dd,6eef4131-c168-4f89-a4a9-b2ddde5c4ab8,,chapter,46,0,0,2026-03-07 14:51:14.891,2026-03-07 14:51:14.891,,,false,
da35e69c-5979-4cfe-9a49-0b59ce050d6e,d7ade2ee-4851-453d-95e7-3887ef041e80,,,chapter,31,0,0,2026-03-07 12:45:33.18,2026-03-07 12:45:33.18,,,false,
da3e7055-dc78-4d7a-acb7-f61c0f9e5e87,61829d6d-8dc1-411e-a3f8-2c26cb5606e8,,,chapter,64,0,0,2026-03-07 14:10:33.741,2026-03-07 14:10:33.741,,,false,
da65b168-ba5f-4d80-854b-45f428388266,50a5c422-6a50-4eb6-b173-111ffffc3d41,,,chapter,74,0,0,2026-03-07 16:07:25.998,2026-03-07 16:07:25.998,,,false,
da66ecb0-0f52-415d-a825-867e95899f35,50a5c422-6a50-4eb6-b173-111ffffc3d41,,,chapter,65,0,0,2026-03-07 16:06:37.438,2026-03-07 16:06:37.438,,,false,
da6e8a91-a778-4355-9a78-d633298845dd,50a5c422-6a50-4eb6-b173-111ffffc3d41,,,chapter,428,0,0,2026-03-07 15:54:28.07,2026-03-07 15:54:28.07,,,false,
da813eb8-8884-4bc4-9aa0-cc2ddb664d4b,50a5c422-6a50-4eb6-b173-111ffffc3d41,,,chapter,80,0,0,2026-03-07 16:07:57.028,2026-03-07 16:07:57.028,,,false,
da8c80ee-5667-4755-9e79-fa289293bda5,a765dc53-3f13-4f00-a19b-aa2cb581c9dd,125e398e-2559-43d7-bd43-9855cc3af7ea,,chapter,104,0,0,2026-03-07 13:17:49.462,2026-03-07 13:17:49.462,,,false,
da92c9e9-336c-4708-b145-9d49575cb82e,9be38f57-61b3-48fb-b053-984d2a423bd8,,,chapter,104,0,0,2026-03-07 12:10:35.162,2026-03-07 12:10:35.162,,,false,
da9e2e89-fe8a-4106-b988-afb60faf3768,61aa237e-d5bd-4f55-b5fc-be9683abc2c8,,,chapter,102,0,0,2026-03-07 12:04:09.056,2026-03-07 12:04:09.056,,,false,
dacad75a-7c03-4ca3-a37d-075f1e123978,af8258f2-06f0-4bde-a687-0b55a69cb2c0,,,chapter,50,0,0,2026-03-07 12:36:08.009,2026-03-07 12:36:08.009,,,false,
db10ab4b-af54-4584-a2da-3d9c7de4d118,a765dc53-3f13-4f00-a19b-aa2cb581c9dd,6eef4131-c168-4f89-a4a9-b2ddde5c4ab8,,chapter,125,0,0,2026-03-07 13:35:37.445,2026-03-07 13:35:37.445,,,false,
db317362-34cf-4610-a23d-cfd33538dbb3,50a5c422-6a50-4eb6-b173-111ffffc3d41,,,chapter,254,0,0,2026-03-07 14:40:02.613,2026-03-07 14:40:02.613,,,false,
db3d512b-23e4-4e47-95c1-125d3740ea87,d7ade2ee-4851-453d-95e7-3887ef041e80,,,chapter,5,0,0,2026-03-07 13:02:35.179,2026-03-07 13:02:35.179,,,false,
db440c02-8306-4bc1-838b-10760b3c418e,50a5c422-6a50-4eb6-b173-111ffffc3d41,,,chapter,14,0,0,2026-03-07 12:42:38.623,2026-03-07 12:42:38.623,,,false,
db44370d-55ca-43e2-860a-22dbf71ea9f9,a124c29b-236a-4dc5-9b03-290e082785d5,,,chapter,201,0,0,2026-03-07 14:14:18.781,2026-03-07 14:14:18.781,,,false,
db84c17c-90d2-495c-a77a-1d2bf3a6ce4b,fd6ac307-0703-4168-8e6b-755812f44bae,,,chapter,299,0,0,2026-03-07 14:46:15.119,2026-03-07 14:46:15.119,,,false,
db87845d-e475-4871-a8ce-0edeaf8f8380,a765dc53-3f13-4f00-a19b-aa2cb581c9dd,6eef4131-c168-4f89-a4a9-b2ddde5c4ab8,,chapter,84,0,0,2026-03-07 15:21:47.725,2026-03-07 15:21:47.725,,,false,
dba8921a-8c23-4601-b71a-40bd485037e7,90be6fb3-9dcb-4cd1-8b2b-695e44ccc453,,,chapter,24,0,0,2026-03-07 14:16:05.233,2026-03-07 14:16:05.233,,,false,
dbc1af71-4bf2-48c0-9801-55a59fe91188,a765dc53-3f13-4f00-a19b-aa2cb581c9dd,125e398e-2559-43d7-bd43-9855cc3af7ea,,chapter,193,0,0,2026-03-07 14:42:01.977,2026-03-07 14:42:01.977,,,false,
dbd75d25-6fcd-4081-86b0-cc4c643bcf79,a765dc53-3f13-4f00-a19b-aa2cb581c9dd,125e398e-2559-43d7-bd43-9855cc3af7ea,,chapter,28,0,0,2026-03-07 15:37:53.806,2026-03-07 15:37:53.806,,,false,
dc0ec21a-c35e-4e81-a39f-bd4b737f0dd5,50a5c422-6a50-4eb6-b173-111ffffc3d41,,,chapter,186,0,0,2026-03-07 13:49:30.282,2026-03-07 13:49:30.282,,,false,
dc1756a6-da53-4b36-8dd1-46f619cd2181,90be6fb3-9dcb-4cd1-8b2b-695e44ccc453,,,chapter,145,0,0,2026-03-07 13:11:33.905,2026-03-07 13:11:33.905,,,false,
dc317d46-18c0-478b-833a-694823bd330d,fd6ac307-0703-4168-8e6b-755812f44bae,,,chapter,118,0,0,2026-03-07 12:18:40.974,2026-03-07 12:18:40.974,,,false,
dc362afb-77e6-4d18-98c7-2dd8fb2b1a6e,a765dc53-3f13-4f00-a19b-aa2cb581c9dd,125e398e-2559-43d7-bd43-9855cc3af7ea,,chapter,47,0,0,2026-03-07 15:51:42.822,2026-03-07 15:51:42.822,,,false,
dc3d97a0-b847-4c32-b957-7c4e25b30c26,9a20020d-7bea-4fe6-8c9a-40712bf9e882,,,chapter,83,0,0,2026-03-07 13:45:21.401,2026-03-07 13:45:21.401,,,false,
dc4bce48-ecf6-432e-974a-372da6c8041a,50a5c422-6a50-4eb6-b173-111ffffc3d41,,,chapter,82,0,0,2026-03-07 16:08:05.81,2026-03-07 16:08:05.81,,,false,
dc5eb977-9ff5-4cb6-8956-a7e28700b353,50a5c422-6a50-4eb6-b173-111ffffc3d41,,,chapter,126,0,0,2026-03-07 12:27:08.532,2026-03-07 12:27:08.532,,,false,
dc73f1e9-a571-491c-95b9-8d460e6d2d36,fd6ac307-0703-4168-8e6b-755812f44bae,,,chapter,48,0,0,2026-03-07 15:43:31.69,2026-03-07 15:43:31.69,,,false,
dc7ecc71-4f9d-4d62-8db0-5e3de1800cc1,a124c29b-236a-4dc5-9b03-290e082785d5,,,chapter,101,0,0,2026-03-07 12:22:44.268,2026-03-07 12:22:44.268,,,false,
dc832162-47ef-4c78-9cef-cf0dff440158,86ecbec7-1381-43fa-9f0b-701e37d40083,,,chapter,88,0,0,2026-03-07 14:03:28.015,2026-03-07 14:03:28.015,,,false,
dc95b0de-f0cb-4c1d-b25a-c85308883f8d,90be6fb3-9dcb-4cd1-8b2b-695e44ccc453,,,chapter,66,0,0,2026-03-07 14:58:05.07,2026-03-07 14:58:05.07,,,false,
dc96792c-f96e-4dfa-993a-f9a2a2785220,61aa237e-d5bd-4f55-b5fc-be9683abc2c8,,,chapter,92,0,0,2026-03-07 13:42:07.115,2026-03-07 13:42:07.115,,,false,
dc9aa214-d6fa-48aa-85d7-53c3bdb29a1b,50a5c422-6a50-4eb6-b173-111ffffc3d41,,,chapter,8,0,0,2026-03-07 16:07:52.451,2026-03-07 16:07:52.451,,,false,
dca7fa3e-8da5-4ffa-98f2-3991205a8f66,50a5c422-6a50-4eb6-b173-111ffffc3d41,,,chapter,515,0,0,2026-03-07 16:04:59.315,2026-03-07 16:04:59.315,,,false,
dcabf694-385b-447d-99ee-85c7249d8bda,90be6fb3-9dcb-4cd1-8b2b-695e44ccc453,,,chapter,84,0,0,2026-03-07 15:09:40.982,2026-03-07 15:09:40.982,,,false,
dcb54687-e7e5-4d49-bb96-cfedd571584c,90be6fb3-9dcb-4cd1-8b2b-695e44ccc453,,,chapter,16,0,0,2026-03-07 13:30:24.353,2026-03-07 13:30:24.353,,,false,
dcc80c12-da40-4c34-9f98-62a241f18f29,50a5c422-6a50-4eb6-b173-111ffffc3d41,,,chapter,157,0,0,2026-03-07 13:13:47.987,2026-03-07 13:13:47.987,,,false,
dcd927d9-b653-4eff-84de-79cc4adb5159,a765dc53-3f13-4f00-a19b-aa2cb581c9dd,125e398e-2559-43d7-bd43-9855cc3af7ea,,chapter,73,0,0,2026-03-07 15:57:23.018,2026-03-07 15:57:23.018,,,false,
dd05390c-0b07-4e15-8afa-f77d2655a1a9,fd6ac307-0703-4168-8e6b-755812f44bae,,,chapter,30,0,0,2026-03-07 14:55:37.215,2026-03-07 14:55:37.215,,,false,
dd231897-6443-4908-9b49-e049d59167bb,a765dc53-3f13-4f00-a19b-aa2cb581c9dd,125e398e-2559-43d7-bd43-9855cc3af7ea,,chapter,131,0,0,2026-03-07 13:53:19.297,2026-03-07 13:53:19.297,,,false,
dd2a430a-78cb-478f-b13e-013d5f791db6,fd6ac307-0703-4168-8e6b-755812f44bae,,,chapter,23,0,0,2026-03-07 13:59:14.26,2026-03-07 13:59:14.26,,,false,
dd5198d4-adbd-4367-bced-0522f9fe2180,90be6fb3-9dcb-4cd1-8b2b-695e44ccc453,,,chapter,20,0,0,2026-03-07 14:14:49.675,2026-03-07 14:14:49.675,,,false,
dd6819a0-6419-49b2-bbcb-4eedd67d21cc,a765dc53-3f13-4f00-a19b-aa2cb581c9dd,125e398e-2559-43d7-bd43-9855cc3af7ea,,chapter,224,0,0,2026-03-07 15:03:18.58,2026-03-07 15:03:18.58,,,false,
dd7667ec-726b-4639-9c80-76c0b6b5de8e,a765dc53-3f13-4f00-a19b-aa2cb581c9dd,6eef4131-c168-4f89-a4a9-b2ddde5c4ab8,,chapter,20,0,0,2026-03-07 14:29:51.377,2026-03-07 14:29:51.377,,,false,
dd789011-f1d9-4be1-a17c-91b976ed4193,a765dc53-3f13-4f00-a19b-aa2cb581c9dd,6eef4131-c168-4f89-a4a9-b2ddde5c4ab8,,chapter,170,0,0,2026-03-07 14:19:37.182,2026-03-07 14:19:37.182,,,false,
dd7d2ae7-55ca-46f7-aa4d-b2c2585ef283,50a5c422-6a50-4eb6-b173-111ffffc3d41,,,chapter,9,0,0,2026-03-07 16:08:37.742,2026-03-07 16:08:37.742,,,false,
dd907f4f-66b5-4aa0-a509-d12989209b79,90be6fb3-9dcb-4cd1-8b2b-695e44ccc453,,,chapter,87,0,0,2026-03-07 15:10:14.384,2026-03-07 15:10:14.384,,,false,
dd92d87f-72c0-4e4c-af2c-f5bb2723b46e,b8e789e4-f33e-406b-9e1b-6639267faf7b,,,chapter,0,0,0,2026-03-07 12:02:51.841,2026-03-07 12:02:51.841,,,false,
ddb1b079-14e2-4cd3-a0d0-dc7c4800fee7,9a20020d-7bea-4fe6-8c9a-40712bf9e882,,,chapter,42,0,0,2026-03-07 12:53:47.461,2026-03-07 12:53:47.461,,,false,
dddf0375-b186-4aa0-86d8-32441db9a8d8,fb09a54a-d9fa-404d-986a-bf1ccb7d2287,,,chapter,52,0,0,2026-03-07 15:23:08.149,2026-03-07 15:23:08.149,,,false,
de153daf-920e-4848-9031-f2619a6ff296,a124c29b-236a-4dc5-9b03-290e082785d5,,,chapter,164,0,0,2026-03-07 13:29:13.49,2026-03-07 13:29:13.49,,,false,
de258ab3-32b1-4ae9-82c9-0f6fa325d134,a124c29b-236a-4dc5-9b03-290e082785d5,,,chapter,93,0,0,2026-03-07 15:26:14.841,2026-03-07 15:26:14.841,,,false,
de4e0433-e921-4c73-980b-cfc9d7737062,50a5c422-6a50-4eb6-b173-111ffffc3d41,,,chapter,380,0,0,2026-03-07 15:44:53.594,2026-03-07 15:44:53.594,,,false,
de825e00-d43d-4e30-8e9a-58e641cd7cf8,50a5c422-6a50-4eb6-b173-111ffffc3d41,,,chapter,354,0,0,2026-03-07 15:37:14.391,2026-03-07 15:37:14.391,,,false,
de875e42-8011-44a0-b2f8-fa9edc65214d,50a5c422-6a50-4eb6-b173-111ffffc3d41,,,chapter,220,0,0,2026-03-07 14:16:53.498,2026-03-07 14:16:53.498,,,false,
de8def1c-1bc3-49dc-a503-2b5c0aba0f4d,90be6fb3-9dcb-4cd1-8b2b-695e44ccc453,,,chapter,10,0,0,2026-03-07 12:23:52.538,2026-03-07 12:23:52.538,,,false,
deb77f31-c70c-4a0a-bac7-5e3a2160ebf8,5fc9a5b6-e624-46f0-a9bc-df01537b4907,,,chapter,186,0,0,2026-03-07 13:40:40.22,2026-03-07 13:40:40.22,,,false,
debc8924-66db-41ed-857b-10298d02790c,af8258f2-06f0-4bde-a687-0b55a69cb2c0,,,chapter,36,0,0,2026-03-07 12:21:18.045,2026-03-07 12:21:18.045,,,false,
ded928f0-0ca5-4c3a-b286-6102fa73e440,fd6ac307-0703-4168-8e6b-755812f44bae,,,chapter,380,0,0,2026-03-07 15:36:04.985,2026-03-07 15:36:04.985,,,false,
dee321e1-5e5d-4bb6-bb27-8e2faafbb3bd,fb09a54a-d9fa-404d-986a-bf1ccb7d2287,,,chapter,175,0,0,2026-03-07 13:37:28.575,2026-03-07 13:37:28.575,,,false,
dee89314-064f-49ef-b8a2-1cf058adddc7,af8258f2-06f0-4bde-a687-0b55a69cb2c0,,,chapter,54,0,0,2026-03-07 12:51:36.416,2026-03-07 12:51:36.416,,,false,
dee895a7-8aad-42d3-a064-b38e8faad9e5,90be6fb3-9dcb-4cd1-8b2b-695e44ccc453,,,chapter,143,0,0,2026-03-07 13:11:41.804,2026-03-07 13:11:41.804,,,false,
df457053-9669-4c81-8ad8-c0a9538ba352,50a5c422-6a50-4eb6-b173-111ffffc3d41,,,chapter,470,0,0,2026-03-07 16:01:26.437,2026-03-07 16:01:26.437,,,false,
df4d63cf-c9bb-43a1-8431-a0604605ec72,90be6fb3-9dcb-4cd1-8b2b-695e44ccc453,,,chapter,117,0,0,2026-03-07 12:39:30.362,2026-03-07 12:39:30.362,,,false,
df6455d6-8d21-498c-b119-0eeafe85b28e,61aa237e-d5bd-4f55-b5fc-be9683abc2c8,,,chapter,50,0,0,2026-03-07 12:49:10.501,2026-03-07 12:49:10.501,,,false,
df7892f5-94cc-4f4d-a8a6-215eb58efb93,a765dc53-3f13-4f00-a19b-aa2cb581c9dd,125e398e-2559-43d7-bd43-9855cc3af7ea,,chapter,315,0,0,2026-03-07 15:45:53.208,2026-03-07 15:45:53.208,,,false,
df82d243-73d5-43b5-8244-dff69f4620a8,50a5c422-6a50-4eb6-b173-111ffffc3d41,,,chapter,381,0,0,2026-03-07 15:44:21.447,2026-03-07 15:44:21.447,,,false,
dfafcf77-b203-47ac-a717-b5c388a44f19,fd6ac307-0703-4168-8e6b-755812f44bae,,,chapter,277,0,0,2026-03-07 14:36:17.049,2026-03-07 14:36:17.049,,,false,
dfc55a22-7231-496f-b273-8fd882e41dd9,61829d6d-8dc1-411e-a3f8-2c26cb5606e8,,,chapter,75,0,0,2026-03-07 14:22:42.975,2026-03-07 14:22:42.975,,,false,
dfd3a369-d8f0-44d0-8b3c-45faaa26bb61,af8258f2-06f0-4bde-a687-0b55a69cb2c0,,,chapter,87,0,0,2026-03-07 13:26:22.237,2026-03-07 13:26:22.237,,,false,
dfd65e6f-fdbc-4aa0-97d0-c06ff9e8fdb9,a765dc53-3f13-4f00-a19b-aa2cb581c9dd,125e398e-2559-43d7-bd43-9855cc3af7ea,,chapter,230,0,0,2026-03-07 15:13:22.058,2026-03-07 15:13:22.058,,,false,
dfe20b9d-9aa6-43e5-849e-cbc75caed2ab,90be6fb3-9dcb-4cd1-8b2b-695e44ccc453,,,chapter,19,0,0,2026-03-07 14:02:08.09,2026-03-07 14:02:08.09,,,false,
dff09be4-f232-439b-b53e-b375fae281c7,5fc9a5b6-e624-46f0-a9bc-df01537b4907,,,chapter,49,0,0,2026-03-07 14:43:58.786,2026-03-07 14:43:58.786,,,false,
dff1ce3d-d65d-4387-b368-5a8e63a26b6b,b8e789e4-f33e-406b-9e1b-6639267faf7b,,,chapter,4,0,0,2026-03-07 12:02:47.264,2026-03-07 12:02:47.264,,,false,
dff6a471-3756-4b7e-90ba-0b39cade5fb8,86ecbec7-1381-43fa-9f0b-701e37d40083,,,chapter,18,0,0,2026-03-07 12:40:57.559,2026-03-07 12:40:57.559,,,false,
dff90cb4-845b-45f5-91d8-cd5668abec2c,5fc9a5b6-e624-46f0-a9bc-df01537b4907,,,chapter,130,0,0,2026-03-07 12:31:14.964,2026-03-07 12:31:14.964,,,false,
e0002489-563e-4c74-9db6-452e3f39b7d8,d7ade2ee-4851-453d-95e7-3887ef041e80,,,chapter,18,0,0,2026-03-07 12:13:53.871,2026-03-07 12:13:53.871,,,false,
e0256d51-e14b-45c8-a304-675cf4d141b4,a124c29b-236a-4dc5-9b03-290e082785d5,,,chapter,75,0,0,2026-03-07 15:08:53.029,2026-03-07 15:08:53.029,,,false,
e040eabd-4b2d-4411-b43f-a0939bfb3e37,50a5c422-6a50-4eb6-b173-111ffffc3d41,,,chapter,284,0,0,2026-03-07 15:00:15.485,2026-03-07 15:00:15.485,,,false,
e0676982-6782-4874-ba94-d1481d771ac9,9a20020d-7bea-4fe6-8c9a-40712bf9e882,,,chapter,62,0,0,2026-03-07 13:27:31.151,2026-03-07 13:27:31.151,,,false,
e06b67ba-3731-4c42-8c44-6eb412326940,fd6ac307-0703-4168-8e6b-755812f44bae,,,chapter,380.5,0,0,2026-03-07 15:36:08.916,2026-03-07 15:36:08.916,,,false,
e0a5bc23-061e-42e4-8dc3-fb7e6828b970,a124c29b-236a-4dc5-9b03-290e082785d5,,,chapter,172,0,0,2026-03-07 13:46:03.228,2026-03-07 13:46:03.228,,,false,
e0cf6c3b-c567-4d63-a160-915808b6e29b,50a5c422-6a50-4eb6-b173-111ffffc3d41,,,chapter,447,0,0,2026-03-07 15:58:23.645,2026-03-07 15:58:23.645,,,false,
e0d06e42-6bdb-4b75-af95-f3deb7e97d1d,9a20020d-7bea-4fe6-8c9a-40712bf9e882,,,chapter,45,0,0,2026-03-07 13:09:06.98,2026-03-07 13:09:06.98,,,false,
e0d84264-99bf-4188-86f0-cfaf903032ff,fd6ac307-0703-4168-8e6b-755812f44bae,,,chapter,127,0,0,2026-03-07 12:19:10.144,2026-03-07 12:19:10.144,,,false,
e0dd32dd-aec5-4831-ad4d-54bb100028e6,61829d6d-8dc1-411e-a3f8-2c26cb5606e8,,,chapter,160,0,0,2026-03-07 13:20:51.752,2026-03-07 13:20:51.752,,,false,
e0ecf02b-575c-46ab-9904-08fd882cdc9a,a765dc53-3f13-4f00-a19b-aa2cb581c9dd,125e398e-2559-43d7-bd43-9855cc3af7ea,,chapter,82,0,0,2026-03-07 15:58:11.767,2026-03-07 15:58:11.767,,,false,
e0f63c17-92f7-4b0f-8922-88ba045bd29e,5fc9a5b6-e624-46f0-a9bc-df01537b4907,,,chapter,135,0,0,2026-03-07 12:31:38.198,2026-03-07 12:31:38.198,,,false,
e0f97d87-76a4-4932-a49b-3cb3992e834a,90be6fb3-9dcb-4cd1-8b2b-695e44ccc453,,,chapter,2,1,0,2026-03-07 14:14:59.449,2026-03-07 14:14:59.449,,,false,
e1002bdc-fbca-4fd8-a4b3-41fee31e56c2,fb09a54a-d9fa-404d-986a-bf1ccb7d2287,,,chapter,95,0,0,2026-03-07 15:38:49.701,2026-03-07 15:38:49.701,,,false,
e10c257d-f31c-491b-9753-44809392ddcd,a765dc53-3f13-4f00-a19b-aa2cb581c9dd,125e398e-2559-43d7-bd43-9855cc3af7ea,,chapter,38,0,0,2026-03-07 15:48:53.62,2026-03-07 15:48:53.62,,,false,
e11cbe20-7200-47df-bd87-3d8f5d5709ab,90be6fb3-9dcb-4cd1-8b2b-695e44ccc453,,,chapter,201,0,0,2026-03-07 14:15:29.161,2026-03-07 14:15:29.161,,,false,
e11d15db-4115-4a78-abb2-a6951260a148,fb09a54a-d9fa-404d-986a-bf1ccb7d2287,,,chapter,248,0,0,2026-03-07 14:42:59.426,2026-03-07 14:42:59.426,,,false,
e14eab48-7ff3-4267-9950-b5677450eb7c,fd6ac307-0703-4168-8e6b-755812f44bae,,,chapter,103,0,0,2026-03-07 12:05:28.678,2026-03-07 12:05:28.678,,,false,
e155f360-6f74-4207-92f0-b12710534d17,fd6ac307-0703-4168-8e6b-755812f44bae,,,chapter,59,0,0,2026-03-07 15:46:33.592,2026-03-07 15:46:33.592,,,false,
e163a6b3-e6e8-4a3f-aa28-3b824a3fec6b,90be6fb3-9dcb-4cd1-8b2b-695e44ccc453,,,chapter,83,0,0,2026-03-07 15:09:45.682,2026-03-07 15:09:45.682,,,false,
e17840b5-1fc4-4d80-a61d-0dd9fe616d0d,a765dc53-3f13-4f00-a19b-aa2cb581c9dd,125e398e-2559-43d7-bd43-9855cc3af7ea,,chapter,94,0,0,2026-03-07 16:00:11.43,2026-03-07 16:00:11.43,,,false,
e1791f99-cecb-441d-a09f-1547181333d4,a124c29b-236a-4dc5-9b03-290e082785d5,,,chapter,158,0,0,2026-03-07 13:28:54.314,2026-03-07 13:28:54.314,,,false,
e17954bc-78de-4ade-befa-80a5f2e7501c,fd6ac307-0703-4168-8e6b-755812f44bae,,,chapter,153,0,0,2026-03-07 12:51:14.958,2026-03-07 12:51:14.958,,,false,
e189a50b-0f84-4b61-99d2-578aa55640e8,fb09a54a-d9fa-404d-986a-bf1ccb7d2287,,,chapter,178,0,0,2026-03-07 13:37:41.31,2026-03-07 13:37:41.31,,,false,
e18fa476-e56f-4f0b-b077-efa9eb4dc81d,5fc9a5b6-e624-46f0-a9bc-df01537b4907,,,chapter,136,0,0,2026-03-07 12:31:42.017,2026-03-07 12:31:42.017,,,false,
e191c708-2d45-48de-9362-ae44f8190bf0,5fc9a5b6-e624-46f0-a9bc-df01537b4907,,,chapter,68,0,0,2026-03-07 14:54:52.773,2026-03-07 14:54:52.773,,,false,
e1b37b40-09d9-4c79-b37b-04a146803686,61aa237e-d5bd-4f55-b5fc-be9683abc2c8,,,chapter,10,0,0,2026-03-07 12:03:40.835,2026-03-07 12:03:40.835,,,false,
e1c128d7-ca32-434c-90ae-0c9a7397d777,5fc9a5b6-e624-46f0-a9bc-df01537b4907,,,chapter,106,0,0,2026-03-07 12:02:11.278,2026-03-07 12:02:11.278,,,false,
e1ced235-bac0-447d-a163-a5fd5f2f922d,d7ade2ee-4851-453d-95e7-3887ef041e80,,,chapter,9,0,0,2026-03-07 13:39:14.768,2026-03-07 13:39:14.768,,,false,
e1ea794d-b246-4f8b-9378-84b4c351e065,5fc9a5b6-e624-46f0-a9bc-df01537b4907,,,chapter,10,0,0,2026-03-07 12:01:40.959,2026-03-07 12:01:40.959,,,false,
e1f02bcd-7efc-4b56-b099-1bbfae4cca15,fd6ac307-0703-4168-8e6b-755812f44bae,,,chapter,389,0,0,2026-03-07 15:39:30.717,2026-03-07 15:39:30.717,,,false,
e1f1fc58-e52c-417a-b755-1c4eb6f379c1,fb09a54a-d9fa-404d-986a-bf1ccb7d2287,,,chapter,216,0,0,2026-03-07 14:21:54.102,2026-03-07 14:21:54.102,,,false,
e1f86850-2fd2-4e74-aa4c-ab319bcd0f5c,af8258f2-06f0-4bde-a687-0b55a69cb2c0,,,chapter,77,0,0,2026-03-07 13:08:57.448,2026-03-07 13:08:57.448,,,false,
e20ffc6f-d3da-4bd7-9e24-8f8ba9a5cac7,a124c29b-236a-4dc5-9b03-290e082785d5,,,chapter,97,0,0,2026-03-07 15:26:35.065,2026-03-07 15:26:35.065,,,false,
e255c01f-92d0-465f-9a10-7ae351b31d17,5fc9a5b6-e624-46f0-a9bc-df01537b4907,,,chapter,172,0,0,2026-03-07 13:21:55.289,2026-03-07 13:21:55.289,,,false,
e26cd81f-43ba-448e-8cc3-f9d816a6fb57,5fc9a5b6-e624-46f0-a9bc-df01537b4907,,,chapter,13,0,0,2026-03-07 12:31:10.13,2026-03-07 12:31:10.13,,,false,
e282dfc0-cd5d-495e-8d11-ed46693fe8a1,d7ade2ee-4851-453d-95e7-3887ef041e80,,,chapter,40,0,0,2026-03-07 13:01:36.512,2026-03-07 13:01:36.512,,,false,
e2867d1c-f927-4aa6-9efa-ca2849127b05,a765dc53-3f13-4f00-a19b-aa2cb581c9dd,125e398e-2559-43d7-bd43-9855cc3af7ea,,chapter,160,0,0,2026-03-07 14:20:07.747,2026-03-07 14:20:07.747,,,false,
e297c81b-6af9-4cb8-8b34-f1962fae7114,50a5c422-6a50-4eb6-b173-111ffffc3d41,,,chapter,461,0,0,2026-03-07 16:00:36.221,2026-03-07 16:00:36.221,,,false,
e2e2d04b-2a86-4947-aecd-92804e76bc25,90be6fb3-9dcb-4cd1-8b2b-695e44ccc453,,,chapter,98,0,0,2026-03-07 15:19:23.733,2026-03-07 15:19:23.733,,,false,
e2e3a52e-1b34-47c2-b224-3ee3c2507138,50a5c422-6a50-4eb6-b173-111ffffc3d41,,,chapter,460,0,0,2026-03-07 16:00:32.292,2026-03-07 16:00:32.292,,,false,
e3142f1d-672d-4fd7-82d7-aa0a7ec64a39,fb09a54a-d9fa-404d-986a-bf1ccb7d2287,,,chapter,217,0,0,2026-03-07 14:21:20.608,2026-03-07 14:21:20.608,,,false,
e31ed157-a875-4f22-8bf2-5ad3bb934dd5,fd6ac307-0703-4168-8e6b-755812f44bae,,,chapter,101,0,0,2026-03-07 12:05:11.391,2026-03-07 12:05:11.391,,,false,
e336e44d-fbff-418f-8a00-205fac7ae679,a765dc53-3f13-4f00-a19b-aa2cb581c9dd,6eef4131-c168-4f89-a4a9-b2ddde5c4ab8,,chapter,107,0,0,2026-03-07 13:16:48.44,2026-03-07 13:16:48.44,,,false,
e3379ad6-c77b-4503-8192-4078b5f7c308,50a5c422-6a50-4eb6-b173-111ffffc3d41,,,chapter,236,0,0,2026-03-07 14:28:18.401,2026-03-07 14:28:18.401,,,false,
e37e663d-9439-4859-a120-8229276dbf6d,a124c29b-236a-4dc5-9b03-290e082785d5,,,chapter,197,0,0,2026-03-07 14:01:12.242,2026-03-07 14:01:12.242,,,false,
e39152fd-f076-4c2d-8cc6-465cd536d6d1,a124c29b-236a-4dc5-9b03-290e082785d5,,,chapter,52,0,0,2026-03-07 14:57:01.528,2026-03-07 14:57:01.528,,,false,
e39f0766-778e-4232-9e45-dbd41a827a18,61829d6d-8dc1-411e-a3f8-2c26cb5606e8,,,chapter,138,0,0,2026-03-07 12:47:23.524,2026-03-07 12:47:23.524,,,false,
e3c9dd36-253a-4616-8983-76ae1432fab4,fb09a54a-d9fa-404d-986a-bf1ccb7d2287,,,chapter,53,0,0,2026-03-07 15:23:12.521,2026-03-07 15:23:12.521,,,false,
e3caaade-e044-40d2-8acb-8aef61149e1d,a765dc53-3f13-4f00-a19b-aa2cb581c9dd,125e398e-2559-43d7-bd43-9855cc3af7ea,,chapter,121,0,0,2026-03-07 13:36:20.16,2026-03-07 13:36:20.16,,,false,
e3d56eb7-3bdc-443d-9b4f-75b36f3fe826,fd6ac307-0703-4168-8e6b-755812f44bae,,,chapter,383,0,0,2026-03-07 15:36:22.046,2026-03-07 15:36:22.046,,,false,
e3d71866-0c88-4b6c-b367-a0fd3d6ede35,9a20020d-7bea-4fe6-8c9a-40712bf9e882,,,chapter,104,0,0,2026-03-07 12:21:56.069,2026-03-07 12:21:56.069,,,false,
e3ed87ff-c218-4e17-8bdf-d13cee6b9630,fd6ac307-0703-4168-8e6b-755812f44bae,,,chapter,173,0,0,2026-03-07 13:24:55.67,2026-03-07 13:24:55.67,,,false,
e3f3aac8-60ee-4c38-b51c-ccd8101ed14c,61829d6d-8dc1-411e-a3f8-2c26cb5606e8,,,chapter,48,0,0,2026-03-07 13:57:06.499,2026-03-07 13:57:06.499,,,false,
e3fb7927-5917-4319-8a5e-50e325fd258a,50a5c422-6a50-4eb6-b173-111ffffc3d41,,,chapter,222,0,0,2026-03-07 14:17:23.99,2026-03-07 14:17:23.99,,,false,
e409c8b6-2dd5-46d0-b690-427350f02ee3,9be38f57-61b3-48fb-b053-984d2a423bd8,,,chapter,1,0,0,2026-03-07 12:10:19.598,2026-03-07 12:10:19.598,,,false,
e41aa033-0d0e-4705-8f40-80af45a73868,50a5c422-6a50-4eb6-b173-111ffffc3d41,,,chapter,503,0,0,2026-03-07 16:04:03.612,2026-03-07 16:04:03.612,,,false,
e4222cd4-a24b-4eb5-adde-dc8a1301ab46,50a5c422-6a50-4eb6-b173-111ffffc3d41,,,chapter,169,0,0,2026-03-07 13:14:41.534,2026-03-07 13:14:41.534,,,false,
e42fdc3c-260d-48ff-a2eb-7e04e7131b7f,a765dc53-3f13-4f00-a19b-aa2cb581c9dd,125e398e-2559-43d7-bd43-9855cc3af7ea,,chapter,67,0,0,2026-03-07 15:55:25.869,2026-03-07 15:55:25.869,,,false,
e45906ad-0015-490a-8009-76a542d4b6ea,fd6ac307-0703-4168-8e6b-755812f44bae,,,chapter,294,0,0,2026-03-07 14:45:55.313,2026-03-07 14:45:55.313,,,false,
e4773920-bf8e-4e9d-ad51-d90ea74b061a,fb09a54a-d9fa-404d-986a-bf1ccb7d2287,,,chapter,271,0,0,2026-03-07 15:03:36.79,2026-03-07 15:03:36.79,,,false,
e49c895c-3656-4a4e-a5dd-b247c2965443,50a5c422-6a50-4eb6-b173-111ffffc3d41,,,chapter,435,0,0,2026-03-07 15:56:33.513,2026-03-07 15:56:33.513,,,false,
e4b07136-14bc-4d65-b508-03382c28cf20,50a5c422-6a50-4eb6-b173-111ffffc3d41,,,chapter,40,0,0,2026-03-07 15:47:53.154,2026-03-07 15:47:53.154,,,false,
e4c9ce96-9a1f-4235-80a6-6ead9292525e,86ecbec7-1381-43fa-9f0b-701e37d40083,,,chapter,54,0,0,2026-03-07 13:31:14.807,2026-03-07 13:31:14.807,,,false,
e4d83d96-0353-4d40-a3eb-08fbe52a8949,9a20020d-7bea-4fe6-8c9a-40712bf9e882,,,chapter,13,0,0,2026-03-07 12:22:29.028,2026-03-07 12:22:29.028,,,false,
e4ece083-aecb-4b56-ba8d-95fdc3af4678,fd6ac307-0703-4168-8e6b-755812f44bae,,,chapter,315,0,0,2026-03-07 15:05:41.217,2026-03-07 15:05:41.217,,,false,
e4ed9d87-79a7-48fe-abe7-2106117bd6a0,fd6ac307-0703-4168-8e6b-755812f44bae,,,chapter,379,0,0,2026-03-07 15:35:56.15,2026-03-07 15:35:56.15,,,false,
e4f00442-ee1e-4b0b-9808-c8e5773729d9,5fc9a5b6-e624-46f0-a9bc-df01537b4907,,,chapter,2,0,0,2026-03-07 13:41:50.409,2026-03-07 13:41:50.409,,,false,
e4f119d6-bdcd-4ac8-a579-42317423cf06,5fc9a5b6-e624-46f0-a9bc-df01537b4907,,,chapter,193,0,0,2026-03-07 13:41:16.086,2026-03-07 13:41:16.086,,,false,
e501f0db-724b-4dc2-a56c-dbf239aa70bf,a765dc53-3f13-4f00-a19b-aa2cb581c9dd,125e398e-2559-43d7-bd43-9855cc3af7ea,,chapter,113,0,0,2026-03-07 13:35:58.285,2026-03-07 13:35:58.285,,,false,
e509c26e-de3e-4b41-8962-4aa965d84400,d7ade2ee-4851-453d-95e7-3887ef041e80,,,chapter,85,0,0,2026-03-07 13:38:59.684,2026-03-07 13:38:59.684,,,false,
e50f5257-732e-484b-88c5-f9f84e0223b2,50a5c422-6a50-4eb6-b173-111ffffc3d41,,,chapter,102,0,0,2026-03-07 12:09:31.193,2026-03-07 12:09:31.193,,,false,
e50f65b8-6d7e-469c-942a-483ffa94b57d,a124c29b-236a-4dc5-9b03-290e082785d5,,,chapter,155,0,0,2026-03-07 13:11:11.757,2026-03-07 13:11:11.757,,,false,
e565fd35-f2db-4b05-9283-cfc90b0867ed,50a5c422-6a50-4eb6-b173-111ffffc3d41,,,chapter,485,0,0,2026-03-07 16:02:27.866,2026-03-07 16:02:27.866,,,false,
e581c762-0664-45a1-b61c-acec90e4d624,50a5c422-6a50-4eb6-b173-111ffffc3d41,,,chapter,398,0,0,2026-03-07 15:47:41.635,2026-03-07 15:47:41.635,,,false,
e58aa458-3b3a-4f34-bfeb-20ae2f5ddfd0,5fc9a5b6-e624-46f0-a9bc-df01537b4907,,,chapter,96,0,0,2026-03-07 15:16:01.389,2026-03-07 15:16:01.389,,,false,
e59c3299-40d9-4ac7-ae26-771b579816d7,a765dc53-3f13-4f00-a19b-aa2cb581c9dd,125e398e-2559-43d7-bd43-9855cc3af7ea,,chapter,273.5,0,0,2026-03-07 15:33:47.617,2026-03-07 15:33:47.617,,,false,
e59ecf8d-13ee-4686-8331-d518abb3c0f9,86ecbec7-1381-43fa-9f0b-701e37d40083,,,chapter,118,0,0,2026-03-07 12:25:19.412,2026-03-07 12:25:19.412,,,false,
e5c532b8-5cd0-47f2-94c3-76b5d6fc7b8b,d7ade2ee-4851-453d-95e7-3887ef041e80,,,chapter,6,0,0,2026-03-07 13:19:39.496,2026-03-07 13:19:39.496,,,false,
e5cd3499-da10-4af9-ac03-e2a8e76aa7df,61829d6d-8dc1-411e-a3f8-2c26cb5606e8,,,chapter,119,0,0,2026-03-07 12:30:30.533,2026-03-07 12:30:30.533,,,false,
e5d6b377-c1e9-466b-8ecc-61f9f1151055,a765dc53-3f13-4f00-a19b-aa2cb581c9dd,125e398e-2559-43d7-bd43-9855cc3af7ea,,chapter,167,0,0,2026-03-07 14:20:47.625,2026-03-07 14:20:47.625,,,false,
e5df3ce4-7a7a-4f2f-98bc-bf7aef631a7f,a765dc53-3f13-4f00-a19b-aa2cb581c9dd,6eef4131-c168-4f89-a4a9-b2ddde5c4ab8,,chapter,88,0,0,2026-03-07 15:21:19.741,2026-03-07 15:21:19.741,,,false,
e5e6d149-2710-44e5-a305-5da4aabe412c,90be6fb3-9dcb-4cd1-8b2b-695e44ccc453,,,chapter,203.5,0,0,2026-03-07 14:15:15.191,2026-03-07 14:15:15.191,,,false,
e613924c-c8c8-4afa-8a8a-5d674be52f15,a765dc53-3f13-4f00-a19b-aa2cb581c9dd,6eef4131-c168-4f89-a4a9-b2ddde5c4ab8,,chapter,29,0,0,2026-03-07 14:40:31.269,2026-03-07 14:40:31.269,,,false,
e6305d15-d7e1-4cbe-9fe7-6613588ba04a,a765dc53-3f13-4f00-a19b-aa2cb581c9dd,6eef4131-c168-4f89-a4a9-b2ddde5c4ab8,,chapter,133,0,0,2026-03-07 13:52:16.787,2026-03-07 13:52:16.787,,,false,
e652a589-d05a-4156-9435-26e64eb69327,50a5c422-6a50-4eb6-b173-111ffffc3d41,,,chapter,466,0,0,2026-03-07 16:01:22.201,2026-03-07 16:01:22.201,,,false,
e66e0e72-08d5-41e2-ba9c-847b887ccea6,a765dc53-3f13-4f00-a19b-aa2cb581c9dd,125e398e-2559-43d7-bd43-9855cc3af7ea,,chapter,217,0,0,2026-03-07 15:02:39.541,2026-03-07 15:02:39.541,,,false,
e676e4b9-a844-40ed-a3d8-b9f8b120e6cc,50a5c422-6a50-4eb6-b173-111ffffc3d41,,,chapter,185,0,0,2026-03-07 13:33:32.958,2026-03-07 13:33:32.958,,,false,
e67aac15-cb77-44e2-bbbc-b4efa40b0708,a765dc53-3f13-4f00-a19b-aa2cb581c9dd,125e398e-2559-43d7-bd43-9855cc3af7ea,,chapter,178,0,0,2026-03-07 14:31:30.142,2026-03-07 14:31:30.142,,,false,
e68b2974-5bd1-435c-a053-fd26eb84434a,a765dc53-3f13-4f00-a19b-aa2cb581c9dd,6eef4131-c168-4f89-a4a9-b2ddde5c4ab8,,chapter,25,0,0,2026-03-07 14:30:19.078,2026-03-07 14:30:19.078,,,false,
e690cbbe-6bd4-4e12-bd82-b9819380f5ef,af8258f2-06f0-4bde-a687-0b55a69cb2c0,,,chapter,84,0,0,2026-03-07 13:26:10.476,2026-03-07 13:26:10.476,,,false,
e6ab3fbb-7c27-493c-9900-f738db6fb7a7,a124c29b-236a-4dc5-9b03-290e082785d5,,,chapter,226,0,0,2026-03-07 14:26:41.955,2026-03-07 14:26:41.955,,,false,
e6cf883a-b89b-4291-858f-77d1af4fe956,a765dc53-3f13-4f00-a19b-aa2cb581c9dd,125e398e-2559-43d7-bd43-9855cc3af7ea,,chapter,135,0,0,2026-03-07 13:53:41.411,2026-03-07 13:53:41.411,,,false,
e6d3c5e7-192d-49a4-b43a-d8e0b4bcb9b0,a765dc53-3f13-4f00-a19b-aa2cb581c9dd,6eef4131-c168-4f89-a4a9-b2ddde5c4ab8,,chapter,126,0,0,2026-03-07 13:35:45.712,2026-03-07 13:35:45.712,,,false,
e6dedbe9-19cf-4f9b-b6e6-b5e6788dd5cb,fb09a54a-d9fa-404d-986a-bf1ccb7d2287,,,chapter,161,0,0,2026-03-07 13:18:41.152,2026-03-07 13:18:41.152,,,false,
e700aa3a-4920-475d-9755-5fd81cc8f480,90be6fb3-9dcb-4cd1-8b2b-695e44ccc453,,,chapter,147,0,0,2026-03-07 13:11:54.555,2026-03-07 13:11:54.555,,,false,
e7069e97-3038-4b8e-a35c-fcd8b772b73e,50a5c422-6a50-4eb6-b173-111ffffc3d41,,,chapter,18,0,0,2026-03-07 13:33:00.882,2026-03-07 13:33:00.882,,,false,
e7466f82-a21b-4f51-9205-b0eb844f421a,af8258f2-06f0-4bde-a687-0b55a69cb2c0,,,chapter,49,0,0,2026-03-07 12:36:02.584,2026-03-07 12:36:02.584,,,false,
e7612b9a-e691-4fb2-bdec-cb9bc9924369,86ecbec7-1381-43fa-9f0b-701e37d40083,,,chapter,57,0,0,2026-03-07 13:31:47.164,2026-03-07 13:31:47.164,,,false,
e765da43-2def-4712-901d-7b4be430f466,50a5c422-6a50-4eb6-b173-111ffffc3d41,,,chapter,338,0,0,2026-03-07 15:32:44.416,2026-03-07 15:32:44.416,,,false,
e795d5a1-ecf6-499c-a224-42bdf1f53e71,fd6ac307-0703-4168-8e6b-755812f44bae,,,chapter,368,0,0,2026-03-07 15:31:41.798,2026-03-07 15:31:41.798,,,false,
e7961741-f1ea-4e9d-9e63-a25b0b48916a,a124c29b-236a-4dc5-9b03-290e082785d5,,,chapter,104,0,0,2026-03-07 12:23:03.732,2026-03-07 12:23:03.732,,,false,
e7b07931-7aa9-46a6-ac64-dc999f9f9329,50a5c422-6a50-4eb6-b173-111ffffc3d41,,,chapter,266,0,0,2026-03-07 14:49:22.38,2026-03-07 14:49:22.38,,,false,
e7bce3aa-dd81-4f67-9a2b-acd00f2824a0,fb09a54a-d9fa-404d-986a-bf1ccb7d2287,,,chapter,87,0,0,2026-03-07 15:35:02.999,2026-03-07 15:35:02.999,,,false,
e7e0224f-196d-437d-94e8-ffd4f4cc4e2b,fb09a54a-d9fa-404d-986a-bf1ccb7d2287,,,chapter,21,0,0,2026-03-07 14:09:32.639,2026-03-07 14:09:32.639,,,false,
e7e103bc-2f3b-4040-b298-0cd0d51279f8,50a5c422-6a50-4eb6-b173-111ffffc3d41,,,chapter,274,0,0,2026-03-07 14:59:30.973,2026-03-07 14:59:30.973,,,false,
e7e14f42-9ea2-4739-865a-92677f52bd6f,50a5c422-6a50-4eb6-b173-111ffffc3d41,,,chapter,457,0,0,2026-03-07 15:59:09.779,2026-03-07 15:59:09.779,,,false,
e7ee4414-89fe-41a9-8db9-73d7ce5b7a0b,a765dc53-3f13-4f00-a19b-aa2cb581c9dd,6eef4131-c168-4f89-a4a9-b2ddde5c4ab8,,chapter,116,0,0,2026-03-07 13:34:59.678,2026-03-07 13:34:59.678,,,false,
e7ee967f-786d-4a66-8d4b-d4106a177b8c,50a5c422-6a50-4eb6-b173-111ffffc3d41,,,chapter,63,0,0,2026-03-07 16:07:21.631,2026-03-07 16:07:21.631,,,false,
e8151591-078b-4748-9965-d4634ca8ec40,a124c29b-236a-4dc5-9b03-290e082785d5,,,chapter,110,0,0,2026-03-07 12:23:20.985,2026-03-07 12:23:20.985,,,false,
e8237a89-2443-455c-b373-b877468bd91d,86ecbec7-1381-43fa-9f0b-701e37d40083,,,chapter,7,0,0,2026-03-07 13:48:37.194,2026-03-07 13:48:37.194,,,false,
e891af67-4664-455d-875b-a4937682c48a,50a5c422-6a50-4eb6-b173-111ffffc3d41,,,chapter,107,0,0,2026-03-07 12:09:44.166,2026-03-07 12:09:44.166,,,false,
e8b71569-c16f-4787-bf3f-6bb3509ddda2,d7ade2ee-4851-453d-95e7-3887ef041e80,,,chapter,1,0,0,2026-03-07 12:12:57.228,2026-03-07 12:12:57.228,,,false,
e8d42d58-06d6-4cb1-a6e3-c44e461ceddc,9be38f57-61b3-48fb-b053-984d2a423bd8,,,chapter,4,1,0,2026-03-07 13:14:58.385,2026-03-07 13:14:58.385,,,false,
e8db87bd-b668-4158-a3bd-1acad25b0085,af8258f2-06f0-4bde-a687-0b55a69cb2c0,,,chapter,17,0,0,2026-03-07 12:07:05.526,2026-03-07 12:07:05.526,,,false,
e8eb8caa-81cb-4a41-9dd8-8ba6624bb625,50a5c422-6a50-4eb6-b173-111ffffc3d41,,,chapter,41,0,0,2026-03-07 15:50:45.667,2026-03-07 15:50:45.667,,,false,
e91bdacb-107c-43d6-915f-64b2bab8ea7d,a124c29b-236a-4dc5-9b03-290e082785d5,,,chapter,14,0,0,2026-03-07 12:54:57.626,2026-03-07 12:54:57.626,,,false,
e937a0d5-d22d-4288-ac17-9667c323a62e,50a5c422-6a50-4eb6-b173-111ffffc3d41,,,chapter,165,0,0,2026-03-07 13:14:29.799,2026-03-07 13:14:29.799,,,false,
e9428968-2b17-48c9-b359-adbac75081b1,50a5c422-6a50-4eb6-b173-111ffffc3d41,,,chapter,306,0,0,2026-03-07 15:19:45.063,2026-03-07 15:19:45.063,,,false,
e98d9aca-8b44-4187-8ef0-53eafb932d61,90be6fb3-9dcb-4cd1-8b2b-695e44ccc453,,,chapter,161,0,0,2026-03-07 13:30:01.914,2026-03-07 13:30:01.914,,,false,
e997d7d5-7ff8-4954-ad0f-a40b26a39b14,5fc9a5b6-e624-46f0-a9bc-df01537b4907,,,chapter,53,0,0,2026-03-07 14:44:23.76,2026-03-07 14:44:23.76,,,false,
e9a2a7be-11fc-4d55-ab01-1c111f95b60c,a124c29b-236a-4dc5-9b03-290e082785d5,,,chapter,137,0,0,2026-03-07 12:55:22.835,2026-03-07 12:55:22.835,,,false,
e9b793d3-e580-4307-92ec-3e884a8081ff,90be6fb3-9dcb-4cd1-8b2b-695e44ccc453,,,chapter,81,0,0,2026-03-07 15:09:31.332,2026-03-07 15:09:31.332,,,false,
e9c3aa47-2f57-449f-a573-5e3806c2e49e,a765dc53-3f13-4f00-a19b-aa2cb581c9dd,6eef4131-c168-4f89-a4a9-b2ddde5c4ab8,,chapter,22,0,0,2026-03-07 14:30:00.282,2026-03-07 14:30:00.282,,,false,
e9f519a3-cac5-4575-871f-2cbf4f0efbc9,5fc9a5b6-e624-46f0-a9bc-df01537b4907,,,chapter,143,0,0,2026-03-07 12:47:49.787,2026-03-07 12:47:49.787,,,false,
ea122a7f-54f7-4f77-9830-750192b8774c,90be6fb3-9dcb-4cd1-8b2b-695e44ccc453,,,chapter,172,0,0,2026-03-07 13:47:38.286,2026-03-07 13:47:38.286,,,false,
ea12ff7a-a1ea-4566-807c-29f37bbf4333,9a20020d-7bea-4fe6-8c9a-40712bf9e882,,,chapter,49,0,0,2026-03-07 13:09:11.783,2026-03-07 13:09:11.783,,,false,
ea1b8945-a43d-4dba-9ddb-1ce7e5039d90,a124c29b-236a-4dc5-9b03-290e082785d5,,,chapter,13,0,0,2026-03-07 12:54:25.903,2026-03-07 12:54:25.903,,,false,
ea248e63-8a81-4b55-a180-c042344d293f,a124c29b-236a-4dc5-9b03-290e082785d5,,,chapter,130,0,0,2026-03-07 12:54:30.345,2026-03-07 12:54:30.345,,,false,
ea33935e-7e2c-4284-8df4-575f325b84be,fb09a54a-d9fa-404d-986a-bf1ccb7d2287,,,chapter,26,0,0,2026-03-07 14:53:51.086,2026-03-07 14:53:51.086,,,false,
ea5847ed-6971-476c-93db-d510f4c8063a,61829d6d-8dc1-411e-a3f8-2c26cb5606e8,,,chapter,72,0,0,2026-03-07 14:22:28.683,2026-03-07 14:22:28.683,,,false,
ea7e80aa-66b1-4611-b423-f34ad063be7a,90be6fb3-9dcb-4cd1-8b2b-695e44ccc453,,,chapter,61,0,0,2026-03-07 14:48:31.503,2026-03-07 14:48:31.503,,,false,
ea83c9b6-aca6-476d-8a7f-cf53e6299972,a765dc53-3f13-4f00-a19b-aa2cb581c9dd,125e398e-2559-43d7-bd43-9855cc3af7ea,,chapter,153,0,0,2026-03-07 14:08:36.731,2026-03-07 14:08:36.731,,,false,
ea8a16fb-7858-42bd-b015-5b58ee1cf341,50a5c422-6a50-4eb6-b173-111ffffc3d41,,,chapter,390,0,0,2026-03-07 15:47:37.562,2026-03-07 15:47:37.562,,,false,
eaaaea9b-a416-4314-8947-df653e5bc21b,61aa237e-d5bd-4f55-b5fc-be9683abc2c8,,,chapter,85,0,0,2026-03-07 13:24:14.051,2026-03-07 13:24:14.051,,,false,
eaabdb8d-4254-496a-aaf7-6593775276a0,fd6ac307-0703-4168-8e6b-755812f44bae,,,chapter,398,0,0,2026-03-07 15:40:20.867,2026-03-07 15:40:20.867,,,false,
eab6f7b7-9cf6-46e0-a06b-9eb2d09ef8e7,9be38f57-61b3-48fb-b053-984d2a423bd8,,,chapter,10,0,0,2026-03-07 12:10:40.2,2026-03-07 12:10:40.2,,,false,
eabcee5c-54fb-4fc8-b4c4-da6f07e3b098,61aa237e-d5bd-4f55-b5fc-be9683abc2c8,,,chapter,86,0,0,2026-03-07 13:23:44.432,2026-03-07 13:23:44.432,,,false,
eafbba7c-3b73-4f00-8a36-71e4e155c945,a124c29b-236a-4dc5-9b03-290e082785d5,,,chapter,2,0,0,2026-03-07 14:01:37.594,2026-03-07 14:01:37.594,,,false,
eb004418-965d-4fea-a018-9db7777e263c,90be6fb3-9dcb-4cd1-8b2b-695e44ccc453,,,chapter,5,0,0,2026-03-07 14:38:51.045,2026-03-07 14:38:51.045,,,false,
eb0acbd0-4328-4d7b-818a-63ab84c3169f,fd6ac307-0703-4168-8e6b-755812f44bae,,,chapter,175,0,0,2026-03-07 13:24:51.444,2026-03-07 13:24:51.444,,,false,
eb4eb2e0-574c-4772-8525-c3f810b17f0f,50a5c422-6a50-4eb6-b173-111ffffc3d41,,,chapter,283,0,0,2026-03-07 15:00:02.21,2026-03-07 15:00:02.21,,,false,
eb533e85-46bf-4027-9819-27bed7c6b241,fd6ac307-0703-4168-8e6b-755812f44bae,,,chapter,295,0,0,2026-03-07 14:46:00.767,2026-03-07 14:46:00.767,,,false,
eb63c536-1ad9-4978-9fa2-1362c5ec471d,a765dc53-3f13-4f00-a19b-aa2cb581c9dd,125e398e-2559-43d7-bd43-9855cc3af7ea,,chapter,202,0,0,2026-03-07 14:52:26.599,2026-03-07 14:52:26.599,,,false,
eb65618c-6417-46ee-9aa8-a6e048d26252,fd6ac307-0703-4168-8e6b-755812f44bae,,,chapter,90,0,0,2026-03-07 15:53:07.353,2026-03-07 15:53:07.353,,,false,
eb699daa-0aa7-4f24-af23-e3ca1d71cfe1,50a5c422-6a50-4eb6-b173-111ffffc3d41,,,chapter,444,0,0,2026-03-07 15:57:07.066,2026-03-07 15:57:07.066,,,false,
eb8ae046-76e4-4883-a641-b77ac3c51791,90be6fb3-9dcb-4cd1-8b2b-695e44ccc453,,,chapter,115,0,0,2026-03-07 12:39:52.857,2026-03-07 12:39:52.857,,,false,
eb985eed-9327-4433-9a74-7d210475eb8d,fd6ac307-0703-4168-8e6b-755812f44bae,,,chapter,117,0,0,2026-03-07 12:18:26.865,2026-03-07 12:18:26.865,,,false,
ebba8fbb-07f0-49ca-ba77-563b0f09c272,86ecbec7-1381-43fa-9f0b-701e37d40083,,,chapter,5,0,0,2026-03-07 13:13:06.023,2026-03-07 13:13:06.023,,,false,
ebfae1c0-3b26-4d10-8ca0-60a736fad9e8,9be38f57-61b3-48fb-b053-984d2a423bd8,,,chapter,47,0,0,2026-03-07 13:15:55.817,2026-03-07 13:15:55.817,,,false,
ec6869d8-0e89-4963-aa73-6134c1723435,d7ade2ee-4851-453d-95e7-3887ef041e80,,,chapter,86,0,0,2026-03-07 13:38:40.076,2026-03-07 13:38:40.076,,,false,
ecec5028-1a0e-479c-bab1-29da74936789,fd6ac307-0703-4168-8e6b-755812f44bae,,,chapter,88,0,0,2026-03-07 15:52:55.348,2026-03-07 15:52:55.348,,,false,
ecf683e8-295d-481b-9fe8-a31931aa3a48,61829d6d-8dc1-411e-a3f8-2c26cb5606e8,,,chapter,150,0,0,2026-03-07 13:03:17.928,2026-03-07 13:03:17.928,,,false,
ed02991a-9f08-44fe-9eba-5da45b4f0852,61829d6d-8dc1-411e-a3f8-2c26cb5606e8,,,chapter,102,0,0,2026-03-07 12:14:17.822,2026-03-07 12:14:17.822,,,false,
ed24b6a9-b40c-46e3-84cc-f1a1771e3f23,fb09a54a-d9fa-404d-986a-bf1ccb7d2287,,,chapter,58,0,0,2026-03-07 15:23:33.632,2026-03-07 15:23:33.632,,,false,
ed3d3f68-b3cb-4770-ac5a-2b3a32499def,a765dc53-3f13-4f00-a19b-aa2cb581c9dd,125e398e-2559-43d7-bd43-9855cc3af7ea,,chapter,180,0,0,2026-03-07 14:31:09.244,2026-03-07 14:31:09.244,,,false,
ed48e582-4f44-4b7b-8521-ed73661f8ee8,5fc9a5b6-e624-46f0-a9bc-df01537b4907,,,chapter,153,0,0,2026-03-07 12:48:41.831,2026-03-07 12:48:41.831,,,false,
ed61ec73-fcee-4cb9-952e-d56dca80915b,a765dc53-3f13-4f00-a19b-aa2cb581c9dd,6eef4131-c168-4f89-a4a9-b2ddde5c4ab8,,chapter,59,0,0,2026-03-07 15:01:27.154,2026-03-07 15:01:27.154,,,false,
ed6408c2-8c2d-426b-9420-dc8b77931316,af8258f2-06f0-4bde-a687-0b55a69cb2c0,,,chapter,11,0,0,2026-03-07 12:06:32.835,2026-03-07 12:06:32.835,,,false,
ed65ea02-0fba-48a5-8b6e-074688f45fa4,a765dc53-3f13-4f00-a19b-aa2cb581c9dd,6eef4131-c168-4f89-a4a9-b2ddde5c4ab8,,chapter,18,0,0,2026-03-07 14:29:40.944,2026-03-07 14:29:40.944,,,false,
ed86d086-4694-465a-9741-141d23893cce,50a5c422-6a50-4eb6-b173-111ffffc3d41,,,chapter,59,0,0,2026-03-07 16:06:06.164,2026-03-07 16:06:06.164,,,false,
ed93a312-4e90-467b-a919-795b4f6537f9,a765dc53-3f13-4f00-a19b-aa2cb581c9dd,125e398e-2559-43d7-bd43-9855cc3af7ea,,chapter,265,0,0,2026-03-07 15:29:17.503,2026-03-07 15:29:17.503,,,false,
ed9bca39-31a8-4687-ab6f-762065c12253,9be38f57-61b3-48fb-b053-984d2a423bd8,,,chapter,72,0,0,2026-03-07 13:51:23.984,2026-03-07 13:51:23.984,,,false,
ed9f4c4a-2527-4843-9ba4-133c19324e39,5fc9a5b6-e624-46f0-a9bc-df01537b4907,,,chapter,140,0,0,2026-03-07 12:32:02.719,2026-03-07 12:32:02.719,,,false,
edaff78b-2110-4e41-bfe8-27750e1c3c45,a124c29b-236a-4dc5-9b03-290e082785d5,,,chapter,199,0,0,2026-03-07 14:01:29.583,2026-03-07 14:01:29.583,,,false,
edd21e60-4726-44ad-a3cc-c6851dfb3ab6,af8258f2-06f0-4bde-a687-0b55a69cb2c0,,,chapter,57,0,0,2026-03-07 12:51:42.236,2026-03-07 12:51:42.236,,,false,
edf08282-68b4-4001-8691-011b1c20639c,fd6ac307-0703-4168-8e6b-755812f44bae,,,chapter,263,0,0,2026-03-07 14:24:59.767,2026-03-07 14:24:59.767,,,false,
edf52738-5b2a-43f5-99a6-50aac0a45002,a765dc53-3f13-4f00-a19b-aa2cb581c9dd,125e398e-2559-43d7-bd43-9855cc3af7ea,,chapter,201,0,0,2026-03-07 14:52:44.368,2026-03-07 14:52:44.368,,,false,
edf69150-aa82-4fe1-8400-62dee25fcb34,fb09a54a-d9fa-404d-986a-bf1ccb7d2287,,,chapter,234,0,0,2026-03-07 14:32:13.232,2026-03-07 14:32:13.232,,,false,
edfee812-662d-4630-841f-b94f6fc777fa,90be6fb3-9dcb-4cd1-8b2b-695e44ccc453,,,chapter,144,0,0,2026-03-07 13:11:50.341,2026-03-07 13:11:50.341,,,false,
ee040668-e406-4778-9623-202011123388,61829d6d-8dc1-411e-a3f8-2c26cb5606e8,,,chapter,53,0,0,2026-03-07 13:56:56.534,2026-03-07 13:56:56.534,,,false,
ee3d14c4-687a-41a0-8725-895039c6ac7d,9a20020d-7bea-4fe6-8c9a-40712bf9e882,,,chapter,5,0,0,2026-03-07 13:09:16.188,2026-03-07 13:09:16.188,,,false,
ee6388a9-d063-487a-96a4-11f379da5289,fd6ac307-0703-4168-8e6b-755812f44bae,,,chapter,298,0,0,2026-03-07 14:46:10.978,2026-03-07 14:46:10.978,,,false,
ee7745c8-332c-4249-80af-9eddede0e818,86ecbec7-1381-43fa-9f0b-701e37d40083,,,chapter,102,0,0,2026-03-07 12:08:07.16,2026-03-07 12:08:07.16,,,false,
ee9d077e-1638-4c24-b1cb-f622060bb364,61829d6d-8dc1-411e-a3f8-2c26cb5606e8,,,chapter,6,1,0,2026-03-07 14:10:10.283,2026-03-07 14:10:10.283,,,false,
eecc2453-3fb2-4b52-988c-72b5658ddb4b,9a20020d-7bea-4fe6-8c9a-40712bf9e882,,,chapter,52,0,0,2026-03-07 13:09:42.216,2026-03-07 13:09:42.216,,,false,
eedc804d-956a-4738-878f-1264b47291ce,af8258f2-06f0-4bde-a687-0b55a69cb2c0,,,chapter,19,0,0,2026-03-07 12:07:20.959,2026-03-07 12:07:20.959,,,false,
eee4cbcd-2db6-4567-8f68-18221792d00f,af8258f2-06f0-4bde-a687-0b55a69cb2c0,,,chapter,92,0,0,2026-03-07 13:26:53.661,2026-03-07 13:26:53.661,,,false,
eef15482-90a5-446f-bfca-bac57d03a05d,90be6fb3-9dcb-4cd1-8b2b-695e44ccc453,,,chapter,100,0,0,2026-03-07 12:23:48.553,2026-03-07 12:23:48.553,,,false,
ef1c4853-c232-41d3-ae64-1713f7813ef6,af8258f2-06f0-4bde-a687-0b55a69cb2c0,,,chapter,43,0,0,2026-03-07 12:35:31.148,2026-03-07 12:35:31.148,,,false,
ef30d37f-23b2-454f-ae0c-8c4a5366f067,86ecbec7-1381-43fa-9f0b-701e37d40083,,,chapter,113,0,0,2026-03-07 12:24:57.084,2026-03-07 12:24:57.084,,,false,
ef55473d-d11d-4438-827f-f26a7b903405,d7ade2ee-4851-453d-95e7-3887ef041e80,,,chapter,61,0,0,2026-03-07 13:19:43.862,2026-03-07 13:19:43.862,,,false,
ef618fd1-73b8-469e-8fd9-297f01b7cf4b,50a5c422-6a50-4eb6-b173-111ffffc3d41,,,chapter,320,0,0,2026-03-07 15:27:03.561,2026-03-07 15:27:03.561,,,false,
ef7ead6f-208b-406b-8170-0a83e36c5510,a765dc53-3f13-4f00-a19b-aa2cb581c9dd,125e398e-2559-43d7-bd43-9855cc3af7ea,,chapter,304,0,0,2026-03-07 15:45:12.908,2026-03-07 15:45:12.908,,,false,
ef9e676c-379a-46b1-b809-1faadacb70f7,fd6ac307-0703-4168-8e6b-755812f44bae,,,chapter,31,0,0,2026-03-07 14:56:31.714,2026-03-07 14:56:31.714,,,false,
efa0a08a-c6d2-4534-b3e4-e4524714ebf3,90be6fb3-9dcb-4cd1-8b2b-695e44ccc453,,,chapter,127,0,0,2026-03-07 12:55:31.643,2026-03-07 12:55:31.643,,,false,
efae5033-e44b-4b90-9c16-0bf15ac4f757,50a5c422-6a50-4eb6-b173-111ffffc3d41,,,chapter,276,0,0,2026-03-07 14:59:26.809,2026-03-07 14:59:26.809,,,false,
efaec411-688b-4cfb-b240-675f2a7b6a39,9be38f57-61b3-48fb-b053-984d2a423bd8,,,chapter,83,0,0,2026-03-07 14:05:49.252,2026-03-07 14:05:49.252,,,false,
efaf0237-96f7-494d-93f2-3cd5fb348416,fb09a54a-d9fa-404d-986a-bf1ccb7d2287,,,chapter,262.2,0,0,2026-03-07 14:53:37.004,2026-03-07 14:53:37.004,,,false,
efbe386c-8201-4743-bb6a-97512873e044,61aa237e-d5bd-4f55-b5fc-be9683abc2c8,,,chapter,40,0,0,2026-03-07 12:32:50.927,2026-03-07 12:32:50.927,,,false,
efbec34c-79cc-45e9-9041-623b7ef4948e,a765dc53-3f13-4f00-a19b-aa2cb581c9dd,125e398e-2559-43d7-bd43-9855cc3af7ea,,chapter,137,0,0,2026-03-07 13:53:33.064,2026-03-07 13:53:33.064,,,false,
efbf955c-06eb-4d28-9942-d9025f8c5176,a765dc53-3f13-4f00-a19b-aa2cb581c9dd,6eef4131-c168-4f89-a4a9-b2ddde5c4ab8,,chapter,138,0,0,2026-03-07 13:52:39.452,2026-03-07 13:52:39.452,,,false,
f0045691-60f2-4dd3-8160-b08ff040c8c6,af8258f2-06f0-4bde-a687-0b55a69cb2c0,,,chapter,72,0,0,2026-03-07 13:08:30.628,2026-03-07 13:08:30.628,,,false,
f02743c9-7612-4e63-b2c6-b49e01ac4891,fd6ac307-0703-4168-8e6b-755812f44bae,,,chapter,344,0,0,2026-03-07 15:24:00.679,2026-03-07 15:24:00.679,,,false,
f056f422-7878-4dea-b5a4-a7922f59e7b5,fd6ac307-0703-4168-8e6b-755812f44bae,,,chapter,308,0,0,2026-03-07 14:56:22.87,2026-03-07 14:56:22.87,,,false,
f06f52de-a354-4994-9125-4a7ab4384522,a765dc53-3f13-4f00-a19b-aa2cb581c9dd,125e398e-2559-43d7-bd43-9855cc3af7ea,,chapter,198,0,0,2026-03-07 14:52:23.081,2026-03-07 14:52:23.081,,,false,
f0755e48-5b8a-4838-8593-1c76c912f6e8,5fc9a5b6-e624-46f0-a9bc-df01537b4907,,,chapter,226,0,0,2026-03-07 14:12:09.523,2026-03-07 14:12:09.523,,,false,
f0794000-1297-4478-bed0-98530e8aca84,50a5c422-6a50-4eb6-b173-111ffffc3d41,,,chapter,143,0,0,2026-03-07 12:57:56.076,2026-03-07 12:57:56.076,,,false,
f0bef821-ffae-40d1-9b70-0e7596101784,a765dc53-3f13-4f00-a19b-aa2cb581c9dd,125e398e-2559-43d7-bd43-9855cc3af7ea,,chapter,234,0,0,2026-03-07 15:13:38.928,2026-03-07 15:13:38.928,,,false,
f0c14327-f10c-4677-8086-2a42f919c63c,86ecbec7-1381-43fa-9f0b-701e37d40083,,,chapter,64,0,0,2026-03-07 13:32:06.123,2026-03-07 13:32:06.123,,,false,
f0d66db5-c356-456c-81f0-2d21f22049b8,9be38f57-61b3-48fb-b053-984d2a423bd8,,,chapter,124,0,0,2026-03-07 12:28:19.325,2026-03-07 12:28:19.325,,,false,
f0e39325-ce3c-4c2d-9516-848b8a5bf781,61829d6d-8dc1-411e-a3f8-2c26cb5606e8,,,chapter,36,0,0,2026-03-07 13:40:35.889,2026-03-07 13:40:35.889,,,false,
f0f03486-ce2c-4e52-94d9-3607c57a832b,50a5c422-6a50-4eb6-b173-111ffffc3d41,,,chapter,109,0,0,2026-03-07 12:09:52.458,2026-03-07 12:09:52.458,,,false,
f1705b2b-e65f-4101-b849-dc921fd3cb97,a765dc53-3f13-4f00-a19b-aa2cb581c9dd,6eef4131-c168-4f89-a4a9-b2ddde5c4ab8,,chapter,152,0,0,2026-03-07 14:06:56.176,2026-03-07 14:06:56.176,,,false,
f171098e-c58e-4b28-83f4-965fa5a0a54e,50a5c422-6a50-4eb6-b173-111ffffc3d41,,,chapter,414,0,0,2026-03-07 15:51:13.44,2026-03-07 15:51:13.44,,,false,
f19b7381-7950-4d26-9c89-e2d9575ad76d,50a5c422-6a50-4eb6-b173-111ffffc3d41,,,chapter,118,0,0,2026-03-07 12:26:24.933,2026-03-07 12:26:24.933,,,false,
f19e3e03-c0f7-4d95-8175-5250ee5595e7,fd6ac307-0703-4168-8e6b-755812f44bae,,,chapter,81,0,0,2026-03-07 15:52:26.852,2026-03-07 15:52:26.852,,,false,
f1ad4d81-f90b-4282-80e0-46eb331afe36,61829d6d-8dc1-411e-a3f8-2c26cb5606e8,,,chapter,44,0,0,2026-03-07 13:56:14.888,2026-03-07 13:56:14.888,,,false,
f1b935c2-f09f-4e59-8609-391b56a1fda9,fd6ac307-0703-4168-8e6b-755812f44bae,,,chapter,170,0,0,2026-03-07 13:07:24.618,2026-03-07 13:07:24.618,,,false,
f1bad014-374f-4f2f-8db5-8e35ead9fbf6,fd6ac307-0703-4168-8e6b-755812f44bae,,,chapter,242,0,0,2026-03-07 14:13:08.585,2026-03-07 14:13:08.585,,,false,
f1f3b5b3-6805-4593-b546-fcb61baa632b,5fc9a5b6-e624-46f0-a9bc-df01537b4907,,,chapter,165,0,0,2026-03-07 13:04:38.691,2026-03-07 13:04:38.691,,,false,
f1fd4ed8-98d9-4783-922f-322e54d82355,fd6ac307-0703-4168-8e6b-755812f44bae,,,chapter,358,0,0,2026-03-07 15:30:44.127,2026-03-07 15:30:44.127,,,false,
f1fd86a6-65e1-4069-aba4-66ad68e99ad4,a124c29b-236a-4dc5-9b03-290e082785d5,,,chapter,209,0,0,2026-03-07 14:14:14.452,2026-03-07 14:14:14.452,,,false,
f20bb8ac-da5d-4d8d-8ba6-9f481a1bbbba,fd6ac307-0703-4168-8e6b-755812f44bae,,,chapter,145,0,0,2026-03-07 12:50:33.587,2026-03-07 12:50:33.587,,,false,
f242a461-cde8-478a-b9aa-ab000b9d8cdf,fd6ac307-0703-4168-8e6b-755812f44bae,,,chapter,4,0,0,2026-03-07 15:43:12.835,2026-03-07 15:43:12.835,,,false,
f25f5168-dcef-47a1-8836-ae550ea680b4,9a20020d-7bea-4fe6-8c9a-40712bf9e882,,,chapter,61,0,0,2026-03-07 13:27:26.899,2026-03-07 13:27:26.899,,,false,
f26811a4-3dea-4cd5-b9a3-d276afe61524,50a5c422-6a50-4eb6-b173-111ffffc3d41,,,chapter,265,0,0,2026-03-07 14:49:14.863,2026-03-07 14:49:14.863,,,false,
f2ba5b0d-02e3-4956-a401-ff06085d7afc,fb09a54a-d9fa-404d-986a-bf1ccb7d2287,,,chapter,25,0,0,2026-03-07 14:43:09.509,2026-03-07 14:43:09.509,,,false,
f2baf3b8-761a-4b96-a7b0-d1263bd9c8f4,a124c29b-236a-4dc5-9b03-290e082785d5,,,chapter,210,0,0,2026-03-07 14:14:45.358,2026-03-07 14:14:45.358,,,false,
f2e50953-bacb-4ab2-bcd7-3b3646342e7e,50a5c422-6a50-4eb6-b173-111ffffc3d41,,,chapter,397,0,0,2026-03-07 15:47:49.341,2026-03-07 15:47:49.341,,,false,
f2e6e36e-509a-4504-8a08-8284ee4c001e,a765dc53-3f13-4f00-a19b-aa2cb581c9dd,125e398e-2559-43d7-bd43-9855cc3af7ea,,chapter,214,0,0,2026-03-07 15:02:30.995,2026-03-07 15:02:30.995,,,false,
f31265a0-a80b-46f4-9386-92fd4c97ab26,50a5c422-6a50-4eb6-b173-111ffffc3d41,,,chapter,321,0,0,2026-03-07 15:26:59.727,2026-03-07 15:26:59.727,,,false,
f321bf1b-da5d-4433-b13f-88b69cf0e271,50a5c422-6a50-4eb6-b173-111ffffc3d41,,,chapter,396,0,0,2026-03-07 15:48:05.184,2026-03-07 15:48:05.184,,,false,
f32aa4a2-bae3-4c5d-b0a6-4eb43eb31ad2,9be38f57-61b3-48fb-b053-984d2a423bd8,,,chapter,32,0,0,2026-03-07 12:59:53.925,2026-03-07 12:59:53.925,,,false,
f33ae949-02f8-4f3f-9387-8c6989d83fc6,9be38f57-61b3-48fb-b053-984d2a423bd8,,,chapter,93,0,0,2026-03-07 14:17:57.091,2026-03-07 14:17:57.091,,,false,
f33d5c23-bc43-4fc2-aa6c-0271c680d958,a765dc53-3f13-4f00-a19b-aa2cb581c9dd,125e398e-2559-43d7-bd43-9855cc3af7ea,,chapter,58,0,0,2026-03-07 15:54:53.468,2026-03-07 15:54:53.468,,,false,
f33eb5ca-51b6-4610-8d90-e11b2d8c9055,a765dc53-3f13-4f00-a19b-aa2cb581c9dd,6eef4131-c168-4f89-a4a9-b2ddde5c4ab8,,chapter,174,0,0,2026-03-07 14:29:17.483,2026-03-07 14:29:17.483,,,false,
f35c9501-f4e4-4bd5-92ae-e837a46b49e8,fd6ac307-0703-4168-8e6b-755812f44bae,,,chapter,138,0,0,2026-03-07 12:34:21.059,2026-03-07 12:34:21.059,,,false,
f38ad761-657f-43ae-a3eb-afc54d508091,fb09a54a-d9fa-404d-986a-bf1ccb7d2287,,,chapter,111,0,0,2026-03-07 12:12:47.033,2026-03-07 12:12:47.033,,,false,
f3b366ff-b063-4813-8db3-15dfb4c6eb1c,90be6fb3-9dcb-4cd1-8b2b-695e44ccc453,,,chapter,108,0,0,2026-03-07 12:24:35.806,2026-03-07 12:24:35.806,,,false,
f3d26ffb-fa50-4526-8dea-e25e663ab442,61aa237e-d5bd-4f55-b5fc-be9683abc2c8,,,chapter,55,0,0,2026-03-07 12:49:42.102,2026-03-07 12:49:42.102,,,false,
f3d540fc-869f-4cf9-9570-8b19d0b3a826,af8258f2-06f0-4bde-a687-0b55a69cb2c0,,,chapter,94,0,0,2026-03-07 13:44:10.275,2026-03-07 13:44:10.275,,,false,
f3d971bd-cf41-4377-9f4f-5642d5056cd6,fd6ac307-0703-4168-8e6b-755812f44bae,,,chapter,160,0,0,2026-03-07 13:07:00.493,2026-03-07 13:07:00.493,,,false,
f3da5f0d-e443-4544-a315-7c956d1e3a1a,90be6fb3-9dcb-4cd1-8b2b-695e44ccc453,,,chapter,88,0,0,2026-03-07 15:10:00.569,2026-03-07 15:10:00.569,,,false,
f3e6b3b6-d15f-429e-8f07-973c5bd1ec82,50a5c422-6a50-4eb6-b173-111ffffc3d41,,,chapter,475,0,0,2026-03-07 16:01:46.95,2026-03-07 16:01:46.95,,,false,
f3eaa01e-ef91-42ae-adfe-58ccb0c4b733,9be38f57-61b3-48fb-b053-984d2a423bd8,,,chapter,52,0,0,2026-03-07 13:34:09.877,2026-03-07 13:34:09.877,,,false,
f40e7250-b7b3-407b-8b0d-f138af90124c,d7ade2ee-4851-453d-95e7-3887ef041e80,,,chapter,63,0,0,2026-03-07 13:20:16.076,2026-03-07 13:20:16.076,,,false,
f4178682-4ea2-48dd-beba-8a7b141a8f4f,a765dc53-3f13-4f00-a19b-aa2cb581c9dd,125e398e-2559-43d7-bd43-9855cc3af7ea,,chapter,279,0,0,2026-03-07 15:37:49.988,2026-03-07 15:37:49.988,,,false,
f417c94f-4fe0-46a0-8df2-d8c416c796c1,86ecbec7-1381-43fa-9f0b-701e37d40083,,,chapter,82,0,0,2026-03-07 14:03:02.41,2026-03-07 14:03:02.41,,,false,
f45cdef1-84d3-4ee8-8e21-fa554176e7bd,a765dc53-3f13-4f00-a19b-aa2cb581c9dd,125e398e-2559-43d7-bd43-9855cc3af7ea,,chapter,72,0,0,2026-03-07 15:57:26.851,2026-03-07 15:57:26.851,,,false,
f471d80a-e304-48bb-8951-5b88b411e8fe,50a5c422-6a50-4eb6-b173-111ffffc3d41,,,chapter,129,0,0,2026-03-07 12:41:41.346,2026-03-07 12:41:41.346,,,false,
f4846829-a55c-4ef0-8da9-5146aafa1ec7,fb09a54a-d9fa-404d-986a-bf1ccb7d2287,,,chapter,55,0,0,2026-03-07 15:23:16.669,2026-03-07 15:23:16.669,,,false,
f4c6df18-479b-4ffc-a201-028f167602ae,90be6fb3-9dcb-4cd1-8b2b-695e44ccc453,,,chapter,79.5,0,0,2026-03-07 15:09:16.035,2026-03-07 15:09:16.035,,,false,
f4f7670c-dc0d-4fee-a70d-07582e9d478d,9be38f57-61b3-48fb-b053-984d2a423bd8,,,chapter,67,0,0,2026-03-07 13:51:00.916,2026-03-07 13:51:00.916,,,false,
f4f8b373-dfa4-4ae5-8134-8f5291655734,fb09a54a-d9fa-404d-986a-bf1ccb7d2287,,,chapter,171,0,0,2026-03-07 13:37:04.946,2026-03-07 13:37:04.946,,,false,
f52806e8-dc5f-4549-a2fa-655e6a28ecef,fb09a54a-d9fa-404d-986a-bf1ccb7d2287,,,chapter,256,0,0,2026-03-07 14:53:15.426,2026-03-07 14:53:15.426,,,false,
f52d04f9-7098-4e0c-a1ea-757e3c705602,50a5c422-6a50-4eb6-b173-111ffffc3d41,,,chapter,424,0,0,2026-03-07 15:53:57.714,2026-03-07 15:53:57.714,,,false,
f52fd5d0-d282-4f41-b5c1-f4b783e553fe,50a5c422-6a50-4eb6-b173-111ffffc3d41,,,chapter,328,0,0,2026-03-07 15:27:42.633,2026-03-07 15:27:42.633,,,false,
f5417c03-c17c-4b15-9bd9-f6da4bf44777,50a5c422-6a50-4eb6-b173-111ffffc3d41,,,chapter,68,0,0,2026-03-07 16:06:50.373,2026-03-07 16:06:50.373,,,false,
f5490f07-fdb3-495f-8c9e-42a6e46b2461,a124c29b-236a-4dc5-9b03-290e082785d5,,,chapter,74,0,0,2026-03-07 15:08:48.388,2026-03-07 15:08:48.388,,,false,
f582dd66-d256-45ce-9c9d-784fb7bab494,fb09a54a-d9fa-404d-986a-bf1ccb7d2287,,,chapter,107,0,0,2026-03-07 12:12:29.544,2026-03-07 12:12:29.544,,,false,
f592593a-2a2a-4ca1-b061-0d72f894f57d,a765dc53-3f13-4f00-a19b-aa2cb581c9dd,125e398e-2559-43d7-bd43-9855cc3af7ea,,chapter,194,0,0,2026-03-07 14:42:13.17,2026-03-07 14:42:13.17,,,false,
f5a0b0f0-7f1c-4a6f-a3ed-52541e699c65,50a5c422-6a50-4eb6-b173-111ffffc3d41,,,chapter,372,0,0,2026-03-07 15:41:34.084,2026-03-07 15:41:34.084,,,false,
f5a8e31c-7bc7-4071-ac5a-93d03a7b1df8,a765dc53-3f13-4f00-a19b-aa2cb581c9dd,125e398e-2559-43d7-bd43-9855cc3af7ea,,chapter,321,0,0,2026-03-07 15:48:34.491,2026-03-07 15:48:34.491,,,false,
f5b7ac01-b117-41c6-9a1a-fb04898de4b0,a124c29b-236a-4dc5-9b03-290e082785d5,,,chapter,96,0,0,2026-03-07 15:26:22.948,2026-03-07 15:26:22.948,,,false,
f5ba7176-28f1-496b-846b-d3a4460ff43c,a765dc53-3f13-4f00-a19b-aa2cb581c9dd,125e398e-2559-43d7-bd43-9855cc3af7ea,,chapter,95,0,0,2026-03-07 16:00:15.423,2026-03-07 16:00:15.423,,,false,
f5bdf7a9-aa38-4a9a-a652-6ee0d653bea0,a765dc53-3f13-4f00-a19b-aa2cb581c9dd,125e398e-2559-43d7-bd43-9855cc3af7ea,,chapter,165,0,0,2026-03-07 14:20:38.309,2026-03-07 14:20:38.309,,,false,
f5c4969d-e2cd-4258-9995-1e4d78371b5c,a765dc53-3f13-4f00-a19b-aa2cb581c9dd,6eef4131-c168-4f89-a4a9-b2ddde5c4ab8,,chapter,177,0,0,2026-03-07 14:30:13.327,2026-03-07 14:30:13.327,,,false,
f5d79763-ca7c-4c86-a477-3ddadb32e696,9be38f57-61b3-48fb-b053-984d2a423bd8,,,chapter,111,0,0,2026-03-07 12:11:33.498,2026-03-07 12:11:33.498,,,false,
f5dead40-e063-4330-b1ff-f1fa3370dd55,9be38f57-61b3-48fb-b053-984d2a423bd8,,,chapter,21,0,0,2026-03-07 12:43:52.369,2026-03-07 12:43:52.369,,,false,
f607f4e5-7faf-4844-bc73-6f3442a4686e,90be6fb3-9dcb-4cd1-8b2b-695e44ccc453,,,chapter,166,0,0,2026-03-07 13:30:49.419,2026-03-07 13:30:49.419,,,false,
f64b44ed-f16d-47a2-a990-006277278906,a124c29b-236a-4dc5-9b03-290e082785d5,,,chapter,156,0,0,2026-03-07 13:11:07.241,2026-03-07 13:11:07.241,,,false,
f661d360-e7da-4910-94b7-89f0d58adf46,50a5c422-6a50-4eb6-b173-111ffffc3d41,,,chapter,210,0,0,2026-03-07 14:04:56.309,2026-03-07 14:04:56.309,,,false,
f67058ed-2ca7-4c7a-9589-56945cb58a21,a765dc53-3f13-4f00-a19b-aa2cb581c9dd,125e398e-2559-43d7-bd43-9855cc3af7ea,,chapter,316,0,0,2026-03-07 15:48:09.086,2026-03-07 15:48:09.086,,,false,
f67abfad-651d-4f36-b97a-5742904d185a,a765dc53-3f13-4f00-a19b-aa2cb581c9dd,6eef4131-c168-4f89-a4a9-b2ddde5c4ab8,,chapter,57,0,0,2026-03-07 15:01:58.185,2026-03-07 15:01:58.185,,,false,
f6a077dd-b1c3-40a1-8e0d-451edfab8a4a,fd6ac307-0703-4168-8e6b-755812f44bae,,,chapter,183,0,0,2026-03-07 13:25:36.585,2026-03-07 13:25:36.585,,,false,
f6a74a57-957d-4bee-85f2-db290c3d0851,50a5c422-6a50-4eb6-b173-111ffffc3d41,,,chapter,417,0,0,2026-03-07 15:53:27.416,2026-03-07 15:53:27.416,,,false,
f6ab2eea-e389-4410-a271-1715b33664ee,61aa237e-d5bd-4f55-b5fc-be9683abc2c8,,,chapter,60,0,0,2026-03-07 12:50:14.163,2026-03-07 12:50:14.163,,,false,
f6b20db6-7681-4505-9b25-311ec63b5787,9a20020d-7bea-4fe6-8c9a-40712bf9e882,,,chapter,81,0,0,2026-03-07 13:45:16.412,2026-03-07 13:45:16.412,,,false,
f6b26df8-6af2-48e6-8cc6-d90defae9dc5,fd6ac307-0703-4168-8e6b-755812f44bae,,,chapter,359,0,0,2026-03-07 15:31:08.126,2026-03-07 15:31:08.126,,,false,
f6c0124b-840d-4385-b878-c468090492d0,a765dc53-3f13-4f00-a19b-aa2cb581c9dd,125e398e-2559-43d7-bd43-9855cc3af7ea,,chapter,241,0,0,2026-03-07 15:22:04.237,2026-03-07 15:22:04.237,,,false,
f6c16ed6-5f42-4fe3-b287-a1015d57e4d9,86ecbec7-1381-43fa-9f0b-701e37d40083,,,chapter,76,0,0,2026-03-07 13:48:58.972,2026-03-07 13:48:58.972,,,false,
f6f45c20-f6da-454f-8822-cee960c05446,a765dc53-3f13-4f00-a19b-aa2cb581c9dd,125e398e-2559-43d7-bd43-9855cc3af7ea,,chapter,143,0,0,2026-03-07 14:07:42.41,2026-03-07 14:07:42.41,,,false,
f7068d16-dfce-4c71-981b-c498d41b391e,5fc9a5b6-e624-46f0-a9bc-df01537b4907,,,chapter,213,0,0,2026-03-07 13:58:25.664,2026-03-07 13:58:25.664,,,false,
f7092903-7cfa-4edc-8283-2c2726b3abec,fd6ac307-0703-4168-8e6b-755812f44bae,,,chapter,123,0,0,2026-03-07 12:18:55.232,2026-03-07 12:18:55.232,,,false,
f715f1a9-c258-4ca0-b066-799c2dbb7f11,a765dc53-3f13-4f00-a19b-aa2cb581c9dd,6eef4131-c168-4f89-a4a9-b2ddde5c4ab8,,chapter,9.5,0,0,2026-03-07 15:21:33.829,2026-03-07 15:21:33.829,,,false,
f717ff03-a8ac-4f9a-9147-33a868e0b58d,fd6ac307-0703-4168-8e6b-755812f44bae,,,chapter,164,0,0,2026-03-07 13:07:28.275,2026-03-07 13:07:28.275,,,false,
f71d2557-637a-466d-9371-e635a120afc1,5fc9a5b6-e624-46f0-a9bc-df01537b4907,,,chapter,44,0,0,2026-03-07 14:35:10.473,2026-03-07 14:35:10.473,,,false,
f74aba4a-7f9d-4fd9-8e64-eedf09fbe5dc,fd6ac307-0703-4168-8e6b-755812f44bae,,,chapter,53,0,0,2026-03-07 15:46:25.542,2026-03-07 15:46:25.542,,,false,
f767796e-276e-408e-8f16-c65f1b928f51,50a5c422-6a50-4eb6-b173-111ffffc3d41,,,chapter,506,0,0,2026-03-07 16:04:17.595,2026-03-07 16:04:17.595,,,false,
f76ba387-a6fa-493b-85e0-1bb05d591531,50a5c422-6a50-4eb6-b173-111ffffc3d41,,,chapter,489,0,0,2026-03-07 16:02:48.478,2026-03-07 16:02:48.478,,,false,
f774ba2b-a24c-43fd-9b9f-798acc26e3fd,5fc9a5b6-e624-46f0-a9bc-df01537b4907,,,chapter,202,0,0,2026-03-07 13:57:33.464,2026-03-07 13:57:33.464,,,false,
f784c74f-6fc3-4310-bd9a-dee35c48b43a,fd6ac307-0703-4168-8e6b-755812f44bae,,,chapter,241,0,0,2026-03-07 14:12:37.203,2026-03-07 14:12:37.203,,,false,
f7b21dd3-e367-485a-ba80-6c14a80a3bda,fb09a54a-d9fa-404d-986a-bf1ccb7d2287,,,chapter,41,0,0,2026-03-07 15:14:53.155,2026-03-07 15:14:53.155,,,false,
f7b44abd-8a82-4348-b12e-8d1ad6ee5f9f,fd6ac307-0703-4168-8e6b-755812f44bae,,,chapter,139,0,0,2026-03-07 12:34:37.121,2026-03-07 12:34:37.121,,,false,
f7b4968a-a057-489f-9560-566ac3cc2e7c,af8258f2-06f0-4bde-a687-0b55a69cb2c0,,,chapter,64,0,0,2026-03-07 12:52:56.331,2026-03-07 12:52:56.331,,,false,
f7b64ee7-24e5-447d-8040-62b47b2fe9fc,86ecbec7-1381-43fa-9f0b-701e37d40083,,,chapter,106,0,0,2026-03-07 12:08:29.517,2026-03-07 12:08:29.517,,,false,
f7b66000-33f0-4a7c-a673-85f0fcc1181b,9be38f57-61b3-48fb-b053-984d2a423bd8,,,chapter,62,0,0,2026-03-07 13:50:34.48,2026-03-07 13:50:34.48,,,false,
f7c91240-06b7-40cd-9216-c1708fabdd97,fb09a54a-d9fa-404d-986a-bf1ccb7d2287,,,chapter,70,0,0,2026-03-07 15:30:03.176,2026-03-07 15:30:03.176,,,false,
f81eef0a-8285-4bd7-8744-503a8535897c,90be6fb3-9dcb-4cd1-8b2b-695e44ccc453,,,chapter,116,0,0,2026-03-07 12:39:25.253,2026-03-07 12:39:25.253,,,false,
f81f41a8-daf1-4e9a-aeab-62c2a0b3e362,fb09a54a-d9fa-404d-986a-bf1ccb7d2287,,,chapter,196,0,0,2026-03-07 13:55:05.441,2026-03-07 13:55:05.441,,,false,
f83281ea-292b-4ce1-9cce-9e70acbe122a,a765dc53-3f13-4f00-a19b-aa2cb581c9dd,125e398e-2559-43d7-bd43-9855cc3af7ea,,chapter,266,0,0,2026-03-07 15:33:06.62,2026-03-07 15:33:06.62,,,false,
f86b89e1-5348-43b8-8b5a-07a4f75125bd,5fc9a5b6-e624-46f0-a9bc-df01537b4907,,,chapter,65,0,0,2026-03-07 14:54:34.553,2026-03-07 14:54:34.553,,,false,
f87d1a48-5b69-4a5d-93da-af2b602fa451,90be6fb3-9dcb-4cd1-8b2b-695e44ccc453,,,chapter,46,0,0,2026-03-07 14:38:19.761,2026-03-07 14:38:19.761,,,false,
f898675a-cf97-4874-beb1-72d9be7b85a0,fd6ac307-0703-4168-8e6b-755812f44bae,,,chapter,178,0,0,2026-03-07 13:25:00.017,2026-03-07 13:25:00.017,,,false,
f8ab605a-1aa1-4a19-8d54-46b85349e2e3,a124c29b-236a-4dc5-9b03-290e082785d5,,,chapter,51,0,0,2026-03-07 14:56:57.019,2026-03-07 14:56:57.019,,,false,
f8c6e706-4cb5-4646-9f21-2b91ee0177b1,5fc9a5b6-e624-46f0-a9bc-df01537b4907,,,chapter,194,0,0,2026-03-07 13:41:26.068,2026-03-07 13:41:26.068,,,false,
f8f449b2-eb5e-4e8e-a0af-e9f4b4faa37d,fb09a54a-d9fa-404d-986a-bf1ccb7d2287,,,chapter,243,0,0,2026-03-07 14:42:41.541,2026-03-07 14:42:41.541,,,false,
f947c190-3481-4e11-869b-69b5123126c6,fd6ac307-0703-4168-8e6b-755812f44bae,,,chapter,28,0,0,2026-03-07 14:36:07.493,2026-03-07 14:36:07.493,,,false,
f953ac35-68cd-404a-9d7f-5cde5b3d3c3d,50a5c422-6a50-4eb6-b173-111ffffc3d41,,,chapter,378,0,0,2026-03-07 15:44:33.011,2026-03-07 15:44:33.011,,,false,
f9866221-0044-460a-9f02-b63dca28302d,fb09a54a-d9fa-404d-986a-bf1ccb7d2287,,,chapter,5,0,0,2026-03-07 15:23:20.927,2026-03-07 15:23:20.927,,,false,
f9a07342-c6db-4eef-a6f4-a5535035828d,fb09a54a-d9fa-404d-986a-bf1ccb7d2287,,,chapter,79,0,0,2026-03-07 15:34:14.468,2026-03-07 15:34:14.468,,,false,
f9b6bbb4-d268-44e4-838d-73ac95734b87,86ecbec7-1381-43fa-9f0b-701e37d40083,,,chapter,107,0,0,2026-03-07 12:08:48.567,2026-03-07 12:08:48.567,,,false,
f9b79a8c-6e58-4914-ae91-b310af126fb1,d7ade2ee-4851-453d-95e7-3887ef041e80,,,chapter,36,0,0,2026-03-07 12:46:27.56,2026-03-07 12:46:27.56,,,false,
f9f57f63-e79a-4851-affa-add04b97e2ca,9be38f57-61b3-48fb-b053-984d2a423bd8,,,chapter,36,0,0,2026-03-07 13:00:03.44,2026-03-07 13:00:03.44,,,false,
fa2b58b0-f3f7-4c64-b913-9a6b317c26ae,a765dc53-3f13-4f00-a19b-aa2cb581c9dd,125e398e-2559-43d7-bd43-9855cc3af7ea,,chapter,238,0,0,2026-03-07 15:13:59.149,2026-03-07 15:13:59.149,,,false,
fa406dbf-6bb8-4e10-b854-075db9cb4d13,fd6ac307-0703-4168-8e6b-755812f44bae,,,chapter,374,0,0,2026-03-07 15:35:34.566,2026-03-07 15:35:34.566,,,false,
fa40bd4d-4111-484e-84d9-57ce3142c32b,fb09a54a-d9fa-404d-986a-bf1ccb7d2287,,,chapter,172,0,0,2026-03-07 13:37:00.61,2026-03-07 13:37:00.61,,,false,
fa494964-be3f-495c-b4fa-88ed612fefb5,50a5c422-6a50-4eb6-b173-111ffffc3d41,,,chapter,292,0,0,2026-03-07 15:10:46.779,2026-03-07 15:10:46.779,,,false,
fa90bf9b-bc0a-45ba-b916-a73291ef1395,5fc9a5b6-e624-46f0-a9bc-df01537b4907,,,chapter,71,0,0,2026-03-07 14:55:10.126,2026-03-07 14:55:10.126,,,false,
fa93615f-2327-483f-ad04-dcf7a3f2f940,a765dc53-3f13-4f00-a19b-aa2cb581c9dd,6eef4131-c168-4f89-a4a9-b2ddde5c4ab8,,chapter,4,0,0,2026-03-07 14:50:39.694,2026-03-07 14:50:39.694,,,false,
fa94cdec-a55c-4379-9286-8a764492b8c1,af8258f2-06f0-4bde-a687-0b55a69cb2c0,,,chapter,82,0,0,2026-03-07 13:26:00.133,2026-03-07 13:26:00.133,,,false,
fab28ea4-582a-42ec-9e98-9f35ca64f070,9a20020d-7bea-4fe6-8c9a-40712bf9e882,,,chapter,30,0,0,2026-03-07 12:53:06.24,2026-03-07 12:53:06.24,,,false,
facd53ed-c9cf-46b2-acf4-6f5bf60cd00c,fb09a54a-d9fa-404d-986a-bf1ccb7d2287,,,chapter,142,0,0,2026-03-07 13:00:22.902,2026-03-07 13:00:22.902,,,false,
fad2ce10-4ae4-4e99-a5b4-4542e9754a38,61829d6d-8dc1-411e-a3f8-2c26cb5606e8,,,chapter,134,0,0,2026-03-07 12:47:15.305,2026-03-07 12:47:15.305,,,false,
fb1e5380-9022-4bea-b72d-6126211c98f5,90be6fb3-9dcb-4cd1-8b2b-695e44ccc453,,,chapter,29,0,0,2026-03-07 14:26:53.824,2026-03-07 14:26:53.824,,,false,
fb375c73-92c0-4f85-a9c2-2432241ec5f9,86ecbec7-1381-43fa-9f0b-701e37d40083,,,chapter,6,2,0,2026-03-07 13:31:37.809,2026-03-07 13:31:37.809,,,false,
fb3775ee-7110-4b25-bd39-ed557b37114b,fd6ac307-0703-4168-8e6b-755812f44bae,,,chapter,237,0,0,2026-03-07 14:12:22.535,2026-03-07 14:12:22.535,,,false,
fb442763-25dc-458c-81d3-c098eaaedb58,50a5c422-6a50-4eb6-b173-111ffffc3d41,,,chapter,85,0,0,2026-03-07 16:08:18.828,2026-03-07 16:08:18.828,,,false,
fb50afef-d407-4a97-9d2d-f606c385ae14,fb09a54a-d9fa-404d-986a-bf1ccb7d2287,,,chapter,177,0,0,2026-03-07 13:37:37.766,2026-03-07 13:37:37.766,,,false,
fb5151dd-8d14-4301-b0b1-14188d582bb1,50a5c422-6a50-4eb6-b173-111ffffc3d41,,,chapter,207,0,0,2026-03-07 14:04:32.019,2026-03-07 14:04:32.019,,,false,
fb62b610-da29-4594-87f2-c32c624f0713,fb09a54a-d9fa-404d-986a-bf1ccb7d2287,,,chapter,9,0,0,2026-03-07 15:35:12.152,2026-03-07 15:35:12.152,,,false,
fb71c48b-4762-4196-b11a-946ace5a599d,fb09a54a-d9fa-404d-986a-bf1ccb7d2287,,,chapter,185,0,0,2026-03-07 13:54:17.884,2026-03-07 13:54:17.884,,,false,
fb8d2734-01da-4913-8912-a63126101da2,5fc9a5b6-e624-46f0-a9bc-df01537b4907,,,chapter,223,0,0,2026-03-07 14:11:56.3,2026-03-07 14:11:56.3,,,false,
fb920376-1c53-48e0-bc0e-9846c1c9600e,50a5c422-6a50-4eb6-b173-111ffffc3d41,,,chapter,158,0,0,2026-03-07 13:14:04.803,2026-03-07 13:14:04.803,,,false,
fba2f475-e5a2-47fe-beb6-d84a5d966936,50a5c422-6a50-4eb6-b173-111ffffc3d41,,,chapter,278,0,0,2026-03-07 14:59:39.626,2026-03-07 14:59:39.626,,,false,
fba4ce96-acfa-4a42-9b31-1f4ff0044946,50a5c422-6a50-4eb6-b173-111ffffc3d41,,,chapter,415,0,0,2026-03-07 15:51:09.766,2026-03-07 15:51:09.766,,,false,
fbe15cd6-6ab0-4ff8-807b-f2a4b9211cc6,61829d6d-8dc1-411e-a3f8-2c26cb5606e8,,,chapter,10,0,0,2026-03-07 12:14:08.461,2026-03-07 12:14:08.461,,,false,
fbf6e942-2b5b-4591-a14f-5b995a6e520e,50a5c422-6a50-4eb6-b173-111ffffc3d41,,,chapter,514,0,0,2026-03-07 16:04:54.864,2026-03-07 16:04:54.864,,,false,
fc12fd8f-87f9-4e5b-be6b-36e2c8b6f950,a765dc53-3f13-4f00-a19b-aa2cb581c9dd,125e398e-2559-43d7-bd43-9855cc3af7ea,,chapter,59,0,0,2026-03-07 15:54:44.916,2026-03-07 15:54:44.916,,,false,
fc1e4f48-696e-4dd2-8bf9-ed208f3a2520,a765dc53-3f13-4f00-a19b-aa2cb581c9dd,125e398e-2559-43d7-bd43-9855cc3af7ea,,chapter,96,0,0,2026-03-07 16:00:19.696,2026-03-07 16:00:19.696,,,false,
fc3b6a4e-998c-45ad-a4cc-1a3397ff8702,a124c29b-236a-4dc5-9b03-290e082785d5,,,chapter,202,0,0,2026-03-07 14:13:41.752,2026-03-07 14:13:41.752,,,false,
fc3cc8f2-2201-4524-accf-f5ff12893405,61aa237e-d5bd-4f55-b5fc-be9683abc2c8,,,chapter,64,0,0,2026-03-07 13:05:31.315,2026-03-07 13:05:31.315,,,false,
fc4d5c86-3c2e-4e3d-9635-73c1e5ac623d,50a5c422-6a50-4eb6-b173-111ffffc3d41,,,chapter,486,0,0,2026-03-07 16:02:31.876,2026-03-07 16:02:31.876,,,false,
fc8e7100-2602-4671-88c2-71b4ce8c5ca7,fd6ac307-0703-4168-8e6b-755812f44bae,,,chapter,392,0,0,2026-03-07 15:39:48.919,2026-03-07 15:39:48.919,,,false,
fcade4b9-16c9-4630-a2fe-94673f018696,a765dc53-3f13-4f00-a19b-aa2cb581c9dd,6eef4131-c168-4f89-a4a9-b2ddde5c4ab8,,chapter,36,0,0,2026-03-07 14:50:54.542,2026-03-07 14:50:54.542,,,false,
fcaf7316-cb4d-4b85-9299-a25febeff0f7,9a20020d-7bea-4fe6-8c9a-40712bf9e882,,,chapter,87,0,0,2026-03-07 13:45:49.839,2026-03-07 13:45:49.839,,,false,
fcb24777-43f1-49d6-94fb-c5a9a1de13b3,50a5c422-6a50-4eb6-b173-111ffffc3d41,,,chapter,495,0,0,2026-03-07 16:03:14.794,2026-03-07 16:03:14.794,,,false,
fcb8037d-68fb-486a-80e1-2b09d983ef49,fd6ac307-0703-4168-8e6b-755812f44bae,,,chapter,195,0,0,2026-03-07 13:43:00.845,2026-03-07 13:43:00.845,,,false,
fcbcf483-1163-4dd8-9257-4368eb317bc8,50a5c422-6a50-4eb6-b173-111ffffc3d41,,,chapter,153,0,0,2026-03-07 12:59:00.088,2026-03-07 12:59:00.088,,,false,
fcded38b-efde-4180-8ca0-d21df6149eab,fb09a54a-d9fa-404d-986a-bf1ccb7d2287,,,chapter,155,0,0,2026-03-07 13:18:27.808,2026-03-07 13:18:27.808,,,false,
fcdf0021-a504-4b2a-ba02-75312f822023,61829d6d-8dc1-411e-a3f8-2c26cb5606e8,,,chapter,84,0,0,2026-03-07 14:32:55.935,2026-03-07 14:32:55.935,,,false,
fcf5932d-3603-49e1-8755-a954a7a75ad8,9be38f57-61b3-48fb-b053-984d2a423bd8,,,chapter,86,0,0,2026-03-07 14:05:58.445,2026-03-07 14:05:58.445,,,false,
fd0436e0-988a-403b-bdb0-63038f87e7d8,a765dc53-3f13-4f00-a19b-aa2cb581c9dd,125e398e-2559-43d7-bd43-9855cc3af7ea,,chapter,101,0,0,2026-03-07 13:17:37.626,2026-03-07 13:17:37.626,,,false,
fd36b457-5fd8-4394-a3e7-e3882e92bc02,90be6fb3-9dcb-4cd1-8b2b-695e44ccc453,,,chapter,99,0,0,2026-03-07 15:19:28.348,2026-03-07 15:19:28.348,,,false,
fd3a5ce7-30bd-4d83-a64b-b2264120d52b,5fc9a5b6-e624-46f0-a9bc-df01537b4907,,,chapter,51,0,0,2026-03-07 14:44:19.131,2026-03-07 14:44:19.131,,,false,
fd47fd45-e9c1-4c80-9555-7897717bbd27,fd6ac307-0703-4168-8e6b-755812f44bae,,,chapter,399,0,0,2026-03-07 15:40:16.382,2026-03-07 15:40:16.382,,,false,
fd5cd703-3d37-4b07-82ac-503f39294775,90be6fb3-9dcb-4cd1-8b2b-695e44ccc453,,,chapter,178,0,0,2026-03-07 13:47:33.596,2026-03-07 13:47:33.596,,,false,
fd66e312-9f05-4d78-8ade-a3902b7d972a,5fc9a5b6-e624-46f0-a9bc-df01537b4907,,,chapter,94,0,0,2026-03-07 15:15:45.622,2026-03-07 15:15:45.622,,,false,
fd6a18ed-b2f2-470b-8b0a-7102e034b13b,fb09a54a-d9fa-404d-986a-bf1ccb7d2287,,,chapter,18,0,0,2026-03-07 13:37:33.604,2026-03-07 13:37:33.604,,,false,
fd76d885-d571-4821-b5c8-529083ccad53,50a5c422-6a50-4eb6-b173-111ffffc3d41,,,chapter,60,0,0,2026-03-07 16:06:20.012,2026-03-07 16:06:20.012,,,false,
fd856409-2cb2-4679-b8c9-129fca5749d2,a765dc53-3f13-4f00-a19b-aa2cb581c9dd,125e398e-2559-43d7-bd43-9855cc3af7ea,,chapter,267.5,0,0,2026-03-07 15:33:11.305,2026-03-07 15:33:11.305,,,false,
fd86d2ed-a4db-4627-a3d1-c913b8074be1,fd6ac307-0703-4168-8e6b-755812f44bae,,,chapter,73,0,0,2026-03-07 15:49:45.196,2026-03-07 15:49:45.196,,,false,
fd9a0752-172f-4bfc-b6e6-27393ea4cbd1,50a5c422-6a50-4eb6-b173-111ffffc3d41,,,chapter,342,0,0,2026-03-07 15:33:02.095,2026-03-07 15:33:02.095,,,false,
fdb0e878-38c2-4e9c-b67c-25143db96865,fb09a54a-d9fa-404d-986a-bf1ccb7d2287,,,chapter,93,0,0,2026-03-07 15:38:40.548,2026-03-07 15:38:40.548,,,false,
fdbed5cf-8c47-4ad2-a4ea-935e665e6a28,5fc9a5b6-e624-46f0-a9bc-df01537b4907,,,chapter,23,0,0,2026-03-07 14:23:28.472,2026-03-07 14:23:28.472,,,false,
fdd7b2ce-99b7-4c44-bd39-e53661765b33,50a5c422-6a50-4eb6-b173-111ffffc3d41,,,chapter,3,0,0,2026-03-07 15:11:29.776,2026-03-07 15:11:29.776,,,false,
fdd8ad04-0b0a-419a-b6db-2c12739bcd2a,90be6fb3-9dcb-4cd1-8b2b-695e44ccc453,,,chapter,150,0,0,2026-03-07 13:12:30.181,2026-03-07 13:12:30.181,,,false,
fde88c8c-44fb-4c7e-83d0-41fe4e2fce48,fd6ac307-0703-4168-8e6b-755812f44bae,,,chapter,342,0,0,2026-03-07 15:24:25.363,2026-03-07 15:24:25.363,,,false,
fe0cdaed-31c2-4cdb-af0e-55530287ad11,fd6ac307-0703-4168-8e6b-755812f44bae,,,chapter,249,0,0,2026-03-07 14:13:13.155,2026-03-07 14:13:13.155,,,false,
fe4c8403-6452-48f7-97d8-8fb7c2d9d1ce,a124c29b-236a-4dc5-9b03-290e082785d5,,,chapter,61,0,0,2026-03-07 14:57:41.323,2026-03-07 14:57:41.323,,,false,
fe74c6d9-5814-4c3a-a846-a85e4d249076,a765dc53-3f13-4f00-a19b-aa2cb581c9dd,125e398e-2559-43d7-bd43-9855cc3af7ea,,chapter,210,0,0,2026-03-07 15:02:26.762,2026-03-07 15:02:26.762,,,false,
fe84b1bb-eb52-4c2d-84f8-d6609ac3153b,9be38f57-61b3-48fb-b053-984d2a423bd8,,,chapter,25,0,0,2026-03-07 12:59:21.976,2026-03-07 12:59:21.976,,,false,
fe84d805-49da-41c8-be91-7175ce2d50b2,9a20020d-7bea-4fe6-8c9a-40712bf9e882,,,chapter,34,0,0,2026-03-07 12:53:24.701,2026-03-07 12:53:24.701,,,false,
fea182db-73ee-42b1-8f88-a389b564835a,a765dc53-3f13-4f00-a19b-aa2cb581c9dd,6eef4131-c168-4f89-a4a9-b2ddde5c4ab8,,chapter,69,0,0,2026-03-07 15:12:07.774,2026-03-07 15:12:07.774,,,false,
feaec4ed-fcd1-4301-899b-8f7b8615a203,50a5c422-6a50-4eb6-b173-111ffffc3d41,,,chapter,130,0,0,2026-03-07 12:41:49.897,2026-03-07 12:41:49.897,,,false,
feb80417-0e1b-47c0-804e-6ca565c92a70,a765dc53-3f13-4f00-a19b-aa2cb581c9dd,125e398e-2559-43d7-bd43-9855cc3af7ea,,chapter,109,0,0,2026-03-07 13:18:04.758,2026-03-07 13:18:04.758,,,false,
fecd28c8-521f-479e-8a7d-e948c594ec24,fb09a54a-d9fa-404d-986a-bf1ccb7d2287,,,chapter,100,0,0,2026-03-07 12:11:49.528,2026-03-07 12:11:49.528,,,false,
fece0518-3a1c-4d81-b03a-9146e606dfe5,a124c29b-236a-4dc5-9b03-290e082785d5,,,chapter,141,0,0,2026-03-07 12:55:18.868,2026-03-07 12:55:18.868,,,false,
fee72583-2a01-46ee-9769-07c220b80475,fd6ac307-0703-4168-8e6b-755812f44bae,,,chapter,367,0,0,2026-03-07 15:31:27.083,2026-03-07 15:31:27.083,,,false,
fee99823-1726-49dc-8ae8-472a27ec2234,90be6fb3-9dcb-4cd1-8b2b-695e44ccc453,,,chapter,186,0,0,2026-03-07 14:01:51.091,2026-03-07 14:01:51.091,,,false,
feebd49a-adfe-4602-9359-79b853bc6534,a765dc53-3f13-4f00-a19b-aa2cb581c9dd,125e398e-2559-43d7-bd43-9855cc3af7ea,,chapter,30,0,0,2026-03-07 15:42:27.778,2026-03-07 15:42:27.778,,,false,
feef2dd6-800b-4b3c-b92d-9081b2064236,af8258f2-06f0-4bde-a687-0b55a69cb2c0,,,chapter,93,0,0,2026-03-07 13:26:59.819,2026-03-07 13:26:59.819,,,false,
ff088d44-fcd3-48f7-b62a-b62d90dd2f50,a765dc53-3f13-4f00-a19b-aa2cb581c9dd,6eef4131-c168-4f89-a4a9-b2ddde5c4ab8,,chapter,130,0,0,2026-03-07 13:52:21.241,2026-03-07 13:52:21.241,,,false,
ff2a898a-2645-49b8-9164-9486b0ece5e0,50a5c422-6a50-4eb6-b173-111ffffc3d41,,,chapter,477,0,0,2026-03-07 16:01:54.993,2026-03-07 16:01:54.993,,,false,
ff34f2e6-a0db-4474-9e20-b233cd0c58d4,a765dc53-3f13-4f00-a19b-aa2cb581c9dd,6eef4131-c168-4f89-a4a9-b2ddde5c4ab8,,chapter,104,0,0,2026-03-07 13:16:35.487,2026-03-07 13:16:35.487,,,false,
ff4996ba-5fd1-4629-995d-1ce30dbc7097,a765dc53-3f13-4f00-a19b-aa2cb581c9dd,6eef4131-c168-4f89-a4a9-b2ddde5c4ab8,,chapter,96,0,0,2026-03-07 15:28:14.946,2026-03-07 15:28:14.946,,,false,
ff4c6a22-9c1f-4d33-a2dd-0f206a060d5a,61aa237e-d5bd-4f55-b5fc-be9683abc2c8,,,chapter,70,0,0,2026-03-07 13:06:15.479,2026-03-07 13:06:15.479,,,false,
ff4e9981-3749-459a-8494-08c3af9c76ad,fb09a54a-d9fa-404d-986a-bf1ccb7d2287,,,chapter,39,0,0,2026-03-07 15:14:20.385,2026-03-07 15:14:20.385,,,false,
ff6977b5-cad0-470c-85db-5700c9342b28,fb09a54a-d9fa-404d-986a-bf1ccb7d2287,,,chapter,194,0,0,2026-03-07 13:55:00.21,2026-03-07 13:55:00.21,,,false,
ff6b24a0-ad1b-40a1-9f25-a98c82dc48f8,fb09a54a-d9fa-404d-986a-bf1ccb7d2287,,,chapter,48,0,0,2026-03-07 15:15:06.822,2026-03-07 15:15:06.822,,,false,
ff70a6ed-081b-4dee-995c-b03d7b668d99,61aa237e-d5bd-4f55-b5fc-be9683abc2c8,,,chapter,65,0,0,2026-03-07 13:05:09.071,2026-03-07 13:05:09.071,,,false,
ff79162d-983c-46d1-a6d2-08f66c85951a,50a5c422-6a50-4eb6-b173-111ffffc3d41,,,chapter,164,0,0,2026-03-07 13:14:17.818,2026-03-07 13:14:17.818,,,false,
ff7a8b78-c528-4c53-947e-7b4025da90b4,5fc9a5b6-e624-46f0-a9bc-df01537b4907,,,chapter,118,0,0,2026-03-07 12:15:33.621,2026-03-07 12:15:33.621,,,false,
ff7cb294-1de9-44ed-b2a9-3e40e4dc319f,fb09a54a-d9fa-404d-986a-bf1ccb7d2287,,,chapter,151,0,0,2026-03-07 13:01:08.249,2026-03-07 13:01:08.249,,,false,
ffbde7b9-475c-42a4-b493-5ef4bc43f61d,9a20020d-7bea-4fe6-8c9a-40712bf9e882,,,chapter,67,0,0,2026-03-07 13:27:58.481,2026-03-07 13:27:58.481,,,false,
ffc12358-30d3-41d9-be54-623839d404e6,90be6fb3-9dcb-4cd1-8b2b-695e44ccc453,,,chapter,82,0,0,2026-03-07 15:09:36.04,2026-03-07 15:09:36.04,,,false,