id,name,email,password,gender,birthday,join_date,role,nation_id,avatar_id,is_deleted,is_banned
009a6610-100b-4493-b310-2e47e03ccb23,Wyman Maurice,Clay_Hayes@hotmail.com,$2b$10$WYfD2NnELDt7TzPcqOCHQOd2fLEgifczWhdJl2BGaB6pWmcst5k/m,other,,2026-03-19 12:38:08.161,user,,b70841dd-d745-45be-8d90-d8fcb608d294,false,true
00ffde8a-5ecc-4834-bebd-b1921422f285,Terry Angelina,Timmothy26@yahoo.com,$2b$10$WYfD2NnELDt7TzPcqOCHQOd2fLEgifczWhdJl2BGaB6pWmcst5k/m,other,,2026-03-19 12:38:08.161,user,,b70841dd-d745-45be-8d90-d8fcb608d294,false,true
0124d745-ff42-498c-9e89-7b331359955f,Pfannerstill Essie,Perry.Funk65@hotmail.com,$2b$10$WYfD2NnELDt7TzPcqOCHQOd2fLEgifczWhdJl2BGaB6pWmcst5k/m,other,,2026-03-19 12:38:08.161,user,,b70841dd-d745-45be-8d90-d8fcb608d294,false,true
01df9587-139d-488f-b91f-9598c12c0581,Hessel Winston,Abraham.Gleichner29@yahoo.com,$2b$10$WYfD2NnELDt7TzPcqOCHQOd2fLEgifczWhdJl2BGaB6pWmcst5k/m,other,,2026-03-19 12:38:08.161,user,,b70841dd-d745-45be-8d90-d8fcb608d294,false,true
02bc5260-7778-4bac-a94b-b82356051957,Wintheiser Dan,Leif.Welch99@hotmail.com,$2b$10$WYfD2NnELDt7TzPcqOCHQOd2fLEgifczWhdJl2BGaB6pWmcst5k/m,other,,2026-03-19 12:38:08.161,user,,b70841dd-d745-45be-8d90-d8fcb608d294,false,false
02c78f41-3d44-4a4a-bbbd-bdece5e4f12b,Kautzer Amelia,Ken.Runte@yahoo.com,$2b$10$WYfD2NnELDt7TzPcqOCHQOd2fLEgifczWhdJl2BGaB6pWmcst5k/m,other,,2026-03-19 12:38:08.161,user,,b70841dd-d745-45be-8d90-d8fcb608d294,false,true
02ea3e9a-c9a0-468a-8167-0d1355726a6d,Thiel Ted,Rosemary.Greenfelder-Ortiz2@gmail.com,$2b$10$WYfD2NnELDt7TzPcqOCHQOd2fLEgifczWhdJl2BGaB6pWmcst5k/m,other,,2026-03-19 12:38:08.161,user,,b70841dd-d745-45be-8d90-d8fcb608d294,false,true
03fb5306-4835-4a90-9706-beb5c55bcf17,Mayert Marty,Neha.Mosciski@hotmail.com,$2b$10$WYfD2NnELDt7TzPcqOCHQOd2fLEgifczWhdJl2BGaB6pWmcst5k/m,other,,2026-03-19 12:38:08.161,user,,b70841dd-d745-45be-8d90-d8fcb608d294,false,false
04adfec5-e9fc-4bcf-81e8-80d324a4fdfa,Heidenreich Santiago,Arjun61@yahoo.com,$2b$10$WYfD2NnELDt7TzPcqOCHQOd2fLEgifczWhdJl2BGaB6pWmcst5k/m,other,,2026-03-19 12:38:08.161,user,,b70841dd-d745-45be-8d90-d8fcb608d294,false,false
04b30cbc-ac71-49d4-9818-51c8db24e25e,Yost Beatrice,Lonnie.Kassulke58@gmail.com,$2b$10$WYfD2NnELDt7TzPcqOCHQOd2fLEgifczWhdJl2BGaB6pWmcst5k/m,other,,2026-03-19 12:38:08.161,user,,b70841dd-d745-45be-8d90-d8fcb608d294,false,true
05215c88-982a-4463-82b6-f9d5e0ba8aeb,Gislason Francis,Eudora_Koepp79@hotmail.com,$2b$10$WYfD2NnELDt7TzPcqOCHQOd2fLEgifczWhdJl2BGaB6pWmcst5k/m,other,,2026-03-19 12:38:08.161,user,,b70841dd-d745-45be-8d90-d8fcb608d294,false,false
05738b9e-1eee-4591-8635-85ff5e8a7a08,Heller Donald,Orlo13@hotmail.com,$2b$10$WYfD2NnELDt7TzPcqOCHQOd2fLEgifczWhdJl2BGaB6pWmcst5k/m,other,,2026-03-19 12:38:08.161,user,,b70841dd-d745-45be-8d90-d8fcb608d294,false,false
057cee98-9355-4ce6-99e1-33a101dc436b,Mante-Abbott Orion,Adam_Spencer@gmail.com,$2b$10$WYfD2NnELDt7TzPcqOCHQOd2fLEgifczWhdJl2BGaB6pWmcst5k/m,other,,2026-03-19 12:38:08.161,user,,b70841dd-d745-45be-8d90-d8fcb608d294,false,true
05af75af-132d-4f9b-b1e0-479bd8a181c7,Jones Dawson,Whitney_Walsh31@yahoo.com,$2b$10$WYfD2NnELDt7TzPcqOCHQOd2fLEgifczWhdJl2BGaB6pWmcst5k/m,other,,2026-03-19 12:38:08.161,user,,b70841dd-d745-45be-8d90-d8fcb608d294,false,false
05e95fb1-4fcc-4681-a8a6-5c90e7091f1e,Grimes Jonathan,Shane40@gmail.com,$2b$10$WYfD2NnELDt7TzPcqOCHQOd2fLEgifczWhdJl2BGaB6pWmcst5k/m,other,,2026-03-19 12:38:08.161,user,,b70841dd-d745-45be-8d90-d8fcb608d294,false,false
07619554-71f6-4a23-a1f4-9173ff92250b,Cormier Regina,Raymond5@hotmail.com,$2b$10$WYfD2NnELDt7TzPcqOCHQOd2fLEgifczWhdJl2BGaB6pWmcst5k/m,other,,2026-03-19 12:38:08.161,user,,b70841dd-d745-45be-8d90-d8fcb608d294,false,false
078f76b0-debd-4fa5-bbd5-4ddfbad426f0,Strosin Charles,Herman_Littel68@yahoo.com,$2b$10$WYfD2NnELDt7TzPcqOCHQOd2fLEgifczWhdJl2BGaB6pWmcst5k/m,other,,2026-03-19 12:38:08.161,user,,b70841dd-d745-45be-8d90-d8fcb608d294,false,false
07f21fa0-b264-482d-b4aa-c839eb3cdc88,Wyman Ally,Ernestina.Hansen2@yahoo.com,$2b$10$WYfD2NnELDt7TzPcqOCHQOd2fLEgifczWhdJl2BGaB6pWmcst5k/m,other,,2026-03-19 12:38:08.161,user,,b70841dd-d745-45be-8d90-d8fcb608d294,false,false
0802b87f-81c6-4873-8612-eda091e016ab,Nolan Haskell,Violet_Frami60@yahoo.com,$2b$10$WYfD2NnELDt7TzPcqOCHQOd2fLEgifczWhdJl2BGaB6pWmcst5k/m,other,,2026-03-19 12:38:08.161,user,,b70841dd-d745-45be-8d90-d8fcb608d294,false,false
0849ca9f-9327-47bb-af26-ad139107a1d6,Weissnat Doreen,Cristal_Macejkovic@yahoo.com,$2b$10$WYfD2NnELDt7TzPcqOCHQOd2fLEgifczWhdJl2BGaB6pWmcst5k/m,other,,2026-03-19 12:38:08.161,user,,b70841dd-d745-45be-8d90-d8fcb608d294,false,true
08ccc02f-5496-4481-b8a7-45662368845e,Stracke Alta,Brook_Schaden@hotmail.com,$2b$10$WYfD2NnELDt7TzPcqOCHQOd2fLEgifczWhdJl2BGaB6pWmcst5k/m,other,,2026-03-19 12:38:08.161,user,,b70841dd-d745-45be-8d90-d8fcb608d294,false,false
08f29417-4950-44e8-a5d2-3f0fd524da22,Durgan Paula,Hiram_Hickle71@yahoo.com,$2b$10$WYfD2NnELDt7TzPcqOCHQOd2fLEgifczWhdJl2BGaB6pWmcst5k/m,other,,2026-03-19 12:38:08.161,user,,b70841dd-d745-45be-8d90-d8fcb608d294,false,false
098706e1-65b9-4481-87c0-e01f8044354a,Boehm Jensen,Billy.Cremin@yahoo.com,$2b$10$WYfD2NnELDt7TzPcqOCHQOd2fLEgifczWhdJl2BGaB6pWmcst5k/m,other,,2026-03-19 12:38:08.161,user,,b70841dd-d745-45be-8d90-d8fcb608d294,false,false
09f3bcde-0c84-4e4a-bd60-26a9c7321e87,Bogan Jack,Virgil_Altenwerth@gmail.com,$2b$10$WYfD2NnELDt7TzPcqOCHQOd2fLEgifczWhdJl2BGaB6pWmcst5k/m,other,,2026-03-19 12:38:08.161,user,,b70841dd-d745-45be-8d90-d8fcb608d294,false,false
0a8e9be5-85b4-42ab-b065-3545bca5ee23,Nader Candace,Robert_Stokes-Will@gmail.com,$2b$10$WYfD2NnELDt7TzPcqOCHQOd2fLEgifczWhdJl2BGaB6pWmcst5k/m,other,,2026-03-19 12:38:08.161,user,,b70841dd-d745-45be-8d90-d8fcb608d294,false,false
0ba33f12-a1c3-457c-bebf-506ba31e44cc,Leuschke Cornell,Fabian41@hotmail.com,$2b$10$WYfD2NnELDt7TzPcqOCHQOd2fLEgifczWhdJl2BGaB6pWmcst5k/m,other,,2026-03-19 12:38:08.161,user,,b70841dd-d745-45be-8d90-d8fcb608d294,false,false
0cc1e63f-7bda-4051-97dc-7b74cc721be9,Ebert Mia,Lambert94@yahoo.com,$2b$10$WYfD2NnELDt7TzPcqOCHQOd2fLEgifczWhdJl2BGaB6pWmcst5k/m,other,,2026-03-19 12:38:08.161,user,,b70841dd-d745-45be-8d90-d8fcb608d294,false,false
0d0ce0b7-aeba-4a21-b3ea-26616ca4d9e9,Larson Tomas,Jeanette27@yahoo.com,$2b$10$WYfD2NnELDt7TzPcqOCHQOd2fLEgifczWhdJl2BGaB6pWmcst5k/m,other,,2026-03-19 12:38:08.161,user,,b70841dd-d745-45be-8d90-d8fcb608d294,false,false
0ee53d5a-42e6-49f6-9002-c8c9495e807c,Howe Rosie,Molly_Gutmann56@yahoo.com,$2b$10$WYfD2NnELDt7TzPcqOCHQOd2fLEgifczWhdJl2BGaB6pWmcst5k/m,other,,2026-03-19 12:38:08.161,user,,b70841dd-d745-45be-8d90-d8fcb608d294,false,false
0faa4d17-8777-4d16-8b64-3074fb93b732,Mills Damon,Devante.Gislason@gmail.com,$2b$10$WYfD2NnELDt7TzPcqOCHQOd2fLEgifczWhdJl2BGaB6pWmcst5k/m,other,,2026-03-19 12:38:08.161,user,,b70841dd-d745-45be-8d90-d8fcb608d294,false,false
111c4c73-f5f9-4134-a690-332ec71283b0,Metz Loraine,Clifford.Steuber@yahoo.com,$2b$10$WYfD2NnELDt7TzPcqOCHQOd2fLEgifczWhdJl2BGaB6pWmcst5k/m,other,,2026-03-19 12:38:08.161,user,,b70841dd-d745-45be-8d90-d8fcb608d294,false,false
1179d388-787c-43e9-accf-ca202e4ac2a7,Beier Addie,Lyla_OKeefe@yahoo.com,$2b$10$WYfD2NnELDt7TzPcqOCHQOd2fLEgifczWhdJl2BGaB6pWmcst5k/m,other,,2026-03-19 12:38:08.161,user,,b70841dd-d745-45be-8d90-d8fcb608d294,false,false
11f87179-db69-47fa-8a40-9956f55a1401,Terry Wyatt,Emilio_Prosacco11@gmail.com,$2b$10$WYfD2NnELDt7TzPcqOCHQOd2fLEgifczWhdJl2BGaB6pWmcst5k/m,other,,2026-03-19 12:38:08.161,user,,b70841dd-d745-45be-8d90-d8fcb608d294,false,false
1457b074-4c67-4c24-af2c-87f6a287520b,Klein Robyn,Ray38@hotmail.com,$2b$10$WYfD2NnELDt7TzPcqOCHQOd2fLEgifczWhdJl2BGaB6pWmcst5k/m,other,,2026-03-19 12:38:08.161,user,,b70841dd-d745-45be-8d90-d8fcb608d294,false,false
155c5fd9-f8c4-448b-a785-cbcdab955862,Gleichner Jennie,Patty99@gmail.com,$2b$10$WYfD2NnELDt7TzPcqOCHQOd2fLEgifczWhdJl2BGaB6pWmcst5k/m,other,,2026-03-19 12:38:08.161,user,,b70841dd-d745-45be-8d90-d8fcb608d294,false,false
155c8c4e-d812-4e3c-b282-11fbd22f973f,Muller Angelo,Leslie22@gmail.com,$2b$10$WYfD2NnELDt7TzPcqOCHQOd2fLEgifczWhdJl2BGaB6pWmcst5k/m,other,,2026-03-19 12:38:08.161,user,,b70841dd-d745-45be-8d90-d8fcb608d294,false,false
156ab17d-db86-4442-a74e-48b75ee7036e,Nienow-Runolfsson Antonio,Damon71@gmail.com,$2b$10$WYfD2NnELDt7TzPcqOCHQOd2fLEgifczWhdJl2BGaB6pWmcst5k/m,other,,2026-03-19 12:38:08.161,user,,b70841dd-d745-45be-8d90-d8fcb608d294,false,false
15b55ab4-1ef6-4c12-aa14-40a04f694769,Mueller Gail,Ettie_Schneider33@gmail.com,$2b$10$WYfD2NnELDt7TzPcqOCHQOd2fLEgifczWhdJl2BGaB6pWmcst5k/m,other,,2026-03-19 12:38:08.161,user,,b70841dd-d745-45be-8d90-d8fcb608d294,false,false
15bae755-43c6-457b-8ef2-eedc4046db44,Kuhlman Vilma,Gia.Bartell96@gmail.com,$2b$10$WYfD2NnELDt7TzPcqOCHQOd2fLEgifczWhdJl2BGaB6pWmcst5k/m,other,,2026-03-19 12:38:08.161,user,,b70841dd-d745-45be-8d90-d8fcb608d294,false,false
15de2b6b-ac36-4c95-8d0d-96154a7de514,Ledner Eula,Katie_Hermann12@yahoo.com,$2b$10$WYfD2NnELDt7TzPcqOCHQOd2fLEgifczWhdJl2BGaB6pWmcst5k/m,other,,2026-03-19 12:38:08.161,user,,b70841dd-d745-45be-8d90-d8fcb608d294,false,false
160e24a3-848e-4d7d-8f2f-bd1366f8fa67,Kuhlman Ashly,Rosa_Sipes27@gmail.com,$2b$10$WYfD2NnELDt7TzPcqOCHQOd2fLEgifczWhdJl2BGaB6pWmcst5k/m,other,,2026-03-19 12:38:08.161,user,,b70841dd-d745-45be-8d90-d8fcb608d294,false,false
164e47b1-3eab-47d5-9904-f8dbef05052a,Watsica Abel,Allen.Hirthe@yahoo.com,$2b$10$WYfD2NnELDt7TzPcqOCHQOd2fLEgifczWhdJl2BGaB6pWmcst5k/m,other,,2026-03-19 12:38:08.161,user,,b70841dd-d745-45be-8d90-d8fcb608d294,false,false
1718e078-9084-4159-b99e-1dea3216909f,Fahey-Smith Mitchell,Khalil34@yahoo.com,$2b$10$WYfD2NnELDt7TzPcqOCHQOd2fLEgifczWhdJl2BGaB6pWmcst5k/m,other,,2026-03-19 12:38:08.161,user,,b70841dd-d745-45be-8d90-d8fcb608d294,false,false
1777061d-e150-4574-a670-d91ee36dc39a,Carroll Estella,Mark.Koch@yahoo.com,$2b$10$WYfD2NnELDt7TzPcqOCHQOd2fLEgifczWhdJl2BGaB6pWmcst5k/m,other,,2026-03-19 12:38:08.161,user,,b70841dd-d745-45be-8d90-d8fcb608d294,false,false
17ea7fea-8b3d-43ed-95c0-803af57783b3,Nienow-Balistreri Curtis,Leigh_Stracke@yahoo.com,$2b$10$WYfD2NnELDt7TzPcqOCHQOd2fLEgifczWhdJl2BGaB6pWmcst5k/m,other,,2026-03-19 12:38:08.161,user,,b70841dd-d745-45be-8d90-d8fcb608d294,false,false
183d6c25-e9a0-4992-9299-a6b4ef79d1fd,Howe Megan,Robyn_Dicki@gmail.com,$2b$10$WYfD2NnELDt7TzPcqOCHQOd2fLEgifczWhdJl2BGaB6pWmcst5k/m,other,,2026-03-19 12:38:08.161,user,,b70841dd-d745-45be-8d90-d8fcb608d294,false,false
18514bc1-eae4-41ad-a9f0-f99989811263,Aufderhar Jeff,Oswald.Rutherford35@hotmail.com,$2b$10$WYfD2NnELDt7TzPcqOCHQOd2fLEgifczWhdJl2BGaB6pWmcst5k/m,other,,2026-03-19 12:38:08.161,user,,b70841dd-d745-45be-8d90-d8fcb608d294,false,false
18744141-4b98-4efb-b5d7-f669439e8e10,Aufderhar Doris,Monique.Labadie@hotmail.com,$2b$10$WYfD2NnELDt7TzPcqOCHQOd2fLEgifczWhdJl2BGaB6pWmcst5k/m,other,,2026-03-19 12:38:08.161,user,,b70841dd-d745-45be-8d90-d8fcb608d294,false,false
187b11bc-b734-492c-a2d9-9ee43546b327,Leffler Manuel,Olga.Koch@hotmail.com,$2b$10$WYfD2NnELDt7TzPcqOCHQOd2fLEgifczWhdJl2BGaB6pWmcst5k/m,other,,2026-03-19 12:38:08.161,admin,,b70841dd-d745-45be-8d90-d8fcb608d294,false,false
188c32d0-4102-4049-917f-9c92620e60af,Wisoky Laron,Connie0@gmail.com,$2b$10$WYfD2NnELDt7TzPcqOCHQOd2fLEgifczWhdJl2BGaB6pWmcst5k/m,other,,2026-03-19 12:38:08.161,user,,b70841dd-d745-45be-8d90-d8fcb608d294,false,false
192d4b62-6527-431e-823a-baa58bd41e8b,Nienow Denise,Reginald.Windler@hotmail.com,$2b$10$WYfD2NnELDt7TzPcqOCHQOd2fLEgifczWhdJl2BGaB6pWmcst5k/m,other,,2026-03-19 12:38:08.161,user,,b70841dd-d745-45be-8d90-d8fcb608d294,false,false
1944ab0d-822e-4d02-a885-aaa833bc713c,Dickens Parker,Grace11@hotmail.com,$2b$10$WYfD2NnELDt7TzPcqOCHQOd2fLEgifczWhdJl2BGaB6pWmcst5k/m,other,,2026-03-19 12:38:08.161,user,,b70841dd-d745-45be-8d90-d8fcb608d294,false,false
19a05696-063b-447d-97bf-78a7d8168631,Gleichner Mary,Harmony_McDermott@yahoo.com,$2b$10$WYfD2NnELDt7TzPcqOCHQOd2fLEgifczWhdJl2BGaB6pWmcst5k/m,other,,2026-03-19 12:38:08.161,user,,b70841dd-d745-45be-8d90-d8fcb608d294,false,false
1ac59dd5-c135-42b2-949f-a59279e8f300,khoa,a@a.a,$2b$10$ci2nmdWtxc1/eWmaEsXzzuF9JGYNwHUE1dN1RMglktH74tG71iF3W,male,,2026-03-07 04:36:59.682,admin,,fd459252-4fa5-4964-94bc-867bb584cbbd,false,false
1af28854-2f8c-457a-bf1f-9ad5133d0ab3,Daugherty Otho,Alma_Schamberger@yahoo.com,$2b$10$WYfD2NnELDt7TzPcqOCHQOd2fLEgifczWhdJl2BGaB6pWmcst5k/m,other,,2026-03-19 12:38:08.161,user,,b70841dd-d745-45be-8d90-d8fcb608d294,false,false
1b71dd9f-ac50-4684-8efb-12176d93f1c0,Fay Abby,Shannon4@yahoo.com,$2b$10$WYfD2NnELDt7TzPcqOCHQOd2fLEgifczWhdJl2BGaB6pWmcst5k/m,other,,2026-03-19 12:38:08.161,user,,b70841dd-d745-45be-8d90-d8fcb608d294,false,false
1b7fd374-6194-43b8-9687-c8feea2ecf9f,Jenkins Misty,Gretchen.Macejkovic@hotmail.com,$2b$10$WYfD2NnELDt7TzPcqOCHQOd2fLEgifczWhdJl2BGaB6pWmcst5k/m,other,,2026-03-19 12:38:08.161,user,,b70841dd-d745-45be-8d90-d8fcb608d294,false,false
1bc6dd99-c6a0-4dc4-bd3d-74281da1e0f7,Hackett Cristian,Sheila79@hotmail.com,$2b$10$WYfD2NnELDt7TzPcqOCHQOd2fLEgifczWhdJl2BGaB6pWmcst5k/m,other,,2026-03-19 12:38:08.161,user,,b70841dd-d745-45be-8d90-d8fcb608d294,false,false
1bfae412-36fc-4ea4-a279-3688ab275423,Kiehn Evelyn,Delphine.Haag@hotmail.com,$2b$10$WYfD2NnELDt7TzPcqOCHQOd2fLEgifczWhdJl2BGaB6pWmcst5k/m,other,,2026-03-19 12:38:08.161,user,,b70841dd-d745-45be-8d90-d8fcb608d294,false,false
1c222ca4-f85b-43f1-ba05-162a8c4bb519,Yost Samantha,Elvis51@yahoo.com,$2b$10$WYfD2NnELDt7TzPcqOCHQOd2fLEgifczWhdJl2BGaB6pWmcst5k/m,other,,2026-03-19 12:38:08.161,user,,b70841dd-d745-45be-8d90-d8fcb608d294,false,false
1c3ad46f-c2fb-4da1-9235-b31c494de611,Bashirian Daryl,Gabriel_Bernier@hotmail.com,$2b$10$WYfD2NnELDt7TzPcqOCHQOd2fLEgifczWhdJl2BGaB6pWmcst5k/m,other,,2026-03-19 12:38:08.161,user,,b70841dd-d745-45be-8d90-d8fcb608d294,false,false
1cb8d3cf-49ce-4e6a-8c5b-25f7afecb628,Watsica Michael,Bradford_Hayes87@gmail.com,$2b$10$WYfD2NnELDt7TzPcqOCHQOd2fLEgifczWhdJl2BGaB6pWmcst5k/m,other,,2026-03-19 12:38:08.161,user,,b70841dd-d745-45be-8d90-d8fcb608d294,false,false
1ce87e7f-96e9-4c4f-b60c-7bacae3aaf05,Schamberger Richard,Pedro42@hotmail.com,$2b$10$WYfD2NnELDt7TzPcqOCHQOd2fLEgifczWhdJl2BGaB6pWmcst5k/m,other,,2026-03-19 12:38:08.161,user,,b70841dd-d745-45be-8d90-d8fcb608d294,false,false
1d1dd472-372c-491b-a0ef-728a9c7f65e0,Ritchie Douglas,Elian.Hessel18@gmail.com,$2b$10$WYfD2NnELDt7TzPcqOCHQOd2fLEgifczWhdJl2BGaB6pWmcst5k/m,other,,2026-03-19 12:38:08.161,user,,b70841dd-d745-45be-8d90-d8fcb608d294,false,false
1d4a7494-a0e9-480d-8025-cf41a1c1c56d,Grant Tiffany,Barton.Daugherty@yahoo.com,$2b$10$WYfD2NnELDt7TzPcqOCHQOd2fLEgifczWhdJl2BGaB6pWmcst5k/m,other,,2026-03-19 12:38:08.161,user,,b70841dd-d745-45be-8d90-d8fcb608d294,false,false
1e1c5f66-4304-4b3a-bffa-14d1e04707eb,Lemke Levi,Charlotte14@yahoo.com,$2b$10$WYfD2NnELDt7TzPcqOCHQOd2fLEgifczWhdJl2BGaB6pWmcst5k/m,other,,2026-03-19 12:38:08.161,user,,b70841dd-d745-45be-8d90-d8fcb608d294,false,false
1fba1998-2f3e-4e83-9030-fed50c3af500,Shields Jayme,Dylan.Brekke@gmail.com,$2b$10$WYfD2NnELDt7TzPcqOCHQOd2fLEgifczWhdJl2BGaB6pWmcst5k/m,other,,2026-03-19 12:38:08.161,user,,b70841dd-d745-45be-8d90-d8fcb608d294,false,false
1fe87dbf-d3c2-4cd4-b553-a78bf3138824,Aufderhar Deanna,Bernadette.Considine@hotmail.com,$2b$10$WYfD2NnELDt7TzPcqOCHQOd2fLEgifczWhdJl2BGaB6pWmcst5k/m,other,,2026-03-19 12:38:08.161,user,,b70841dd-d745-45be-8d90-d8fcb608d294,false,false
20111e6c-9fe8-48a9-8d2d-3162e6bbaeef,Dickens Jeannette,Maxime88@hotmail.com,$2b$10$WYfD2NnELDt7TzPcqOCHQOd2fLEgifczWhdJl2BGaB6pWmcst5k/m,other,,2026-03-19 12:38:08.161,user,,b70841dd-d745-45be-8d90-d8fcb608d294,false,false
206e6a97-9566-4ae8-9ae8-86af238a2b8b,Gerhold Heidi,Paul.Glover@yahoo.com,$2b$10$WYfD2NnELDt7TzPcqOCHQOd2fLEgifczWhdJl2BGaB6pWmcst5k/m,other,,2026-03-19 12:38:08.161,user,,b70841dd-d745-45be-8d90-d8fcb608d294,false,false
20e01432-f7b9-40f8-88d1-2e3130ed81ce,Wilkinson Fausto,Adrienne32@yahoo.com,$2b$10$WYfD2NnELDt7TzPcqOCHQOd2fLEgifczWhdJl2BGaB6pWmcst5k/m,other,,2026-03-19 12:38:08.161,user,,b70841dd-d745-45be-8d90-d8fcb608d294,false,false
20e916af-7a28-488f-9a4b-02422017c2a9,Larson Rafael,Oscar_Hansen@hotmail.com,$2b$10$WYfD2NnELDt7TzPcqOCHQOd2fLEgifczWhdJl2BGaB6pWmcst5k/m,other,,2026-03-19 12:38:08.161,user,,b70841dd-d745-45be-8d90-d8fcb608d294,false,false
215f6167-13ae-4967-afc1-a70ebd5c865a,Zulauf Domenic,Toni_Skiles89@gmail.com,$2b$10$WYfD2NnELDt7TzPcqOCHQOd2fLEgifczWhdJl2BGaB6pWmcst5k/m,other,,2026-03-19 12:38:08.161,user,,b70841dd-d745-45be-8d90-d8fcb608d294,false,false
216bb1dc-7f9f-45c2-a99e-533612e215b5,Weimann Holly,Corey.Trantow44@yahoo.com,$2b$10$WYfD2NnELDt7TzPcqOCHQOd2fLEgifczWhdJl2BGaB6pWmcst5k/m,other,,2026-03-19 12:38:08.161,user,,b70841dd-d745-45be-8d90-d8fcb608d294,false,false
21a4e183-b599-47b8-a3b2-1d8f8e8391d0,Hegmann Arlene,Earnestine76@gmail.com,$2b$10$WYfD2NnELDt7TzPcqOCHQOd2fLEgifczWhdJl2BGaB6pWmcst5k/m,other,,2026-03-19 12:38:08.161,admin,,b70841dd-d745-45be-8d90-d8fcb608d294,false,false
22001f25-4ca8-4c74-baec-d292841be40e,Hansen Thad,Christelle_Reinger@gmail.com,$2b$10$WYfD2NnELDt7TzPcqOCHQOd2fLEgifczWhdJl2BGaB6pWmcst5k/m,other,,2026-03-19 12:38:08.161,user,,b70841dd-d745-45be-8d90-d8fcb608d294,false,false
220d2de6-55f3-4a7d-a4dd-80275f6753c2,Volkman Anahi,Alfonzo_Beatty56@yahoo.com,$2b$10$WYfD2NnELDt7TzPcqOCHQOd2fLEgifczWhdJl2BGaB6pWmcst5k/m,other,,2026-03-19 12:38:08.161,user,,b70841dd-d745-45be-8d90-d8fcb608d294,false,false
2211cc57-b6ea-4b70-a74e-1c97223e3acd,Rohan Dexter,Josephine.Sauer@yahoo.com,$2b$10$WYfD2NnELDt7TzPcqOCHQOd2fLEgifczWhdJl2BGaB6pWmcst5k/m,other,,2026-03-19 12:38:08.161,user,,b70841dd-d745-45be-8d90-d8fcb608d294,false,false
225d1e51-ead9-4ff7-ba5d-8cf6cd3a7f1b,Osinski Carmine,Gustave.Cummerata74@hotmail.com,$2b$10$WYfD2NnELDt7TzPcqOCHQOd2fLEgifczWhdJl2BGaB6pWmcst5k/m,other,,2026-03-19 12:38:08.161,user,,b70841dd-d745-45be-8d90-d8fcb608d294,false,false
22bc90fe-bfd1-44c9-b914-fd3d67183c7f,Erdman Tyrel,Rick.Bednar38@yahoo.com,$2b$10$WYfD2NnELDt7TzPcqOCHQOd2fLEgifczWhdJl2BGaB6pWmcst5k/m,other,,2026-03-19 12:38:08.161,user,,b70841dd-d745-45be-8d90-d8fcb608d294,false,false
234bd2f4-0eb5-40e9-aa1c-9e04276a3172,Ondricka Kelvin,Henri.Lind39@gmail.com,$2b$10$WYfD2NnELDt7TzPcqOCHQOd2fLEgifczWhdJl2BGaB6pWmcst5k/m,other,,2026-03-19 12:38:08.161,user,,b70841dd-d745-45be-8d90-d8fcb608d294,false,false
23c87037-2b17-4cc3-bd94-62432d868001,Corkery Daija,Merlin.Yost43@yahoo.com,$2b$10$WYfD2NnELDt7TzPcqOCHQOd2fLEgifczWhdJl2BGaB6pWmcst5k/m,other,,2026-03-19 12:38:08.161,user,,b70841dd-d745-45be-8d90-d8fcb608d294,false,false
2518dcfa-e47f-423d-9018-a52b4f784179,Green Janie,Beulah_Altenwerth52@gmail.com,$2b$10$WYfD2NnELDt7TzPcqOCHQOd2fLEgifczWhdJl2BGaB6pWmcst5k/m,other,,2026-03-19 12:38:08.161,user,,b70841dd-d745-45be-8d90-d8fcb608d294,false,false
2566c064-62f1-46cb-aa3d-d8c67b83f563,Spinka Lucas,Antoinette79@gmail.com,$2b$10$WYfD2NnELDt7TzPcqOCHQOd2fLEgifczWhdJl2BGaB6pWmcst5k/m,other,,2026-03-19 12:38:08.161,user,,b70841dd-d745-45be-8d90-d8fcb608d294,false,false
259556bc-f4d5-4f82-954d-8920cee36b81,Kling Delbert,Loretta_Gutmann92@yahoo.com,$2b$10$WYfD2NnELDt7TzPcqOCHQOd2fLEgifczWhdJl2BGaB6pWmcst5k/m,other,,2026-03-19 12:38:08.161,user,,b70841dd-d745-45be-8d90-d8fcb608d294,false,false
26225aa1-669f-4855-bc6f-3df43f83bae6,Hartmann Irene,Pamela31@yahoo.com,$2b$10$WYfD2NnELDt7TzPcqOCHQOd2fLEgifczWhdJl2BGaB6pWmcst5k/m,other,,2026-03-19 12:38:08.161,user,,b70841dd-d745-45be-8d90-d8fcb608d294,false,false
2662f807-3510-4d1f-92a7-26163d625f34,Senger Elissa,Nicola_Schiller71@yahoo.com,$2b$10$WYfD2NnELDt7TzPcqOCHQOd2fLEgifczWhdJl2BGaB6pWmcst5k/m,other,,2026-03-19 12:38:08.161,user,,b70841dd-d745-45be-8d90-d8fcb608d294,false,false
283dfe8f-ef36-41c0-b761-930c48def90d,Swaniawski Dawn,Dora.McKenzie@gmail.com,$2b$10$WYfD2NnELDt7TzPcqOCHQOd2fLEgifczWhdJl2BGaB6pWmcst5k/m,other,,2026-03-19 12:38:08.161,user,,b70841dd-d745-45be-8d90-d8fcb608d294,false,false
287ba737-b4d5-4c2f-9f4b-945e6beee2ec,Von Leigh,Eino56@hotmail.com,$2b$10$WYfD2NnELDt7TzPcqOCHQOd2fLEgifczWhdJl2BGaB6pWmcst5k/m,other,,2026-03-19 12:38:08.161,user,,b70841dd-d745-45be-8d90-d8fcb608d294,false,false
28966498-e556-4626-8a26-2c0f614319fb,Corwin Jake,Alex21@gmail.com,$2b$10$WYfD2NnELDt7TzPcqOCHQOd2fLEgifczWhdJl2BGaB6pWmcst5k/m,other,,2026-03-19 12:38:08.161,user,,b70841dd-d745-45be-8d90-d8fcb608d294,false,false
28e938d4-81c5-4c8e-b51c-be6ed550e885,Wyman Ivy,Sam.Heller@gmail.com,$2b$10$WYfD2NnELDt7TzPcqOCHQOd2fLEgifczWhdJl2BGaB6pWmcst5k/m,other,,2026-03-19 12:38:08.161,user,,b70841dd-d745-45be-8d90-d8fcb608d294,false,false
2993269c-c019-4ca5-8939-e713b44690b0,Bradtke Hazel,Susan.Goyette@yahoo.com,$2b$10$WYfD2NnELDt7TzPcqOCHQOd2fLEgifczWhdJl2BGaB6pWmcst5k/m,other,,2026-03-19 12:38:08.161,user,,b70841dd-d745-45be-8d90-d8fcb608d294,false,false
2a2c2b45-6ed5-41bd-8d03-99cbe72f5d0c,Oberbrunner-Prosacco Kale,Israel.Krajcik36@gmail.com,$2b$10$WYfD2NnELDt7TzPcqOCHQOd2fLEgifczWhdJl2BGaB6pWmcst5k/m,other,,2026-03-19 12:38:08.161,user,,b70841dd-d745-45be-8d90-d8fcb608d294,false,false
2af2d599-7f19-41ad-a554-1370b8c68164,Funk Manuel,Linda.McDermott@hotmail.com,$2b$10$WYfD2NnELDt7TzPcqOCHQOd2fLEgifczWhdJl2BGaB6pWmcst5k/m,other,,2026-03-19 12:38:08.161,user,,b70841dd-d745-45be-8d90-d8fcb608d294,false,false
2b27bdba-abbb-46ee-bb16-80c2065388d2,King Crystal,Deborah_Koepp37@yahoo.com,$2b$10$WYfD2NnELDt7TzPcqOCHQOd2fLEgifczWhdJl2BGaB6pWmcst5k/m,other,,2026-03-19 12:38:08.161,user,,b70841dd-d745-45be-8d90-d8fcb608d294,false,false
2b982c99-6eab-43ec-8842-98ea551a5f8b,Streich Kendra,Jerome_MacGyver@yahoo.com,$2b$10$WYfD2NnELDt7TzPcqOCHQOd2fLEgifczWhdJl2BGaB6pWmcst5k/m,other,,2026-03-19 12:38:08.161,user,,b70841dd-d745-45be-8d90-d8fcb608d294,false,false
2baaa3cf-8986-455e-9eb0-5b250c4fd8c6,Stiedemann Wade,Jackie.Cassin-Morar@yahoo.com,$2b$10$WYfD2NnELDt7TzPcqOCHQOd2fLEgifczWhdJl2BGaB6pWmcst5k/m,other,,2026-03-19 12:38:08.161,user,,b70841dd-d745-45be-8d90-d8fcb608d294,false,false
2bd011a3-a9b1-4a56-af14-9b749dad5ea7,Cormier Betty,Moses_Turcotte@yahoo.com,$2b$10$WYfD2NnELDt7TzPcqOCHQOd2fLEgifczWhdJl2BGaB6pWmcst5k/m,other,,2026-03-19 12:38:08.161,admin,,b70841dd-d745-45be-8d90-d8fcb608d294,false,false
2bd81f35-9cc6-49ae-b51b-ccee6fad41ef,Wiza Rafaela,Rosa_Hermann@hotmail.com,$2b$10$WYfD2NnELDt7TzPcqOCHQOd2fLEgifczWhdJl2BGaB6pWmcst5k/m,other,,2026-03-19 12:38:08.161,user,,b70841dd-d745-45be-8d90-d8fcb608d294,false,false
2be8210c-907f-4023-be91-772e2e187d17,Torphy Gregg,Mike84@yahoo.com,$2b$10$WYfD2NnELDt7TzPcqOCHQOd2fLEgifczWhdJl2BGaB6pWmcst5k/m,other,,2026-03-19 12:38:08.161,user,,b70841dd-d745-45be-8d90-d8fcb608d294,false,false
2c7d2bb1-dcde-4e8b-915f-0d8072364760,McKenzie Paulette,Abraham_Block76@hotmail.com,$2b$10$WYfD2NnELDt7TzPcqOCHQOd2fLEgifczWhdJl2BGaB6pWmcst5k/m,other,,2026-03-19 12:38:08.161,user,,b70841dd-d745-45be-8d90-d8fcb608d294,false,false
2d863be0-a3d6-4a43-a538-4fa55e7811a8,Koss Jonathan,Felton.Lehner98@hotmail.com,$2b$10$WYfD2NnELDt7TzPcqOCHQOd2fLEgifczWhdJl2BGaB6pWmcst5k/m,other,,2026-03-19 12:38:08.161,user,,b70841dd-d745-45be-8d90-d8fcb608d294,false,false
2d86549b-deee-4f83-b571-37d6ce53f2e3,Ruecker Angelica,Samuel_Mayer69@yahoo.com,$2b$10$WYfD2NnELDt7TzPcqOCHQOd2fLEgifczWhdJl2BGaB6pWmcst5k/m,other,,2026-03-19 12:38:08.161,user,,b70841dd-d745-45be-8d90-d8fcb608d294,false,false
2dd3c725-7b4f-4c45-870c-f19851ae6c37,Gusikowski Cale,Houston.Hilpert54@yahoo.com,$2b$10$WYfD2NnELDt7TzPcqOCHQOd2fLEgifczWhdJl2BGaB6pWmcst5k/m,other,,2026-03-19 12:38:08.161,user,,b70841dd-d745-45be-8d90-d8fcb608d294,false,false
2e6dd08d-16e0-452e-b466-9b9ba48f1be8,Stehr Adam,Jermaine_Lesch@hotmail.com,$2b$10$WYfD2NnELDt7TzPcqOCHQOd2fLEgifczWhdJl2BGaB6pWmcst5k/m,other,,2026-03-19 12:38:08.161,user,,b70841dd-d745-45be-8d90-d8fcb608d294,false,false
2e762f6c-fe86-4e98-b273-97e0a6df47ed,Champlin Jan,Mindy_Sauer@hotmail.com,$2b$10$WYfD2NnELDt7TzPcqOCHQOd2fLEgifczWhdJl2BGaB6pWmcst5k/m,other,,2026-03-19 12:38:08.161,user,,b70841dd-d745-45be-8d90-d8fcb608d294,false,false
2ee125e3-951e-4ec9-8421-618843e1a9ab,Monahan Verona,Flavie31@yahoo.com,$2b$10$WYfD2NnELDt7TzPcqOCHQOd2fLEgifczWhdJl2BGaB6pWmcst5k/m,other,,2026-03-19 12:38:08.161,user,,b70841dd-d745-45be-8d90-d8fcb608d294,false,false
305cc7ca-32f9-4786-b224-64a18b903002,Stoltenberg Jackie,Jim.Collier@gmail.com,$2b$10$WYfD2NnELDt7TzPcqOCHQOd2fLEgifczWhdJl2BGaB6pWmcst5k/m,other,,2026-03-19 12:38:08.161,user,,b70841dd-d745-45be-8d90-d8fcb608d294,false,false
31cd6482-5c04-4b33-966b-db8384a59fa1,Pagac Gabe,Herbert50@yahoo.com,$2b$10$WYfD2NnELDt7TzPcqOCHQOd2fLEgifczWhdJl2BGaB6pWmcst5k/m,other,,2026-03-19 12:38:08.161,user,,b70841dd-d745-45be-8d90-d8fcb608d294,false,false
31f3749c-4104-4373-b57e-b1285df7767d,VonRueden Brant,Abby.Abshire55@yahoo.com,$2b$10$WYfD2NnELDt7TzPcqOCHQOd2fLEgifczWhdJl2BGaB6pWmcst5k/m,other,,2026-03-19 12:38:08.161,user,,b70841dd-d745-45be-8d90-d8fcb608d294,false,false
32067c82-5675-47cb-aaaf-917bc3be3705,Jenkins Amir,Darryl.Maggio82@yahoo.com,$2b$10$WYfD2NnELDt7TzPcqOCHQOd2fLEgifczWhdJl2BGaB6pWmcst5k/m,other,,2026-03-19 12:38:08.161,user,,b70841dd-d745-45be-8d90-d8fcb608d294,false,false
32204d27-ac79-4c3e-a743-a25e0e87383c,Hegmann Marcus,Clarabelle40@hotmail.com,$2b$10$WYfD2NnELDt7TzPcqOCHQOd2fLEgifczWhdJl2BGaB6pWmcst5k/m,other,,2026-03-19 12:38:08.161,user,,b70841dd-d745-45be-8d90-d8fcb608d294,false,false
32d046e9-2311-4cd8-93ee-7deb8be0ce1b,Toy Lillie,Pete_Morar68@gmail.com,$2b$10$WYfD2NnELDt7TzPcqOCHQOd2fLEgifczWhdJl2BGaB6pWmcst5k/m,other,,2026-03-19 12:38:08.161,user,,b70841dd-d745-45be-8d90-d8fcb608d294,false,false
32d5ae8c-4ab6-4c31-9913-207d1ad365b4,Kulas Betty,Ignatius.Trantow30@yahoo.com,$2b$10$WYfD2NnELDt7TzPcqOCHQOd2fLEgifczWhdJl2BGaB6pWmcst5k/m,other,,2026-03-19 12:38:08.161,user,,b70841dd-d745-45be-8d90-d8fcb608d294,false,false
33055f22-b170-4b76-b84b-7b5210aa1590,Wintheiser Trenton,Darlene76@hotmail.com,$2b$10$WYfD2NnELDt7TzPcqOCHQOd2fLEgifczWhdJl2BGaB6pWmcst5k/m,other,,2026-03-19 12:38:08.161,user,,b70841dd-d745-45be-8d90-d8fcb608d294,false,false
3306df21-dd7d-4df4-a33f-8cd3c1bfd235,Fay Gustavo,Zoey.Lebsack-Hayes@hotmail.com,$2b$10$WYfD2NnELDt7TzPcqOCHQOd2fLEgifczWhdJl2BGaB6pWmcst5k/m,other,,2026-03-19 12:38:08.161,user,,b70841dd-d745-45be-8d90-d8fcb608d294,false,false
33b344f2-7640-432f-abea-0a0fba5d3a86,Becker Donald,Shayne.Larkin95@yahoo.com,$2b$10$WYfD2NnELDt7TzPcqOCHQOd2fLEgifczWhdJl2BGaB6pWmcst5k/m,other,,2026-03-19 12:38:08.161,user,,b70841dd-d745-45be-8d90-d8fcb608d294,false,false
33f34e73-fe86-479d-9f63-86a8706a1f8b,Quitzon Patti,Henri96@hotmail.com,$2b$10$WYfD2NnELDt7TzPcqOCHQOd2fLEgifczWhdJl2BGaB6pWmcst5k/m,other,,2026-03-19 12:38:08.161,user,,b70841dd-d745-45be-8d90-d8fcb608d294,false,false
33fad1c0-0f58-4587-bd4a-475d90069c16,Blanda Arch,Dale.Crona36@yahoo.com,$2b$10$WYfD2NnELDt7TzPcqOCHQOd2fLEgifczWhdJl2BGaB6pWmcst5k/m,other,,2026-03-19 12:38:08.161,user,,b70841dd-d745-45be-8d90-d8fcb608d294,false,false
342ff46a-83e8-4c0c-b176-09a9f26a7118,Wintheiser Ronnie,Wyman_Streich-Gusikowski@yahoo.com,$2b$10$WYfD2NnELDt7TzPcqOCHQOd2fLEgifczWhdJl2BGaB6pWmcst5k/m,other,,2026-03-19 12:38:08.161,admin,,b70841dd-d745-45be-8d90-d8fcb608d294,false,false
347b7a69-3540-4265-ac57-887120ea995f,Gislason-Nolan Robin,Spencer.Deckow19@yahoo.com,$2b$10$WYfD2NnELDt7TzPcqOCHQOd2fLEgifczWhdJl2BGaB6pWmcst5k/m,other,,2026-03-19 12:38:08.161,user,,b70841dd-d745-45be-8d90-d8fcb608d294,false,false
353394c5-de63-4247-b796-79b63c7c79a4,Braun Jermaine,Madeline_Wiegand28@gmail.com,$2b$10$WYfD2NnELDt7TzPcqOCHQOd2fLEgifczWhdJl2BGaB6pWmcst5k/m,other,,2026-03-19 12:38:08.161,user,,b70841dd-d745-45be-8d90-d8fcb608d294,false,false
35f46854-8940-45d9-96dd-7ce2bf8ab1ad,Gibson Phil,Retta_Yost@hotmail.com,$2b$10$WYfD2NnELDt7TzPcqOCHQOd2fLEgifczWhdJl2BGaB6pWmcst5k/m,other,,2026-03-19 12:38:08.161,user,,b70841dd-d745-45be-8d90-d8fcb608d294,false,false
36a999d7-541f-4f67-8747-199d84969464,Hyatt Cory,Moshe_Romaguera@yahoo.com,$2b$10$WYfD2NnELDt7TzPcqOCHQOd2fLEgifczWhdJl2BGaB6pWmcst5k/m,other,,2026-03-19 12:38:08.161,user,,b70841dd-d745-45be-8d90-d8fcb608d294,false,false
37388e1d-b26e-4d00-8c10-dbab74c971d8,Halvorson Helen,Ellen_Trantow@yahoo.com,$2b$10$WYfD2NnELDt7TzPcqOCHQOd2fLEgifczWhdJl2BGaB6pWmcst5k/m,other,,2026-03-19 12:38:08.161,user,,b70841dd-d745-45be-8d90-d8fcb608d294,false,false
37fee495-2a44-4206-a542-37ab924e4d53,Lowe Alexa,Darla5@hotmail.com,$2b$10$WYfD2NnELDt7TzPcqOCHQOd2fLEgifczWhdJl2BGaB6pWmcst5k/m,other,,2026-03-19 12:38:08.161,admin,,b70841dd-d745-45be-8d90-d8fcb608d294,false,false
385ee4a3-96ed-4a5a-be84-5b1398c0d2e2,Labadie Stacy,Roosevelt.Roob-Harber@yahoo.com,$2b$10$WYfD2NnELDt7TzPcqOCHQOd2fLEgifczWhdJl2BGaB6pWmcst5k/m,other,,2026-03-19 12:38:08.161,user,,b70841dd-d745-45be-8d90-d8fcb608d294,false,false
389778e1-100b-405c-b241-ca60cdc691ad,Deckow Emily,Marlen8@gmail.com,$2b$10$WYfD2NnELDt7TzPcqOCHQOd2fLEgifczWhdJl2BGaB6pWmcst5k/m,other,,2026-03-19 12:38:08.161,user,,b70841dd-d745-45be-8d90-d8fcb608d294,false,false
398bbdf4-1620-48fc-908d-f66fcf30b018,Cassin Lelah,Cassandre73@yahoo.com,$2b$10$WYfD2NnELDt7TzPcqOCHQOd2fLEgifczWhdJl2BGaB6pWmcst5k/m,other,,2026-03-19 12:38:08.161,user,,b70841dd-d745-45be-8d90-d8fcb608d294,false,false
3a1b5a5e-050b-436b-b343-b52d10652cde,Farrell Max,Meredith.Blick@hotmail.com,$2b$10$WYfD2NnELDt7TzPcqOCHQOd2fLEgifczWhdJl2BGaB6pWmcst5k/m,other,,2026-03-19 12:38:08.161,user,,b70841dd-d745-45be-8d90-d8fcb608d294,false,false
3aaec062-7cc7-46d0-b552-3ffddda47bf1,Mayer Edith,Odell16@hotmail.com,$2b$10$WYfD2NnELDt7TzPcqOCHQOd2fLEgifczWhdJl2BGaB6pWmcst5k/m,other,,2026-03-19 12:38:08.161,user,,b70841dd-d745-45be-8d90-d8fcb608d294,false,false
3ac9458c-cb90-45ff-ad2d-fb7ddc233b1d,McClure Armando,Garrett29@yahoo.com,$2b$10$WYfD2NnELDt7TzPcqOCHQOd2fLEgifczWhdJl2BGaB6pWmcst5k/m,other,,2026-03-19 12:38:08.161,user,,b70841dd-d745-45be-8d90-d8fcb608d294,false,false
3b21835a-aa2d-428f-a7af-8e1833946ef1,Aufderhar Pattie,Andy.Hand@gmail.com,$2b$10$WYfD2NnELDt7TzPcqOCHQOd2fLEgifczWhdJl2BGaB6pWmcst5k/m,other,,2026-03-19 12:38:08.161,user,,b70841dd-d745-45be-8d90-d8fcb608d294,false,false
3d0f77b8-27ab-40f7-89c2-1fc8a70f0603,Hartmann Alejandrin,Gunnar.OReilly@hotmail.com,$2b$10$WYfD2NnELDt7TzPcqOCHQOd2fLEgifczWhdJl2BGaB6pWmcst5k/m,other,,2026-03-19 12:38:08.161,user,,b70841dd-d745-45be-8d90-d8fcb608d294,false,false
3d12cb4d-7441-4857-b9f1-e97e0ffcd935,McDermott Jared,Elvera13@gmail.com,$2b$10$WYfD2NnELDt7TzPcqOCHQOd2fLEgifczWhdJl2BGaB6pWmcst5k/m,other,,2026-03-19 12:38:08.161,admin,,b70841dd-d745-45be-8d90-d8fcb608d294,false,false
3ef52388-238c-419e-b772-21bc24dc403c,Rutherford Jared,Kelli.Brakus@yahoo.com,$2b$10$WYfD2NnELDt7TzPcqOCHQOd2fLEgifczWhdJl2BGaB6pWmcst5k/m,other,,2026-03-19 12:38:08.161,user,,b70841dd-d745-45be-8d90-d8fcb608d294,false,false
3fd44f5a-e426-4709-a2db-a0213f5084e2,Kreiger Eldridge,Greg30@gmail.com,$2b$10$WYfD2NnELDt7TzPcqOCHQOd2fLEgifczWhdJl2BGaB6pWmcst5k/m,other,,2026-03-19 12:38:08.161,user,,b70841dd-d745-45be-8d90-d8fcb608d294,false,false
4070fa56-8581-4cd5-bd4e-b324aed31d49,Schiller Jasmine,Yessenia25@gmail.com,$2b$10$WYfD2NnELDt7TzPcqOCHQOd2fLEgifczWhdJl2BGaB6pWmcst5k/m,other,,2026-03-19 12:38:08.161,user,,b70841dd-d745-45be-8d90-d8fcb608d294,false,false
40a16a03-45a4-417f-a74f-159a9db18a58,Becker Flavie,Oceane.Reichel@gmail.com,$2b$10$WYfD2NnELDt7TzPcqOCHQOd2fLEgifczWhdJl2BGaB6pWmcst5k/m,other,,2026-03-19 12:38:08.161,user,,b70841dd-d745-45be-8d90-d8fcb608d294,false,false
40f07557-779d-4d81-bd21-870c0455ce36,Goodwin Eduardo,Nelson27@yahoo.com,$2b$10$WYfD2NnELDt7TzPcqOCHQOd2fLEgifczWhdJl2BGaB6pWmcst5k/m,other,,2026-03-19 12:38:08.161,user,,b70841dd-d745-45be-8d90-d8fcb608d294,false,false
40fa449a-5885-42eb-8a36-ad99f23fe6d7,Smith Victoria,Dimitri.Corkery@yahoo.com,$2b$10$WYfD2NnELDt7TzPcqOCHQOd2fLEgifczWhdJl2BGaB6pWmcst5k/m,other,,2026-03-19 12:38:08.161,user,,b70841dd-d745-45be-8d90-d8fcb608d294,false,false
4171e2f8-529e-4b63-bdf2-97b7b2740b61,Franecki Doris,Nickolas97@hotmail.com,$2b$10$WYfD2NnELDt7TzPcqOCHQOd2fLEgifczWhdJl2BGaB6pWmcst5k/m,other,,2026-03-19 12:38:08.161,user,,b70841dd-d745-45be-8d90-d8fcb608d294,false,false
4179137e-0901-4c64-9ea1-2a3faa1416a2,Borer-Dooley Bennie,Randall.Schulist@yahoo.com,$2b$10$WYfD2NnELDt7TzPcqOCHQOd2fLEgifczWhdJl2BGaB6pWmcst5k/m,other,,2026-03-19 12:38:08.161,user,,b70841dd-d745-45be-8d90-d8fcb608d294,false,false
426f163b-00ce-4f1a-9132-cb2a21989a45,McLaughlin Marlene,Marty.Howe@yahoo.com,$2b$10$WYfD2NnELDt7TzPcqOCHQOd2fLEgifczWhdJl2BGaB6pWmcst5k/m,other,,2026-03-19 12:38:08.161,user,,b70841dd-d745-45be-8d90-d8fcb608d294,false,false
42a8dfb7-5e1f-42fe-8f1c-e04244729411,Moen Nathaniel,Carey_West@yahoo.com,$2b$10$WYfD2NnELDt7TzPcqOCHQOd2fLEgifczWhdJl2BGaB6pWmcst5k/m,other,,2026-03-19 12:38:08.161,user,,b70841dd-d745-45be-8d90-d8fcb608d294,false,false
42b3327e-9e0a-477d-a46c-dd161ab07639,Runolfsdottir-Prohaska Roosevelt,Lee_Bode72@yahoo.com,$2b$10$WYfD2NnELDt7TzPcqOCHQOd2fLEgifczWhdJl2BGaB6pWmcst5k/m,other,,2026-03-19 12:38:08.161,user,,b70841dd-d745-45be-8d90-d8fcb608d294,false,false
447f6a35-fbce-42e3-ae9c-356f3fcd855d,Tremblay Kelly,Leora3@gmail.com,$2b$10$WYfD2NnELDt7TzPcqOCHQOd2fLEgifczWhdJl2BGaB6pWmcst5k/m,other,,2026-03-19 12:38:08.161,user,,b70841dd-d745-45be-8d90-d8fcb608d294,false,false
448dd9f3-8b18-40ef-bbed-6ac5a7918823,Littel-Streich Bethany,Heidi_Koch58@hotmail.com,$2b$10$WYfD2NnELDt7TzPcqOCHQOd2fLEgifczWhdJl2BGaB6pWmcst5k/m,other,,2026-03-19 12:38:08.161,user,,b70841dd-d745-45be-8d90-d8fcb608d294,false,false
44a3329d-d830-423e-8f25-1fcf63f27b26,Jast Everett,Clayton74@gmail.com,$2b$10$WYfD2NnELDt7TzPcqOCHQOd2fLEgifczWhdJl2BGaB6pWmcst5k/m,other,,2026-03-19 12:38:08.161,user,,b70841dd-d745-45be-8d90-d8fcb608d294,false,false
46f14155-def0-4209-acd7-70191b3b4d4b,Beier Mertie,Abbey_Gerhold@hotmail.com,$2b$10$WYfD2NnELDt7TzPcqOCHQOd2fLEgifczWhdJl2BGaB6pWmcst5k/m,other,,2026-03-19 12:38:08.161,user,,b70841dd-d745-45be-8d90-d8fcb608d294,false,false
47bc83b3-c32d-4b72-b56d-bf2aaac73121,Rempel Erika,Hubert.Kuhlman@yahoo.com,$2b$10$WYfD2NnELDt7TzPcqOCHQOd2fLEgifczWhdJl2BGaB6pWmcst5k/m,other,,2026-03-19 12:38:08.161,user,,b70841dd-d745-45be-8d90-d8fcb608d294,false,false
48baac5c-6ec8-414a-b8cd-99b7c0942704,Williamson Armando,Marcos24@hotmail.com,$2b$10$WYfD2NnELDt7TzPcqOCHQOd2fLEgifczWhdJl2BGaB6pWmcst5k/m,other,,2026-03-19 12:38:08.161,user,,b70841dd-d745-45be-8d90-d8fcb608d294,false,false
48eef8b2-8c46-4df7-bb17-035a34800af2,Larkin Patti,Jonathan_Deckow53@gmail.com,$2b$10$WYfD2NnELDt7TzPcqOCHQOd2fLEgifczWhdJl2BGaB6pWmcst5k/m,other,,2026-03-19 12:38:08.161,user,,b70841dd-d745-45be-8d90-d8fcb608d294,false,false
4bb177bc-deb8-4c29-bb5f-2a288c09412e,Heidenreich Arlo,Lucas35@hotmail.com,$2b$10$WYfD2NnELDt7TzPcqOCHQOd2fLEgifczWhdJl2BGaB6pWmcst5k/m,other,,2026-03-19 12:38:08.161,user,,b70841dd-d745-45be-8d90-d8fcb608d294,false,false
4bfa7a94-b9d5-4dfb-83ab-0f9a38b6c97f,Moen Justice,Mateo_Yost@gmail.com,$2b$10$WYfD2NnELDt7TzPcqOCHQOd2fLEgifczWhdJl2BGaB6pWmcst5k/m,other,,2026-03-19 12:38:08.161,admin,,b70841dd-d745-45be-8d90-d8fcb608d294,false,false
4c11b281-54fc-4ec4-923a-fcda517a3916,Kertzmann Alva,Pedro.Kovacek@yahoo.com,$2b$10$WYfD2NnELDt7TzPcqOCHQOd2fLEgifczWhdJl2BGaB6pWmcst5k/m,other,,2026-03-19 12:38:08.161,user,,b70841dd-d745-45be-8d90-d8fcb608d294,false,false
4c2af583-479d-46f1-bf7a-4e1ec2e38128,Kutch Shari,Precious.Heller4@yahoo.com,$2b$10$WYfD2NnELDt7TzPcqOCHQOd2fLEgifczWhdJl2BGaB6pWmcst5k/m,other,,2026-03-19 12:38:08.161,user,,b70841dd-d745-45be-8d90-d8fcb608d294,false,false
4c42adef-09ba-4555-9354-d357e98bcc55,Jacobson Moses,Tommy8@yahoo.com,$2b$10$WYfD2NnELDt7TzPcqOCHQOd2fLEgifczWhdJl2BGaB6pWmcst5k/m,other,,2026-03-19 12:38:08.161,user,,b70841dd-d745-45be-8d90-d8fcb608d294,false,false
4c804cf4-4f17-45cb-8f79-c24460dd5a3d,Weissnat June,Jodi97@yahoo.com,$2b$10$WYfD2NnELDt7TzPcqOCHQOd2fLEgifczWhdJl2BGaB6pWmcst5k/m,other,,2026-03-19 12:38:08.161,user,,b70841dd-d745-45be-8d90-d8fcb608d294,false,false
4d6bf760-0bfd-4746-b853-2bab61a1c68b,Gulgowski Kole,April_Nitzsche@gmail.com,$2b$10$WYfD2NnELDt7TzPcqOCHQOd2fLEgifczWhdJl2BGaB6pWmcst5k/m,other,,2026-03-19 12:38:08.161,user,,b70841dd-d745-45be-8d90-d8fcb608d294,false,false
4df92d26-85a5-45f5-a693-167e9b3d725e,McDermott Cleta,Martine69@yahoo.com,$2b$10$WYfD2NnELDt7TzPcqOCHQOd2fLEgifczWhdJl2BGaB6pWmcst5k/m,other,,2026-03-19 12:38:08.161,user,,b70841dd-d745-45be-8d90-d8fcb608d294,false,false
4e59bf5f-47dd-47c6-b137-53b309f7f9a2,Maggio Jackie,Wilson.Schroeder-Wuckert58@hotmail.com,$2b$10$WYfD2NnELDt7TzPcqOCHQOd2fLEgifczWhdJl2BGaB6pWmcst5k/m,other,,2026-03-19 12:38:08.161,user,,b70841dd-d745-45be-8d90-d8fcb608d294,false,false
4f52d343-aa0d-42bf-ab48-e09db7e44121,Keeling Vella,Henry_Brown59@hotmail.com,$2b$10$WYfD2NnELDt7TzPcqOCHQOd2fLEgifczWhdJl2BGaB6pWmcst5k/m,other,,2026-03-19 12:38:08.161,user,,b70841dd-d745-45be-8d90-d8fcb608d294,false,false
508110a7-0d81-44f1-a018-35f9ce2bb430,Greenfelder Irving,Jack.Rempel52@gmail.com,$2b$10$WYfD2NnELDt7TzPcqOCHQOd2fLEgifczWhdJl2BGaB6pWmcst5k/m,other,,2026-03-19 12:38:08.161,user,,b70841dd-d745-45be-8d90-d8fcb608d294,false,false
509b5257-5c05-43c8-afa7-73e1de8ee786,Homenick-Lubowitz Sylvan,Cydney_Kulas@gmail.com,$2b$10$WYfD2NnELDt7TzPcqOCHQOd2fLEgifczWhdJl2BGaB6pWmcst5k/m,other,,2026-03-19 12:38:08.161,user,,b70841dd-d745-45be-8d90-d8fcb608d294,false,false
50e1fc8b-a957-49d8-8db3-307d1798af49,Bergnaum Kira,Gwendolyn.Zieme-Reichel@yahoo.com,$2b$10$WYfD2NnELDt7TzPcqOCHQOd2fLEgifczWhdJl2BGaB6pWmcst5k/m,other,,2026-03-19 12:38:08.161,user,,b70841dd-d745-45be-8d90-d8fcb608d294,false,false
5133c223-aa90-415e-875c-e45063333499,Purdy Candace,Jennie_Carroll@hotmail.com,$2b$10$WYfD2NnELDt7TzPcqOCHQOd2fLEgifczWhdJl2BGaB6pWmcst5k/m,other,,2026-03-19 12:38:08.161,user,,b70841dd-d745-45be-8d90-d8fcb608d294,false,false
51a579e1-564a-4d9c-b5b5-4e5e2d45fb81,Farrell Genevieve,Beverly.Turner23@gmail.com,$2b$10$WYfD2NnELDt7TzPcqOCHQOd2fLEgifczWhdJl2BGaB6pWmcst5k/m,other,,2026-03-19 12:38:08.161,admin,,b70841dd-d745-45be-8d90-d8fcb608d294,false,false
525e12e7-7e6d-4fde-8926-2de43837fd7f,Hartmann Winston,Herbert41@gmail.com,$2b$10$WYfD2NnELDt7TzPcqOCHQOd2fLEgifczWhdJl2BGaB6pWmcst5k/m,other,,2026-03-19 12:38:08.161,user,,b70841dd-d745-45be-8d90-d8fcb608d294,false,false
528269eb-03a3-4fc5-ae81-24e14b1467ab,Grimes Maximus,Stacey_Cummings-Pfeffer@hotmail.com,$2b$10$WYfD2NnELDt7TzPcqOCHQOd2fLEgifczWhdJl2BGaB6pWmcst5k/m,other,,2026-03-19 12:38:08.161,user,,b70841dd-d745-45be-8d90-d8fcb608d294,false,false
52ba612f-59b8-49fe-9a71-28edbdf12d3f,Brakus Patricia,Nona_Waelchi52@gmail.com,$2b$10$WYfD2NnELDt7TzPcqOCHQOd2fLEgifczWhdJl2BGaB6pWmcst5k/m,other,,2026-03-19 12:38:08.161,user,,b70841dd-d745-45be-8d90-d8fcb608d294,false,false
534238fe-a31a-4d57-9d50-323cafd74225,Franecki Corine,Else.Kirlin@yahoo.com,$2b$10$WYfD2NnELDt7TzPcqOCHQOd2fLEgifczWhdJl2BGaB6pWmcst5k/m,other,,2026-03-19 12:38:08.161,user,,b70841dd-d745-45be-8d90-d8fcb608d294,false,false
534de41f-aa66-42bc-ae63-c15b6edbbd88,Powlowski Tamia,William_Hermiston92@yahoo.com,$2b$10$WYfD2NnELDt7TzPcqOCHQOd2fLEgifczWhdJl2BGaB6pWmcst5k/m,other,,2026-03-19 12:38:08.161,user,,b70841dd-d745-45be-8d90-d8fcb608d294,false,false
5462d2de-e847-45e4-b824-3e70f1542d43,Pfannerstill Brittany,Meggie.Haley62@hotmail.com,$2b$10$WYfD2NnELDt7TzPcqOCHQOd2fLEgifczWhdJl2BGaB6pWmcst5k/m,other,,2026-03-19 12:38:08.161,user,,b70841dd-d745-45be-8d90-d8fcb608d294,false,false
54e6b381-2ac3-41f3-9f5d-ca3720c72362,Watsica Genevieve,Sergio_Graham48@gmail.com,$2b$10$WYfD2NnELDt7TzPcqOCHQOd2fLEgifczWhdJl2BGaB6pWmcst5k/m,other,,2026-03-19 12:38:08.161,user,,b70841dd-d745-45be-8d90-d8fcb608d294,false,false
552c09cb-cbbc-4c88-a538-5128b76dce48,Carter Dana,Adrian_Strosin-Weber88@hotmail.com,$2b$10$WYfD2NnELDt7TzPcqOCHQOd2fLEgifczWhdJl2BGaB6pWmcst5k/m,other,,2026-03-19 12:38:08.161,user,,b70841dd-d745-45be-8d90-d8fcb608d294,false,false
56331613-e188-49e1-81e0-ece4c327172b,Bergnaum Mavis,Barbara_Hettinger@hotmail.com,$2b$10$WYfD2NnELDt7TzPcqOCHQOd2fLEgifczWhdJl2BGaB6pWmcst5k/m,other,,2026-03-19 12:38:08.161,admin,,b70841dd-d745-45be-8d90-d8fcb608d294,false,false
56586c89-c7cc-4c41-9310-713a6d292b33,Maggio Lorna,Shanny_Vandervort66@yahoo.com,$2b$10$WYfD2NnELDt7TzPcqOCHQOd2fLEgifczWhdJl2BGaB6pWmcst5k/m,other,,2026-03-19 12:38:08.161,user,,b70841dd-d745-45be-8d90-d8fcb608d294,false,false
56b7db8b-5875-40e9-9367-58a700e81c1e,Nitzsche Curtis,Rylan_Kub@hotmail.com,$2b$10$WYfD2NnELDt7TzPcqOCHQOd2fLEgifczWhdJl2BGaB6pWmcst5k/m,other,,2026-03-19 12:38:08.161,user,,b70841dd-d745-45be-8d90-d8fcb608d294,false,false
5802aa9b-6299-472d-9af6-4982c64bfba1,Kuphal Hilda,Miranda.Schoen9@yahoo.com,$2b$10$WYfD2NnELDt7TzPcqOCHQOd2fLEgifczWhdJl2BGaB6pWmcst5k/m,other,,2026-03-19 12:38:08.161,user,,b70841dd-d745-45be-8d90-d8fcb608d294,false,false
583aae91-471d-4f97-b581-155a4bb6fc34,Zemlak Gloria,Lavina_Will65@yahoo.com,$2b$10$WYfD2NnELDt7TzPcqOCHQOd2fLEgifczWhdJl2BGaB6pWmcst5k/m,other,,2026-03-19 12:38:08.161,user,,b70841dd-d745-45be-8d90-d8fcb608d294,false,false
58d027ba-0699-4126-a4ef-0937e6e0a1b2,West-Hodkiewicz Jim,Freida_Medhurst49@hotmail.com,$2b$10$WYfD2NnELDt7TzPcqOCHQOd2fLEgifczWhdJl2BGaB6pWmcst5k/m,other,,2026-03-19 12:38:08.161,user,,b70841dd-d745-45be-8d90-d8fcb608d294,false,false
593e8f4d-18bf-4883-8a0d-142dde9710d0,Hermiston Trever,Janet.Quitzon-Graham64@yahoo.com,$2b$10$WYfD2NnELDt7TzPcqOCHQOd2fLEgifczWhdJl2BGaB6pWmcst5k/m,other,,2026-03-19 12:38:08.161,user,,b70841dd-d745-45be-8d90-d8fcb608d294,false,false
5986a6ee-b485-43a1-b6c8-d8993687cde8,Hessel Justus,Annie_Armstrong@hotmail.com,$2b$10$WYfD2NnELDt7TzPcqOCHQOd2fLEgifczWhdJl2BGaB6pWmcst5k/m,other,,2026-03-19 12:38:08.161,user,,b70841dd-d745-45be-8d90-d8fcb608d294,false,false
59bcf30b-4214-41b6-ae70-dbfea199c3d0,Hamill Allie,Sophia.Rosenbaum4@yahoo.com,$2b$10$WYfD2NnELDt7TzPcqOCHQOd2fLEgifczWhdJl2BGaB6pWmcst5k/m,other,,2026-03-19 12:38:08.161,user,,b70841dd-d745-45be-8d90-d8fcb608d294,false,false
5a248f27-4f08-4c68-bf97-27e6b1327090,Schamberger Frances,Candice90@yahoo.com,$2b$10$WYfD2NnELDt7TzPcqOCHQOd2fLEgifczWhdJl2BGaB6pWmcst5k/m,other,,2026-03-19 12:38:08.161,user,,b70841dd-d745-45be-8d90-d8fcb608d294,false,false
5a69573d-8a8d-424b-9a85-6278cbd3eaf6,Legros Roberto,Ivy.Murphy@gmail.com,$2b$10$WYfD2NnELDt7TzPcqOCHQOd2fLEgifczWhdJl2BGaB6pWmcst5k/m,other,,2026-03-19 12:38:08.161,user,,b70841dd-d745-45be-8d90-d8fcb608d294,false,false
5a9a355a-398b-4b47-b354-b5e319435be8,Rath Johann,Sherwood94@gmail.com,$2b$10$WYfD2NnELDt7TzPcqOCHQOd2fLEgifczWhdJl2BGaB6pWmcst5k/m,other,,2026-03-19 12:38:08.161,user,,b70841dd-d745-45be-8d90-d8fcb608d294,false,false
5aee464f-55cf-479b-8915-e8a14470c5b6,Berge Shawn,Katrina_Rau@gmail.com,$2b$10$WYfD2NnELDt7TzPcqOCHQOd2fLEgifczWhdJl2BGaB6pWmcst5k/m,other,,2026-03-19 12:38:08.161,user,,b70841dd-d745-45be-8d90-d8fcb608d294,false,false
5bc1d5ab-1b67-45a5-a128-3727e47c488a,Heaney Rudy,James2@hotmail.com,$2b$10$WYfD2NnELDt7TzPcqOCHQOd2fLEgifczWhdJl2BGaB6pWmcst5k/m,other,,2026-03-19 12:38:08.161,user,,b70841dd-d745-45be-8d90-d8fcb608d294,false,false
5d6eab1c-2cfb-46df-a44d-f5de8fa40a98,Hettinger Irvin,Clemmie.Hickle@yahoo.com,$2b$10$WYfD2NnELDt7TzPcqOCHQOd2fLEgifczWhdJl2BGaB6pWmcst5k/m,other,,2026-03-19 12:38:08.161,user,,b70841dd-d745-45be-8d90-d8fcb608d294,false,false
5dc523c0-128b-4c2f-ad2a-dac2ed868bd2,Prosacco Ilene,Brent.Beatty@hotmail.com,$2b$10$WYfD2NnELDt7TzPcqOCHQOd2fLEgifczWhdJl2BGaB6pWmcst5k/m,other,,2026-03-19 12:38:08.161,admin,,b70841dd-d745-45be-8d90-d8fcb608d294,false,false
5e9b6b10-3329-4e4b-b6e7-2b29029949e7,Watsica Lauren,Wm_Quigley@yahoo.com,$2b$10$WYfD2NnELDt7TzPcqOCHQOd2fLEgifczWhdJl2BGaB6pWmcst5k/m,other,,2026-03-19 12:38:08.161,user,,b70841dd-d745-45be-8d90-d8fcb608d294,false,false
5fbfbeba-9375-4b25-85e1-9030085fdc80,Reichert Brant,Khalid_Farrell23@gmail.com,$2b$10$WYfD2NnELDt7TzPcqOCHQOd2fLEgifczWhdJl2BGaB6pWmcst5k/m,other,,2026-03-19 12:38:08.161,user,,b70841dd-d745-45be-8d90-d8fcb608d294,false,false
602fd170-fe9d-42f6-ba92-2288ab84b5fa,Dicki Pedro,Rodrigo.Walker@yahoo.com,$2b$10$WYfD2NnELDt7TzPcqOCHQOd2fLEgifczWhdJl2BGaB6pWmcst5k/m,other,,2026-03-19 12:38:08.161,user,,b70841dd-d745-45be-8d90-d8fcb608d294,false,false
609b8103-c54c-478f-a955-52069a77c0ba,Nienow Rebecca,Aaron31@yahoo.com,$2b$10$WYfD2NnELDt7TzPcqOCHQOd2fLEgifczWhdJl2BGaB6pWmcst5k/m,other,,2026-03-19 12:38:08.161,user,,b70841dd-d745-45be-8d90-d8fcb608d294,false,false
60f69142-5349-4933-9a94-fbde8690d223,Cruickshank Marty,Denise40@yahoo.com,$2b$10$WYfD2NnELDt7TzPcqOCHQOd2fLEgifczWhdJl2BGaB6pWmcst5k/m,other,,2026-03-19 12:38:08.161,admin,,b70841dd-d745-45be-8d90-d8fcb608d294,false,false
61d035fa-cd8c-43f6-99b1-e4193c98994b,Kessler Karla,Sonya_Will4@hotmail.com,$2b$10$WYfD2NnELDt7TzPcqOCHQOd2fLEgifczWhdJl2BGaB6pWmcst5k/m,other,,2026-03-19 12:38:08.161,user,,b70841dd-d745-45be-8d90-d8fcb608d294,false,false
62614dc9-8fa6-44ac-a340-bbb46d8aab8b,Huels Victor,Tierra.Dietrich8@hotmail.com,$2b$10$WYfD2NnELDt7TzPcqOCHQOd2fLEgifczWhdJl2BGaB6pWmcst5k/m,other,,2026-03-19 12:38:08.161,user,,b70841dd-d745-45be-8d90-d8fcb608d294,false,false
62c6d655-4de2-411e-9403-fa24df4f6839,Pfeffer Teri,Celia_Ferry15@hotmail.com,$2b$10$WYfD2NnELDt7TzPcqOCHQOd2fLEgifczWhdJl2BGaB6pWmcst5k/m,other,,2026-03-19 12:38:08.161,user,,b70841dd-d745-45be-8d90-d8fcb608d294,false,false
636ac5d2-7fb9-47e8-84d3-b36ef81b73c9,Runte Marley,Trinity_Waters65@gmail.com,$2b$10$WYfD2NnELDt7TzPcqOCHQOd2fLEgifczWhdJl2BGaB6pWmcst5k/m,other,,2026-03-19 12:38:08.161,user,,b70841dd-d745-45be-8d90-d8fcb608d294,false,false
646013ee-d6f8-4c21-ba50-26f92a83a00d,Konopelski Michael,Pearl_Keebler@yahoo.com,$2b$10$WYfD2NnELDt7TzPcqOCHQOd2fLEgifczWhdJl2BGaB6pWmcst5k/m,other,,2026-03-19 12:38:08.161,admin,,b70841dd-d745-45be-8d90-d8fcb608d294,false,false
64e997c0-103c-4398-bdf6-d2b442a4317d,Walsh Ashley,Julius.Fisher21@hotmail.com,$2b$10$WYfD2NnELDt7TzPcqOCHQOd2fLEgifczWhdJl2BGaB6pWmcst5k/m,other,,2026-03-19 12:38:08.161,user,,b70841dd-d745-45be-8d90-d8fcb608d294,false,false
655257bf-8fdb-4b08-aed3-286a57324e03,Thompson-Anderson Maryann,Margaret62@yahoo.com,$2b$10$WYfD2NnELDt7TzPcqOCHQOd2fLEgifczWhdJl2BGaB6pWmcst5k/m,other,,2026-03-19 12:38:08.161,user,,b70841dd-d745-45be-8d90-d8fcb608d294,false,false
65978f54-439c-45d7-81a8-2b4779311084,Aufderhar Marco,Damon99@yahoo.com,$2b$10$WYfD2NnELDt7TzPcqOCHQOd2fLEgifczWhdJl2BGaB6pWmcst5k/m,other,,2026-03-19 12:38:08.161,user,,b70841dd-d745-45be-8d90-d8fcb608d294,false,false
65b3f596-f21f-4812-8f3c-803e8991ae81,Grimes Kendra,Clair_Medhurst80@hotmail.com,$2b$10$WYfD2NnELDt7TzPcqOCHQOd2fLEgifczWhdJl2BGaB6pWmcst5k/m,other,,2026-03-19 12:38:08.161,user,,b70841dd-d745-45be-8d90-d8fcb608d294,false,false
662eeb2c-a8b2-487b-935b-6150bd553a5c,Wehner Zetta,Joy_Hessel@gmail.com,$2b$10$WYfD2NnELDt7TzPcqOCHQOd2fLEgifczWhdJl2BGaB6pWmcst5k/m,other,,2026-03-19 12:38:08.161,user,,b70841dd-d745-45be-8d90-d8fcb608d294,false,false
6837070c-eb70-4236-99b0-b1596b46de23,Runolfsdottir Teagan,Wanda2@gmail.com,$2b$10$WYfD2NnELDt7TzPcqOCHQOd2fLEgifczWhdJl2BGaB6pWmcst5k/m,other,,2026-03-19 12:38:08.161,user,,b70841dd-d745-45be-8d90-d8fcb608d294,false,false
68c16050-0721-49e1-b24c-4947f7c49786,Murazik Verla,Ross_Bauch@yahoo.com,$2b$10$WYfD2NnELDt7TzPcqOCHQOd2fLEgifczWhdJl2BGaB6pWmcst5k/m,other,,2026-03-19 12:38:08.161,user,,b70841dd-d745-45be-8d90-d8fcb608d294,false,false
68f6be47-eb09-47cc-8c10-80bae0e068a5,Williamson Emma,Angelo41@gmail.com,$2b$10$WYfD2NnELDt7TzPcqOCHQOd2fLEgifczWhdJl2BGaB6pWmcst5k/m,other,,2026-03-19 12:38:08.161,user,,b70841dd-d745-45be-8d90-d8fcb608d294,false,false
699233ae-d85b-4159-9384-ba8d0f57deff,Tillman Claudie,Kim.Runte@gmail.com,$2b$10$WYfD2NnELDt7TzPcqOCHQOd2fLEgifczWhdJl2BGaB6pWmcst5k/m,other,,2026-03-19 12:38:08.161,user,,b70841dd-d745-45be-8d90-d8fcb608d294,false,false
6a65dad3-1ac9-476e-8f1f-98cff87bf031,Emard Olivia,Jimmy_Lebsack@hotmail.com,$2b$10$WYfD2NnELDt7TzPcqOCHQOd2fLEgifczWhdJl2BGaB6pWmcst5k/m,other,,2026-03-19 12:38:08.161,user,,b70841dd-d745-45be-8d90-d8fcb608d294,false,false
6b195932-2762-4202-a1f8-5d51846dd460,Gleichner Merritt,Hayden.Bauch@hotmail.com,$2b$10$WYfD2NnELDt7TzPcqOCHQOd2fLEgifczWhdJl2BGaB6pWmcst5k/m,other,,2026-03-19 12:38:08.161,user,,b70841dd-d745-45be-8d90-d8fcb608d294,false,false
6b78f3d4-333e-44f6-9804-2df6e0533289,Schulist Brenden,Virgil29@yahoo.com,$2b$10$WYfD2NnELDt7TzPcqOCHQOd2fLEgifczWhdJl2BGaB6pWmcst5k/m,other,,2026-03-19 12:38:08.161,user,,b70841dd-d745-45be-8d90-d8fcb608d294,false,false
6b97af91-7630-452b-8807-daf53c28aa65,Stark Aiyana,Frank.Leuschke-Donnelly0@yahoo.com,$2b$10$WYfD2NnELDt7TzPcqOCHQOd2fLEgifczWhdJl2BGaB6pWmcst5k/m,other,,2026-03-19 12:38:08.161,user,,b70841dd-d745-45be-8d90-d8fcb608d294,false,false
6d8a9808-ea99-490c-b506-a8f11b378ad8,Block Jaylon,Frederic_Kunze@gmail.com,$2b$10$WYfD2NnELDt7TzPcqOCHQOd2fLEgifczWhdJl2BGaB6pWmcst5k/m,other,,2026-03-19 12:38:08.161,user,,b70841dd-d745-45be-8d90-d8fcb608d294,false,false
6db31051-9861-4d4f-bbdf-cf93b6d8706e,O'Keefe Marie,Carolina35@yahoo.com,$2b$10$WYfD2NnELDt7TzPcqOCHQOd2fLEgifczWhdJl2BGaB6pWmcst5k/m,other,,2026-03-19 12:38:08.161,user,,b70841dd-d745-45be-8d90-d8fcb608d294,false,false
6ec8a793-935f-41b3-bde5-56f715b599a8,Hayes Janelle,Ignacio1@yahoo.com,$2b$10$WYfD2NnELDt7TzPcqOCHQOd2fLEgifczWhdJl2BGaB6pWmcst5k/m,other,,2026-03-19 12:38:08.161,user,,b70841dd-d745-45be-8d90-d8fcb608d294,false,false
6ef02c63-6ef6-4ee5-b4fc-cf0e332acc92,Leuschke Steven,Sonja.Walter29@yahoo.com,$2b$10$WYfD2NnELDt7TzPcqOCHQOd2fLEgifczWhdJl2BGaB6pWmcst5k/m,other,,2026-03-19 12:38:08.161,user,,b70841dd-d745-45be-8d90-d8fcb608d294,false,false
6f6de40d-d6ed-418d-ae9b-5fcde669ea80,Gorczany Marianne,Cecelia_Durgan36@yahoo.com,$2b$10$WYfD2NnELDt7TzPcqOCHQOd2fLEgifczWhdJl2BGaB6pWmcst5k/m,other,,2026-03-19 12:38:08.161,user,,b70841dd-d745-45be-8d90-d8fcb608d294,false,false
7030536c-6123-4c7c-bbef-087a752896a9,Wolff Jon,Brook_Anderson@hotmail.com,$2b$10$WYfD2NnELDt7TzPcqOCHQOd2fLEgifczWhdJl2BGaB6pWmcst5k/m,other,,2026-03-19 12:38:08.161,user,,b70841dd-d745-45be-8d90-d8fcb608d294,false,false
70527374-58ac-4625-8bac-334eb3b19536,Lehner Joanny,Bella_Carroll54@gmail.com,$2b$10$WYfD2NnELDt7TzPcqOCHQOd2fLEgifczWhdJl2BGaB6pWmcst5k/m,other,,2026-03-19 12:38:08.161,user,,b70841dd-d745-45be-8d90-d8fcb608d294,false,false
708a0a7c-0de8-439f-82dd-297cb6a78035,Goyette Joy,Shanel70@hotmail.com,$2b$10$WYfD2NnELDt7TzPcqOCHQOd2fLEgifczWhdJl2BGaB6pWmcst5k/m,other,,2026-03-19 12:38:08.161,user,,b70841dd-d745-45be-8d90-d8fcb608d294,false,false
70d61bf9-a21e-4f7e-bd54-d81dadf59302,Bartoletti Pat,Alexa_OKon8@hotmail.com,$2b$10$WYfD2NnELDt7TzPcqOCHQOd2fLEgifczWhdJl2BGaB6pWmcst5k/m,other,,2026-03-19 12:38:08.161,admin,,b70841dd-d745-45be-8d90-d8fcb608d294,false,false
7190c874-5f28-4c9a-bcd2-00dbc49cc860,Ullrich Glenn,Cordie47@hotmail.com,$2b$10$WYfD2NnELDt7TzPcqOCHQOd2fLEgifczWhdJl2BGaB6pWmcst5k/m,other,,2026-03-19 12:38:08.161,user,,b70841dd-d745-45be-8d90-d8fcb608d294,false,false
7209f8e6-1149-4a39-b747-db07fc255f4c,Dare-Hauck Elisa,Kimberly.Gibson74@hotmail.com,$2b$10$WYfD2NnELDt7TzPcqOCHQOd2fLEgifczWhdJl2BGaB6pWmcst5k/m,other,,2026-03-19 12:38:08.161,user,,b70841dd-d745-45be-8d90-d8fcb608d294,false,false
7332e698-14b9-4d30-aca6-e8a8749da5dc,Shanahan Herman,Rae_Jacobson52@gmail.com,$2b$10$WYfD2NnELDt7TzPcqOCHQOd2fLEgifczWhdJl2BGaB6pWmcst5k/m,other,,2026-03-19 12:38:08.161,user,,b70841dd-d745-45be-8d90-d8fcb608d294,false,false
74e0b8ca-463d-41dc-8a0e-8d946a89c409,Renner Terry,Peter_Streich@hotmail.com,$2b$10$WYfD2NnELDt7TzPcqOCHQOd2fLEgifczWhdJl2BGaB6pWmcst5k/m,other,,2026-03-19 12:38:08.161,user,,b70841dd-d745-45be-8d90-d8fcb608d294,false,false
7508db7c-ce53-40d6-ab89-fcf0bff1b6d7,Koss Sandra,Jack.Pfeffer@gmail.com,$2b$10$WYfD2NnELDt7TzPcqOCHQOd2fLEgifczWhdJl2BGaB6pWmcst5k/m,other,,2026-03-19 12:38:08.161,user,,b70841dd-d745-45be-8d90-d8fcb608d294,false,false
75c16718-de78-441f-8db5-6fd2fb0623da,Kris Kelley,Santiago_McDermott63@yahoo.com,$2b$10$WYfD2NnELDt7TzPcqOCHQOd2fLEgifczWhdJl2BGaB6pWmcst5k/m,other,,2026-03-19 12:38:08.161,user,,b70841dd-d745-45be-8d90-d8fcb608d294,false,false
75cd7278-6ec4-428c-84fc-ea7984d6f6f3,Kautzer Pearl,Ben_Hyatt@hotmail.com,$2b$10$WYfD2NnELDt7TzPcqOCHQOd2fLEgifczWhdJl2BGaB6pWmcst5k/m,other,,2026-03-19 12:38:08.161,admin,,b70841dd-d745-45be-8d90-d8fcb608d294,false,false
770d7f15-7250-4260-9290-0bbb009b7033,Boyer Alexander,Sally.Greenfelder@hotmail.com,$2b$10$WYfD2NnELDt7TzPcqOCHQOd2fLEgifczWhdJl2BGaB6pWmcst5k/m,other,,2026-03-19 12:38:08.161,user,,b70841dd-d745-45be-8d90-d8fcb608d294,false,false
777ae66b-b3a4-44fa-bd0d-dc7fcb7f45e0,Gerhold-Towne Henry,Robin.Rowe@hotmail.com,$2b$10$WYfD2NnELDt7TzPcqOCHQOd2fLEgifczWhdJl2BGaB6pWmcst5k/m,other,,2026-03-19 12:38:08.161,user,,b70841dd-d745-45be-8d90-d8fcb608d294,false,false
77c4de44-1036-40f7-ac84-8603c9b805f6,Mraz Elenora,Francisco79@hotmail.com,$2b$10$WYfD2NnELDt7TzPcqOCHQOd2fLEgifczWhdJl2BGaB6pWmcst5k/m,other,,2026-03-19 12:38:08.161,user,,b70841dd-d745-45be-8d90-d8fcb608d294,false,false
7910a993-6986-467d-9c70-79c40e7d7ef3,Carter Sabryna,Betsy18@gmail.com,$2b$10$WYfD2NnELDt7TzPcqOCHQOd2fLEgifczWhdJl2BGaB6pWmcst5k/m,other,,2026-03-19 12:38:08.161,user,,b70841dd-d745-45be-8d90-d8fcb608d294,false,false
79b3f6ec-0be2-4ef1-b2a0-0cd28a12de0a,Romaguera Lorene,Cornelius62@yahoo.com,$2b$10$WYfD2NnELDt7TzPcqOCHQOd2fLEgifczWhdJl2BGaB6pWmcst5k/m,other,,2026-03-19 12:38:08.161,user,,b70841dd-d745-45be-8d90-d8fcb608d294,false,false
7a34da49-fdfa-499b-85ce-2533685ea745,O'Hara Floyd,Minnie_Brekke72@yahoo.com,$2b$10$WYfD2NnELDt7TzPcqOCHQOd2fLEgifczWhdJl2BGaB6pWmcst5k/m,other,,2026-03-19 12:38:08.161,user,,b70841dd-d745-45be-8d90-d8fcb608d294,false,false
7a996a71-c472-4da4-9bbf-e044628a77e7,Hilpert Rosemarie,Maureen.Wisozk86@yahoo.com,$2b$10$WYfD2NnELDt7TzPcqOCHQOd2fLEgifczWhdJl2BGaB6pWmcst5k/m,other,,2026-03-19 12:38:08.161,user,,b70841dd-d745-45be-8d90-d8fcb608d294,false,false
7aa70ab8-d69c-44bb-93b1-43da1d784894,Rodriguez Kattie,Nick_Rogahn@gmail.com,$2b$10$WYfD2NnELDt7TzPcqOCHQOd2fLEgifczWhdJl2BGaB6pWmcst5k/m,other,,2026-03-19 12:38:08.161,user,,b70841dd-d745-45be-8d90-d8fcb608d294,false,false
7ba16d91-aec1-43d7-a9a6-a3e6599bd7ec,Gerhold Eldora,Tommie71@hotmail.com,$2b$10$WYfD2NnELDt7TzPcqOCHQOd2fLEgifczWhdJl2BGaB6pWmcst5k/m,other,,2026-03-19 12:38:08.161,user,,b70841dd-d745-45be-8d90-d8fcb608d294,false,false
7c3cc431-bb12-4eee-add4-6f189cd5cf3f,Dooley Susie,Kole92@hotmail.com,$2b$10$WYfD2NnELDt7TzPcqOCHQOd2fLEgifczWhdJl2BGaB6pWmcst5k/m,other,,2026-03-19 12:38:08.161,user,,b70841dd-d745-45be-8d90-d8fcb608d294,false,false
7c938e46-826d-4102-9595-58e8c54aacbf,Renner Giovani,Julius71@hotmail.com,$2b$10$WYfD2NnELDt7TzPcqOCHQOd2fLEgifczWhdJl2BGaB6pWmcst5k/m,other,,2026-03-19 12:38:08.161,user,,b70841dd-d745-45be-8d90-d8fcb608d294,false,false
7d9569c0-424d-4334-8111-a15659583af0,Nienow Doug,Rachael_Hettinger74@hotmail.com,$2b$10$WYfD2NnELDt7TzPcqOCHQOd2fLEgifczWhdJl2BGaB6pWmcst5k/m,other,,2026-03-19 12:38:08.161,user,,b70841dd-d745-45be-8d90-d8fcb608d294,false,false
7da12594-96ff-4d05-b37d-2f8b2dc42fea,Steuber Rosetta,Mary29@gmail.com,$2b$10$WYfD2NnELDt7TzPcqOCHQOd2fLEgifczWhdJl2BGaB6pWmcst5k/m,other,,2026-03-19 12:38:08.161,user,,b70841dd-d745-45be-8d90-d8fcb608d294,false,false
7e120d88-49ae-47da-8a53-aa6d2a395356,Dibbert Novella,William21@yahoo.com,$2b$10$WYfD2NnELDt7TzPcqOCHQOd2fLEgifczWhdJl2BGaB6pWmcst5k/m,other,,2026-03-19 12:38:08.161,user,,b70841dd-d745-45be-8d90-d8fcb608d294,false,false
7e189a86-c259-4caa-a269-c7e4d6d3361e,O'Connell Isaiah,Kristin.Hudson59@yahoo.com,$2b$10$WYfD2NnELDt7TzPcqOCHQOd2fLEgifczWhdJl2BGaB6pWmcst5k/m,other,,2026-03-19 12:38:08.161,admin,,b70841dd-d745-45be-8d90-d8fcb608d294,false,false
7ea0fc79-a5b2-4910-b791-0e80436502f6,Smith Lena,Ervin26@yahoo.com,$2b$10$WYfD2NnELDt7TzPcqOCHQOd2fLEgifczWhdJl2BGaB6pWmcst5k/m,other,,2026-03-19 12:38:08.161,admin,,b70841dd-d745-45be-8d90-d8fcb608d294,false,false
7edaf36e-1c17-46f1-9185-59f54a8412bc,Nienow Edith,Ransom.Rosenbaum@gmail.com,$2b$10$WYfD2NnELDt7TzPcqOCHQOd2fLEgifczWhdJl2BGaB6pWmcst5k/m,other,,2026-03-19 12:38:08.161,user,,b70841dd-d745-45be-8d90-d8fcb608d294,false,false
7f92ef9f-a62b-4ec7-b3df-62507f2bede6,Romaguera Mabelle,Angelo21@hotmail.com,$2b$10$WYfD2NnELDt7TzPcqOCHQOd2fLEgifczWhdJl2BGaB6pWmcst5k/m,other,,2026-03-19 12:38:08.161,user,,b70841dd-d745-45be-8d90-d8fcb608d294,false,false
7fb6bf74-365e-484f-b51c-b025aaedfe8c,Funk Tammy,Eldridge41@hotmail.com,$2b$10$WYfD2NnELDt7TzPcqOCHQOd2fLEgifczWhdJl2BGaB6pWmcst5k/m,other,,2026-03-19 12:38:08.161,user,,b70841dd-d745-45be-8d90-d8fcb608d294,false,false
80374b90-c0a9-4c1d-ab62-3f0972b8f67e,Veum Meredith,Jon.Larson42@gmail.com,$2b$10$WYfD2NnELDt7TzPcqOCHQOd2fLEgifczWhdJl2BGaB6pWmcst5k/m,other,,2026-03-19 12:38:08.161,user,,b70841dd-d745-45be-8d90-d8fcb608d294,false,false
80737660-ef90-43b6-bb47-6a54df17b6c9,Stehr Felix,Ricardo61@yahoo.com,$2b$10$WYfD2NnELDt7TzPcqOCHQOd2fLEgifczWhdJl2BGaB6pWmcst5k/m,other,,2026-03-19 12:38:08.161,user,,b70841dd-d745-45be-8d90-d8fcb608d294,false,false
81578b9e-9640-44a3-9756-ca292a0f2579,Lind Woodrow,Macey_Hansen@hotmail.com,$2b$10$WYfD2NnELDt7TzPcqOCHQOd2fLEgifczWhdJl2BGaB6pWmcst5k/m,other,,2026-03-19 12:38:08.161,user,,b70841dd-d745-45be-8d90-d8fcb608d294,false,false
81f3171a-646d-4799-a9d6-0db364963c2b,Haley Scott,Nayeli_Sipes@hotmail.com,$2b$10$WYfD2NnELDt7TzPcqOCHQOd2fLEgifczWhdJl2BGaB6pWmcst5k/m,other,,2026-03-19 12:38:08.161,admin,,b70841dd-d745-45be-8d90-d8fcb608d294,false,false
83001bb4-a52b-4cbf-88ff-28e377870c8c,Powlowski Lydia,Vladimir.Pfeffer60@hotmail.com,$2b$10$WYfD2NnELDt7TzPcqOCHQOd2fLEgifczWhdJl2BGaB6pWmcst5k/m,other,,2026-03-19 12:38:08.161,user,,b70841dd-d745-45be-8d90-d8fcb608d294,false,false
83a19163-8e33-4e0e-b2fe-e33d6243dc98,Lemke Meredith,Jedidiah.Morissette@yahoo.com,$2b$10$WYfD2NnELDt7TzPcqOCHQOd2fLEgifczWhdJl2BGaB6pWmcst5k/m,other,,2026-03-19 12:38:08.161,user,,b70841dd-d745-45be-8d90-d8fcb608d294,false,false
8722135b-d1b0-4f7b-ab96-6740e9708531,Barrows Gardner,Waldo_Macejkovic@gmail.com,$2b$10$WYfD2NnELDt7TzPcqOCHQOd2fLEgifczWhdJl2BGaB6pWmcst5k/m,other,,2026-03-19 12:38:08.161,admin,,b70841dd-d745-45be-8d90-d8fcb608d294,false,false
87e72968-eb36-4055-8d86-3f3380bf572b,Feest Clint,Amos_Stehr51@yahoo.com,$2b$10$WYfD2NnELDt7TzPcqOCHQOd2fLEgifczWhdJl2BGaB6pWmcst5k/m,other,,2026-03-19 12:38:08.161,user,,b70841dd-d745-45be-8d90-d8fcb608d294,false,false
88b8bebb-ea7e-4efa-9060-a6f34ed45ec3,Kunde Colton,Rex.Hegmann@hotmail.com,$2b$10$WYfD2NnELDt7TzPcqOCHQOd2fLEgifczWhdJl2BGaB6pWmcst5k/m,other,,2026-03-19 12:38:08.161,user,,b70841dd-d745-45be-8d90-d8fcb608d294,false,false
8a5e9a76-51ec-4b53-a6d9-ee5bbe33f378,Kirlin-Reynolds Lawrence,Cedric37@hotmail.com,$2b$10$WYfD2NnELDt7TzPcqOCHQOd2fLEgifczWhdJl2BGaB6pWmcst5k/m,other,,2026-03-19 12:38:08.161,user,,b70841dd-d745-45be-8d90-d8fcb608d294,false,false
8b4bd6bd-b414-48dd-bcfe-a844cffe4efc,Berge Alex,Peter90@gmail.com,$2b$10$WYfD2NnELDt7TzPcqOCHQOd2fLEgifczWhdJl2BGaB6pWmcst5k/m,other,,2026-03-19 12:38:08.161,user,,b70841dd-d745-45be-8d90-d8fcb608d294,false,false
8b4bec06-5f0f-485f-8f49-d4a17bd3b395,Berge Kane,Tim.Dicki@gmail.com,$2b$10$WYfD2NnELDt7TzPcqOCHQOd2fLEgifczWhdJl2BGaB6pWmcst5k/m,other,,2026-03-19 12:38:08.161,user,,b70841dd-d745-45be-8d90-d8fcb608d294,false,false
8bb1dc95-3ee4-48cd-9fdc-ad4697eff9e0,Homenick Erik,Leticia_Walsh68@yahoo.com,$2b$10$WYfD2NnELDt7TzPcqOCHQOd2fLEgifczWhdJl2BGaB6pWmcst5k/m,other,,2026-03-19 12:38:08.161,admin,,b70841dd-d745-45be-8d90-d8fcb608d294,false,false
8c8a6599-8bb2-466f-bb2a-627c2079d7bc,Hahn Elaina,Sabrina.Moen31@hotmail.com,$2b$10$WYfD2NnELDt7TzPcqOCHQOd2fLEgifczWhdJl2BGaB6pWmcst5k/m,other,,2026-03-19 12:38:08.161,user,,b70841dd-d745-45be-8d90-d8fcb608d294,false,false
8d94c123-3f15-4ec6-b252-f6cbbbddf8ea,Bergstrom Winfield,Damien_Berge@gmail.com,$2b$10$WYfD2NnELDt7TzPcqOCHQOd2fLEgifczWhdJl2BGaB6pWmcst5k/m,other,,2026-03-19 12:38:08.161,user,,b70841dd-d745-45be-8d90-d8fcb608d294,false,false
8dd3c27e-6cc3-410e-a94f-1dc51b4a54a3,Schneider Kate,Kara.Ritchie@gmail.com,$2b$10$WYfD2NnELDt7TzPcqOCHQOd2fLEgifczWhdJl2BGaB6pWmcst5k/m,other,,2026-03-19 12:38:08.161,user,,b70841dd-d745-45be-8d90-d8fcb608d294,false,false
8e0392d9-c17a-4589-a3e1-56160de12f78,Johnston Vicky,Nyah.Jaskolski@hotmail.com,$2b$10$WYfD2NnELDt7TzPcqOCHQOd2fLEgifczWhdJl2BGaB6pWmcst5k/m,other,,2026-03-19 12:38:08.161,user,,b70841dd-d745-45be-8d90-d8fcb608d294,false,false
8e03a8f9-4767-46b8-9128-448da3e5dc17,Lockman Modesta,Emilia.Schaefer@yahoo.com,$2b$10$WYfD2NnELDt7TzPcqOCHQOd2fLEgifczWhdJl2BGaB6pWmcst5k/m,other,,2026-03-19 12:38:08.161,user,,b70841dd-d745-45be-8d90-d8fcb608d294,false,false
8ed5aa70-162a-4cfa-9ce9-127850642280,Kessler Jamal,Tracey_Collins@hotmail.com,$2b$10$WYfD2NnELDt7TzPcqOCHQOd2fLEgifczWhdJl2BGaB6pWmcst5k/m,other,,2026-03-19 12:38:08.161,user,,b70841dd-d745-45be-8d90-d8fcb608d294,false,false
8f75e27b-a710-47b8-aa1c-dfac4e6d03a1,Fadel Bessie,Rebecca29@hotmail.com,$2b$10$WYfD2NnELDt7TzPcqOCHQOd2fLEgifczWhdJl2BGaB6pWmcst5k/m,other,,2026-03-19 12:38:08.161,user,,b70841dd-d745-45be-8d90-d8fcb608d294,false,false
8f7998f7-384e-4595-9ef6-01e07aa1d641,Boyle Max,Mylene.Runolfsson61@yahoo.com,$2b$10$WYfD2NnELDt7TzPcqOCHQOd2fLEgifczWhdJl2BGaB6pWmcst5k/m,other,,2026-03-19 12:38:08.161,user,,b70841dd-d745-45be-8d90-d8fcb608d294,false,false
91419d88-ecae-420b-9b40-c74a8413d4df,Ward Velda,Carolanne.Kuhlman18@hotmail.com,$2b$10$WYfD2NnELDt7TzPcqOCHQOd2fLEgifczWhdJl2BGaB6pWmcst5k/m,other,,2026-03-19 12:38:08.161,user,,b70841dd-d745-45be-8d90-d8fcb608d294,false,false
915eb64f-2848-49d3-93a8-8c426af44b42,Labadie Keegan,Lorenzo_Nader22@yahoo.com,$2b$10$WYfD2NnELDt7TzPcqOCHQOd2fLEgifczWhdJl2BGaB6pWmcst5k/m,other,,2026-03-19 12:38:08.161,user,,b70841dd-d745-45be-8d90-d8fcb608d294,false,false
920f64f6-991b-4d26-99c9-d318f3f98bf6,Bashirian Zaria,Myron.Stracke95@hotmail.com,$2b$10$WYfD2NnELDt7TzPcqOCHQOd2fLEgifczWhdJl2BGaB6pWmcst5k/m,other,,2026-03-19 12:38:08.161,user,,b70841dd-d745-45be-8d90-d8fcb608d294,false,false
926a021f-88e1-4c49-9a52-f3833b013392,Cruickshank Evan,Aaron.Bode@gmail.com,$2b$10$WYfD2NnELDt7TzPcqOCHQOd2fLEgifczWhdJl2BGaB6pWmcst5k/m,other,,2026-03-19 12:38:08.161,user,,b70841dd-d745-45be-8d90-d8fcb608d294,false,false
929d9716-9443-457f-850e-48056be09d56,Ledner Myrtle,Jules_Bailey@hotmail.com,$2b$10$WYfD2NnELDt7TzPcqOCHQOd2fLEgifczWhdJl2BGaB6pWmcst5k/m,other,,2026-03-19 12:38:08.161,user,,b70841dd-d745-45be-8d90-d8fcb608d294,false,false
92cb3af5-f8de-42bd-b45d-f39b31f4276a,Runolfsdottir Andrea,Delbert.Runolfsdottir-Parisian@yahoo.com,$2b$10$WYfD2NnELDt7TzPcqOCHQOd2fLEgifczWhdJl2BGaB6pWmcst5k/m,other,,2026-03-19 12:38:08.161,user,,b70841dd-d745-45be-8d90-d8fcb608d294,false,false
932e71c9-99f8-498e-a637-48fb5fe6cd54,Hagenes Turner,Gerardo0@yahoo.com,$2b$10$WYfD2NnELDt7TzPcqOCHQOd2fLEgifczWhdJl2BGaB6pWmcst5k/m,other,,2026-03-19 12:38:08.161,user,,b70841dd-d745-45be-8d90-d8fcb608d294,false,false
93af902e-fe8e-47d9-a686-7e55addc1b88,Hudson Steven,Nicola.Ankunding@gmail.com,$2b$10$WYfD2NnELDt7TzPcqOCHQOd2fLEgifczWhdJl2BGaB6pWmcst5k/m,other,,2026-03-19 12:38:08.161,user,,b70841dd-d745-45be-8d90-d8fcb608d294,false,false
93d64723-64a8-402a-84cd-b0b892730347,Kautzer Ellis,Brandi.Schneider7@gmail.com,$2b$10$WYfD2NnELDt7TzPcqOCHQOd2fLEgifczWhdJl2BGaB6pWmcst5k/m,other,,2026-03-19 12:38:08.161,user,,b70841dd-d745-45be-8d90-d8fcb608d294,false,false
9457d34b-baf3-4fa0-a9bb-a49b575cf6a1,Barton Adelia,Yvonne23@hotmail.com,$2b$10$WYfD2NnELDt7TzPcqOCHQOd2fLEgifczWhdJl2BGaB6pWmcst5k/m,other,,2026-03-19 12:38:08.161,user,,b70841dd-d745-45be-8d90-d8fcb608d294,false,false
965ea098-a680-4641-aac0-6101842e6684,Lang Emilio,Mike21@gmail.com,$2b$10$WYfD2NnELDt7TzPcqOCHQOd2fLEgifczWhdJl2BGaB6pWmcst5k/m,other,,2026-03-19 12:38:08.161,admin,,b70841dd-d745-45be-8d90-d8fcb608d294,false,false
96b36c28-b6c5-43af-a4d4-8b92fda5fef2,Russel Susie,Merritt_Nitzsche@yahoo.com,$2b$10$WYfD2NnELDt7TzPcqOCHQOd2fLEgifczWhdJl2BGaB6pWmcst5k/m,other,,2026-03-19 12:38:08.161,user,,b70841dd-d745-45be-8d90-d8fcb608d294,false,false
97442ac4-eb60-48d8-acb2-3b53c9f466f6,Yundt Teri,Shaniya_Bailey76@hotmail.com,$2b$10$WYfD2NnELDt7TzPcqOCHQOd2fLEgifczWhdJl2BGaB6pWmcst5k/m,other,,2026-03-19 12:38:08.161,user,,b70841dd-d745-45be-8d90-d8fcb608d294,false,false
97cbcf85-db8c-45a2-bae9-6450a1797ce5,Kulas Boyd,Shannon_Runte43@hotmail.com,$2b$10$WYfD2NnELDt7TzPcqOCHQOd2fLEgifczWhdJl2BGaB6pWmcst5k/m,other,,2026-03-19 12:38:08.161,user,,b70841dd-d745-45be-8d90-d8fcb608d294,false,false
9831932c-d6e7-4028-bb7c-dcd84a7a2d8a,Marquardt Vaughn,Jennie81@gmail.com,$2b$10$WYfD2NnELDt7TzPcqOCHQOd2fLEgifczWhdJl2BGaB6pWmcst5k/m,other,,2026-03-19 12:38:08.161,user,,b70841dd-d745-45be-8d90-d8fcb608d294,false,false
988e5b44-b916-4170-8036-97b21e6b64d1,Hodkiewicz Kallie,Coy29@yahoo.com,$2b$10$WYfD2NnELDt7TzPcqOCHQOd2fLEgifczWhdJl2BGaB6pWmcst5k/m,other,,2026-03-19 12:38:08.161,user,,b70841dd-d745-45be-8d90-d8fcb608d294,false,false
9906bd7d-fd3c-40ba-acfc-d368386fb437,Gutkowski Morris,Lowell.Kris@yahoo.com,$2b$10$WYfD2NnELDt7TzPcqOCHQOd2fLEgifczWhdJl2BGaB6pWmcst5k/m,other,,2026-03-19 12:38:08.161,user,,b70841dd-d745-45be-8d90-d8fcb608d294,false,false
9931cc0f-14ba-4ce1-a51d-3d53a43afc09,Erdman Dasia,Delbert_Reilly68@gmail.com,$2b$10$WYfD2NnELDt7TzPcqOCHQOd2fLEgifczWhdJl2BGaB6pWmcst5k/m,other,,2026-03-19 12:38:08.161,user,,b70841dd-d745-45be-8d90-d8fcb608d294,false,false
99b29907-8025-447d-a2cc-0a6517411166,Stark Litzy,Ken_Marvin16@gmail.com,$2b$10$WYfD2NnELDt7TzPcqOCHQOd2fLEgifczWhdJl2BGaB6pWmcst5k/m,other,,2026-03-19 12:38:08.161,admin,,b70841dd-d745-45be-8d90-d8fcb608d294,false,false
9b405208-60f9-4b65-8923-d4f891e30295,Rodriguez Amelia,Allan93@gmail.com,$2b$10$WYfD2NnELDt7TzPcqOCHQOd2fLEgifczWhdJl2BGaB6pWmcst5k/m,other,,2026-03-19 12:38:08.161,admin,,b70841dd-d745-45be-8d90-d8fcb608d294,false,false
9b459e7d-421e-4f77-9f6b-7a152a353f17,Rogahn Stephen,Tammy82@hotmail.com,$2b$10$WYfD2NnELDt7TzPcqOCHQOd2fLEgifczWhdJl2BGaB6pWmcst5k/m,other,,2026-03-19 12:38:08.161,admin,,b70841dd-d745-45be-8d90-d8fcb608d294,false,false
9c1c6802-0cf5-412a-8ac3-1d6fdbe44427,Reinger Doyle,Rhett.Friesen4@gmail.com,$2b$10$WYfD2NnELDt7TzPcqOCHQOd2fLEgifczWhdJl2BGaB6pWmcst5k/m,other,,2026-03-19 12:38:08.161,user,,b70841dd-d745-45be-8d90-d8fcb608d294,false,false
9c397c5c-0c4e-4b9d-8309-25988e9ee075,Halvorson Randy,Pearl45@yahoo.com,$2b$10$WYfD2NnELDt7TzPcqOCHQOd2fLEgifczWhdJl2BGaB6pWmcst5k/m,other,,2026-03-19 12:38:08.161,user,,b70841dd-d745-45be-8d90-d8fcb608d294,false,false
9c6bed1e-0fc5-433e-8f11-e1516e98795a,Schowalter Napoleon,Corene.Lockman21@yahoo.com,$2b$10$WYfD2NnELDt7TzPcqOCHQOd2fLEgifczWhdJl2BGaB6pWmcst5k/m,other,,2026-03-19 12:38:08.161,user,,b70841dd-d745-45be-8d90-d8fcb608d294,false,false
9d12535e-e927-4b21-822f-7bb64a34dc0b,Reinger Sadie,Luz_Dach0@gmail.com,$2b$10$WYfD2NnELDt7TzPcqOCHQOd2fLEgifczWhdJl2BGaB6pWmcst5k/m,other,,2026-03-19 12:38:08.161,user,,b70841dd-d745-45be-8d90-d8fcb608d294,false,false
9d64f9eb-7e9a-4165-8eeb-41f3f6b853bd,Hudson Ibrahim,Clarabelle.Feeney34@gmail.com,$2b$10$WYfD2NnELDt7TzPcqOCHQOd2fLEgifczWhdJl2BGaB6pWmcst5k/m,other,,2026-03-19 12:38:08.161,user,,b70841dd-d745-45be-8d90-d8fcb608d294,false,false
9e5355b3-7edf-4607-b10f-fc64f82b9d29,Reichel Michael,Allan_Hilpert@gmail.com,$2b$10$WYfD2NnELDt7TzPcqOCHQOd2fLEgifczWhdJl2BGaB6pWmcst5k/m,other,,2026-03-19 12:38:08.161,user,,b70841dd-d745-45be-8d90-d8fcb608d294,false,false
9eadd8d3-9dee-4b9b-8c78-78331302ffb1,Kautzer Cletus,Angie.Mills78@gmail.com,$2b$10$WYfD2NnELDt7TzPcqOCHQOd2fLEgifczWhdJl2BGaB6pWmcst5k/m,other,,2026-03-19 12:38:08.161,user,,b70841dd-d745-45be-8d90-d8fcb608d294,false,false
9ec0b316-0452-49dd-82e6-9c0c49ada4a4,Champlin Jamel,Elvera.Hessel@yahoo.com,$2b$10$WYfD2NnELDt7TzPcqOCHQOd2fLEgifczWhdJl2BGaB6pWmcst5k/m,other,,2026-03-19 12:38:08.161,user,,b70841dd-d745-45be-8d90-d8fcb608d294,false,false
9f7d4bdb-663b-4bf3-88c6-f9ade22e727f,Pollich Homer,Marion.Hamill@hotmail.com,$2b$10$WYfD2NnELDt7TzPcqOCHQOd2fLEgifczWhdJl2BGaB6pWmcst5k/m,other,,2026-03-19 12:38:08.161,user,,b70841dd-d745-45be-8d90-d8fcb608d294,false,false
a0f394e7-6e00-463e-beb6-1c07fedcd081,Casper Junior,Kacie_Bechtelar47@yahoo.com,$2b$10$WYfD2NnELDt7TzPcqOCHQOd2fLEgifczWhdJl2BGaB6pWmcst5k/m,other,,2026-03-19 12:38:08.161,user,,b70841dd-d745-45be-8d90-d8fcb608d294,false,false
a16d633b-ab40-4ef6-811b-b794ad968900,Prosacco Orville,Maureen.Osinski75@hotmail.com,$2b$10$WYfD2NnELDt7TzPcqOCHQOd2fLEgifczWhdJl2BGaB6pWmcst5k/m,other,,2026-03-19 12:38:08.161,user,,b70841dd-d745-45be-8d90-d8fcb608d294,false,false
a2189e67-58f8-4907-b9ec-ff75f4435f34,Kunde Lily,Lynn43@yahoo.com,$2b$10$WYfD2NnELDt7TzPcqOCHQOd2fLEgifczWhdJl2BGaB6pWmcst5k/m,other,,2026-03-19 12:38:08.161,user,,b70841dd-d745-45be-8d90-d8fcb608d294,false,false
a36f9acb-d9c9-432a-8322-befca1f18c7f,Jacobs Cody,Jimmie88@hotmail.com,$2b$10$WYfD2NnELDt7TzPcqOCHQOd2fLEgifczWhdJl2BGaB6pWmcst5k/m,other,,2026-03-19 12:38:08.161,user,,b70841dd-d745-45be-8d90-d8fcb608d294,false,false
a398b8b3-1612-4e51-b5aa-013b6dc60873,Dibbert Jay,Lee12@hotmail.com,$2b$10$WYfD2NnELDt7TzPcqOCHQOd2fLEgifczWhdJl2BGaB6pWmcst5k/m,other,,2026-03-19 12:38:08.161,user,,b70841dd-d745-45be-8d90-d8fcb608d294,false,false
a4e1c586-fc6f-4d52-a300-0d679be73cdb,Walker Cedric,Donnie32@yahoo.com,$2b$10$WYfD2NnELDt7TzPcqOCHQOd2fLEgifczWhdJl2BGaB6pWmcst5k/m,other,,2026-03-19 12:38:08.161,user,,b70841dd-d745-45be-8d90-d8fcb608d294,false,false
a4e4c142-1750-4473-9823-4834916ac5a2,Ziemann Elvira,Cameron64@gmail.com,$2b$10$WYfD2NnELDt7TzPcqOCHQOd2fLEgifczWhdJl2BGaB6pWmcst5k/m,other,,2026-03-19 12:38:08.161,user,,b70841dd-d745-45be-8d90-d8fcb608d294,false,false
a545afcb-583b-412b-a559-9fafe91a0591,Denesik Onie,Cali_Anderson27@gmail.com,$2b$10$WYfD2NnELDt7TzPcqOCHQOd2fLEgifczWhdJl2BGaB6pWmcst5k/m,other,,2026-03-19 12:38:08.161,user,,b70841dd-d745-45be-8d90-d8fcb608d294,false,false
a583e9ca-5031-4f9a-b377-6c4365e944fa,Renner Betsy,Sonja.Wunsch@hotmail.com,$2b$10$WYfD2NnELDt7TzPcqOCHQOd2fLEgifczWhdJl2BGaB6pWmcst5k/m,other,,2026-03-19 12:38:08.161,admin,,b70841dd-d745-45be-8d90-d8fcb608d294,false,false
a5b77e60-9676-4e4d-8794-f0c14c287793,Hauck Ana,Melba31@hotmail.com,$2b$10$WYfD2NnELDt7TzPcqOCHQOd2fLEgifczWhdJl2BGaB6pWmcst5k/m,other,,2026-03-19 12:38:08.161,user,,b70841dd-d745-45be-8d90-d8fcb608d294,false,false
a5cfb50c-8943-4a07-898b-c10eaeb990c5,Hickle Jasmine,Noah.Emard@yahoo.com,$2b$10$WYfD2NnELDt7TzPcqOCHQOd2fLEgifczWhdJl2BGaB6pWmcst5k/m,other,,2026-03-19 12:38:08.161,user,,b70841dd-d745-45be-8d90-d8fcb608d294,false,false
a5faf605-1a7f-4867-9bf7-0f236cca7fda,Harber Jan,Jonathon_Rau13@gmail.com,$2b$10$WYfD2NnELDt7TzPcqOCHQOd2fLEgifczWhdJl2BGaB6pWmcst5k/m,other,,2026-03-19 12:38:08.161,user,,b70841dd-d745-45be-8d90-d8fcb608d294,false,false
a62e4a21-0f10-4456-bc0d-88d882d90d04,Zboncak Melody,Natasha_Osinski@hotmail.com,$2b$10$WYfD2NnELDt7TzPcqOCHQOd2fLEgifczWhdJl2BGaB6pWmcst5k/m,other,,2026-03-19 12:38:08.161,user,,b70841dd-d745-45be-8d90-d8fcb608d294,false,false
a6e15b39-5cf9-4766-b87b-4a38fba23eea,Little Doug,Simon88@yahoo.com,$2b$10$WYfD2NnELDt7TzPcqOCHQOd2fLEgifczWhdJl2BGaB6pWmcst5k/m,other,,2026-03-19 12:38:08.161,user,,b70841dd-d745-45be-8d90-d8fcb608d294,false,false
a7c1f254-4a8b-4ad8-9390-6cd16f348697,Ondricka-Schiller Aglae,Santos_Kerluke-Oberbrunner@hotmail.com,$2b$10$WYfD2NnELDt7TzPcqOCHQOd2fLEgifczWhdJl2BGaB6pWmcst5k/m,other,,2026-03-19 12:38:08.161,user,,b70841dd-d745-45be-8d90-d8fcb608d294,false,false
a88bafda-0e72-4f85-b61b-8df36b3676d3,Rau Etha,Dana_Powlowski@hotmail.com,$2b$10$WYfD2NnELDt7TzPcqOCHQOd2fLEgifczWhdJl2BGaB6pWmcst5k/m,other,,2026-03-19 12:38:08.161,user,,b70841dd-d745-45be-8d90-d8fcb608d294,false,false
a9ddb364-d78a-451b-9246-2c9d5f8af0e1,Trantow-Jakubowski Joanne,Modesta_Leuschke55@yahoo.com,$2b$10$WYfD2NnELDt7TzPcqOCHQOd2fLEgifczWhdJl2BGaB6pWmcst5k/m,other,,2026-03-19 12:38:08.161,user,,b70841dd-d745-45be-8d90-d8fcb608d294,false,false
ab009491-8172-4af6-8c8f-93e5d3e895e3,Schmeler Brice,Deion_Block@gmail.com,$2b$10$WYfD2NnELDt7TzPcqOCHQOd2fLEgifczWhdJl2BGaB6pWmcst5k/m,other,,2026-03-19 12:38:08.161,user,,b70841dd-d745-45be-8d90-d8fcb608d294,false,false
ab408399-0c19-46d5-a618-a964314a4516,Larkin Samara,Evie75@yahoo.com,$2b$10$WYfD2NnELDt7TzPcqOCHQOd2fLEgifczWhdJl2BGaB6pWmcst5k/m,other,,2026-03-19 12:38:08.161,user,,b70841dd-d745-45be-8d90-d8fcb608d294,false,false
ab73995d-69e1-4419-be77-3e230316706e,Keeling Leroy,Sarah57@hotmail.com,$2b$10$WYfD2NnELDt7TzPcqOCHQOd2fLEgifczWhdJl2BGaB6pWmcst5k/m,other,,2026-03-19 12:38:08.161,user,,b70841dd-d745-45be-8d90-d8fcb608d294,false,false
ac0ab863-90a7-4350-a563-afaffe340c26,Homenick Antoinette,Dion_Leuschke@gmail.com,$2b$10$WYfD2NnELDt7TzPcqOCHQOd2fLEgifczWhdJl2BGaB6pWmcst5k/m,other,,2026-03-19 12:38:08.161,user,,b70841dd-d745-45be-8d90-d8fcb608d294,false,false
ac4d614d-5e57-4b28-ad66-9391ad69b7fc,Kilback Ova,Frances.Kulas@yahoo.com,$2b$10$WYfD2NnELDt7TzPcqOCHQOd2fLEgifczWhdJl2BGaB6pWmcst5k/m,other,,2026-03-19 12:38:08.161,user,,b70841dd-d745-45be-8d90-d8fcb608d294,false,false
ac73cc12-9c07-49c5-a047-0d7751bb4fe5,Jones Ida,Rossie.Klein14@yahoo.com,$2b$10$WYfD2NnELDt7TzPcqOCHQOd2fLEgifczWhdJl2BGaB6pWmcst5k/m,other,,2026-03-19 12:38:08.161,admin,,b70841dd-d745-45be-8d90-d8fcb608d294,false,false
aca6f6c0-df8e-43e6-b81d-14e0334879b6,Leannon Jose,Wallace.Rowe@hotmail.com,$2b$10$WYfD2NnELDt7TzPcqOCHQOd2fLEgifczWhdJl2BGaB6pWmcst5k/m,other,,2026-03-19 12:38:08.161,admin,,b70841dd-d745-45be-8d90-d8fcb608d294,false,false
ad85719b-98fe-48b9-aef6-fcf96c6cf08a,Bins Janis,Kristen.Macejkovic@hotmail.com,$2b$10$WYfD2NnELDt7TzPcqOCHQOd2fLEgifczWhdJl2BGaB6pWmcst5k/m,other,,2026-03-19 12:38:08.161,user,,b70841dd-d745-45be-8d90-d8fcb608d294,false,false
ae56b48c-8325-4cda-a7ec-09aff1763023,Hills Shannon,Dylan.Vandervort65@gmail.com,$2b$10$WYfD2NnELDt7TzPcqOCHQOd2fLEgifczWhdJl2BGaB6pWmcst5k/m,other,,2026-03-19 12:38:08.161,user,,b70841dd-d745-45be-8d90-d8fcb608d294,false,false
ae87e983-7832-4d85-86af-c5ee68af78b4,Ullrich Francis,Samantha.Johns33@gmail.com,$2b$10$WYfD2NnELDt7TzPcqOCHQOd2fLEgifczWhdJl2BGaB6pWmcst5k/m,other,,2026-03-19 12:38:08.161,user,,b70841dd-d745-45be-8d90-d8fcb608d294,false,false
ae953450-85e6-4b6c-8bb7-74c07eed33fd,Hilpert-Kautzer Chase,Destini78@yahoo.com,$2b$10$WYfD2NnELDt7TzPcqOCHQOd2fLEgifczWhdJl2BGaB6pWmcst5k/m,other,,2026-03-19 12:38:08.161,user,,b70841dd-d745-45be-8d90-d8fcb608d294,false,false
ae962f0e-6ab0-4681-be65-39295bd0021e,Pagac Leona,Nora18@hotmail.com,$2b$10$WYfD2NnELDt7TzPcqOCHQOd2fLEgifczWhdJl2BGaB6pWmcst5k/m,other,,2026-03-19 12:38:08.161,user,,b70841dd-d745-45be-8d90-d8fcb608d294,false,false
aeb55647-6b73-4fea-b9e5-d4cd4c0eea8b,Zieme-Dickens Marcos,Carole5@gmail.com,$2b$10$WYfD2NnELDt7TzPcqOCHQOd2fLEgifczWhdJl2BGaB6pWmcst5k/m,other,,2026-03-19 12:38:08.161,user,,b70841dd-d745-45be-8d90-d8fcb608d294,false,false
af0da164-6874-41cc-a436-758f1bde5824,Beer Rebeka,Kirk.Farrell32@gmail.com,$2b$10$WYfD2NnELDt7TzPcqOCHQOd2fLEgifczWhdJl2BGaB6pWmcst5k/m,other,,2026-03-19 12:38:08.161,user,,b70841dd-d745-45be-8d90-d8fcb608d294,false,false
af92b7e5-37d1-4ef8-9298-b5ff7a1dabec,Cole Joey,Tomasa63@hotmail.com,$2b$10$WYfD2NnELDt7TzPcqOCHQOd2fLEgifczWhdJl2BGaB6pWmcst5k/m,other,,2026-03-19 12:38:08.161,user,,b70841dd-d745-45be-8d90-d8fcb608d294,false,false
b0a1daa3-bd7a-4601-bdcb-fe3bf54756df,Dietrich Juanita,Rudy.Collins0@hotmail.com,$2b$10$WYfD2NnELDt7TzPcqOCHQOd2fLEgifczWhdJl2BGaB6pWmcst5k/m,other,,2026-03-19 12:38:08.161,user,,b70841dd-d745-45be-8d90-d8fcb608d294,false,false
b0bfa945-87bb-4801-983d-37b27e034e0e,Waters Shana,Rosalie_Lind@hotmail.com,$2b$10$WYfD2NnELDt7TzPcqOCHQOd2fLEgifczWhdJl2BGaB6pWmcst5k/m,other,,2026-03-19 12:38:08.161,user,,b70841dd-d745-45be-8d90-d8fcb608d294,false,false
b10413a8-eb6f-4e98-9793-c825f83b2db3,Hermiston Clark,Loren25@hotmail.com,$2b$10$WYfD2NnELDt7TzPcqOCHQOd2fLEgifczWhdJl2BGaB6pWmcst5k/m,other,,2026-03-19 12:38:08.161,user,,b70841dd-d745-45be-8d90-d8fcb608d294,false,false
b13d8a31-b73c-46de-8b8e-dd41bd988038,Conn Genesis,Marianne45@yahoo.com,$2b$10$WYfD2NnELDt7TzPcqOCHQOd2fLEgifczWhdJl2BGaB6pWmcst5k/m,other,,2026-03-19 12:38:08.161,user,,b70841dd-d745-45be-8d90-d8fcb608d294,false,false
b222b2db-38b4-4fdc-a039-f18259eb1a76,Mueller Noel,Denise39@hotmail.com,$2b$10$WYfD2NnELDt7TzPcqOCHQOd2fLEgifczWhdJl2BGaB6pWmcst5k/m,other,,2026-03-19 12:38:08.161,user,,b70841dd-d745-45be-8d90-d8fcb608d294,false,false
b261ef7a-dc6d-488e-ad4a-5ab546d1a923,Torp Moses,Toney.Nikolaus6@yahoo.com,$2b$10$WYfD2NnELDt7TzPcqOCHQOd2fLEgifczWhdJl2BGaB6pWmcst5k/m,other,,2026-03-19 12:38:08.161,user,,b70841dd-d745-45be-8d90-d8fcb608d294,false,false
b271cb27-451c-4581-a4dd-10b6a0e067b2,Blick Emma,Cade12@gmail.com,$2b$10$WYfD2NnELDt7TzPcqOCHQOd2fLEgifczWhdJl2BGaB6pWmcst5k/m,other,,2026-03-19 12:38:08.161,user,,b70841dd-d745-45be-8d90-d8fcb608d294,false,false
b29a6cb9-26d0-41e4-b0c5-b4e84d0b9170,Smitham-Little Mozelle,Alan.Stanton@hotmail.com,$2b$10$WYfD2NnELDt7TzPcqOCHQOd2fLEgifczWhdJl2BGaB6pWmcst5k/m,other,,2026-03-19 12:38:08.161,user,,b70841dd-d745-45be-8d90-d8fcb608d294,false,false
b3321baa-d549-4f98-a619-5fa3886e6685,Rowe Kristy,Harriet.Murazik@hotmail.com,$2b$10$WYfD2NnELDt7TzPcqOCHQOd2fLEgifczWhdJl2BGaB6pWmcst5k/m,other,,2026-03-19 12:38:08.161,user,,b70841dd-d745-45be-8d90-d8fcb608d294,false,false
b3881dac-64c2-4af8-bc67-e40cae5bdad4,Borer Kristen,Percival57@hotmail.com,$2b$10$WYfD2NnELDt7TzPcqOCHQOd2fLEgifczWhdJl2BGaB6pWmcst5k/m,other,,2026-03-19 12:38:08.161,user,,b70841dd-d745-45be-8d90-d8fcb608d294,false,false
b39558d0-7991-4956-aa1f-dabdf52dde99,Conn Nolan,Sherman90@gmail.com,$2b$10$WYfD2NnELDt7TzPcqOCHQOd2fLEgifczWhdJl2BGaB6pWmcst5k/m,other,,2026-03-19 12:38:08.161,user,,b70841dd-d745-45be-8d90-d8fcb608d294,false,false
b3aabfa7-c166-4d56-b1ea-3730a7831b3d,Bernhard Judith,Janice_Considine@gmail.com,$2b$10$WYfD2NnELDt7TzPcqOCHQOd2fLEgifczWhdJl2BGaB6pWmcst5k/m,other,,2026-03-19 12:38:08.161,user,,b70841dd-d745-45be-8d90-d8fcb608d294,false,false
b3aafed4-e17a-4daa-bc84-b5f0962fa768,Langosh Rosalie,Gretchen_Hegmann@hotmail.com,$2b$10$WYfD2NnELDt7TzPcqOCHQOd2fLEgifczWhdJl2BGaB6pWmcst5k/m,other,,2026-03-19 12:38:08.161,user,,b70841dd-d745-45be-8d90-d8fcb608d294,false,false
b3d2ea4a-c096-4efb-814f-f43f7ef15021,Rice Marty,Randall13@yahoo.com,$2b$10$WYfD2NnELDt7TzPcqOCHQOd2fLEgifczWhdJl2BGaB6pWmcst5k/m,other,,2026-03-19 12:38:08.161,user,,b70841dd-d745-45be-8d90-d8fcb608d294,false,false
b3d9c47b-59d5-49cd-a614-6a3543ffeb10,Heller Domenico,Brett_Auer@gmail.com,$2b$10$WYfD2NnELDt7TzPcqOCHQOd2fLEgifczWhdJl2BGaB6pWmcst5k/m,other,,2026-03-19 12:38:08.161,user,,b70841dd-d745-45be-8d90-d8fcb608d294,false,false
b470b24b-5891-4454-ad29-1649319d5748,Gorczany Beverly,Sheri52@gmail.com,$2b$10$WYfD2NnELDt7TzPcqOCHQOd2fLEgifczWhdJl2BGaB6pWmcst5k/m,other,,2026-03-19 12:38:08.161,user,,b70841dd-d745-45be-8d90-d8fcb608d294,false,false
b4722412-3d64-45a3-8fbc-ac2a32bd40c4,Medhurst Cindy,Christina22@yahoo.com,$2b$10$WYfD2NnELDt7TzPcqOCHQOd2fLEgifczWhdJl2BGaB6pWmcst5k/m,other,,2026-03-19 12:38:08.161,user,,b70841dd-d745-45be-8d90-d8fcb608d294,false,false
b47c80df-104c-41a3-80d1-d7786558b407,Gibson Maximillian,Thomas95@yahoo.com,$2b$10$WYfD2NnELDt7TzPcqOCHQOd2fLEgifczWhdJl2BGaB6pWmcst5k/m,other,,2026-03-19 12:38:08.161,user,,b70841dd-d745-45be-8d90-d8fcb608d294,false,false
b4f7184a-19b8-409b-af88-d38966b36387,Powlowski Curtis,Josiane.Kunze@yahoo.com,$2b$10$WYfD2NnELDt7TzPcqOCHQOd2fLEgifczWhdJl2BGaB6pWmcst5k/m,other,,2026-03-19 12:38:08.161,user,,b70841dd-d745-45be-8d90-d8fcb608d294,false,false
b505ec06-dd1a-4322-ab9c-146045855d32,Swift Billy,Keeley_Volkman41@hotmail.com,$2b$10$WYfD2NnELDt7TzPcqOCHQOd2fLEgifczWhdJl2BGaB6pWmcst5k/m,other,,2026-03-19 12:38:08.161,user,,b70841dd-d745-45be-8d90-d8fcb608d294,false,false
b536ed2f-fce2-456d-a7b1-b21ba9489047,Cummings Neva,Antonio_Fisher86@hotmail.com,$2b$10$WYfD2NnELDt7TzPcqOCHQOd2fLEgifczWhdJl2BGaB6pWmcst5k/m,other,,2026-03-19 12:38:08.161,user,,b70841dd-d745-45be-8d90-d8fcb608d294,false,false
b55d4f92-f7c9-45f9-a6df-8dba42783f0a,Smitham Belinda,Jessie_Thiel21@yahoo.com,$2b$10$WYfD2NnELDt7TzPcqOCHQOd2fLEgifczWhdJl2BGaB6pWmcst5k/m,other,,2026-03-19 12:38:08.161,user,,b70841dd-d745-45be-8d90-d8fcb608d294,false,false
b869dc16-d32a-40ee-b067-f1565e923e75,Mayer Meghan,Eula.Becker@yahoo.com,$2b$10$WYfD2NnELDt7TzPcqOCHQOd2fLEgifczWhdJl2BGaB6pWmcst5k/m,other,,2026-03-19 12:38:08.161,user,,b70841dd-d745-45be-8d90-d8fcb608d294,false,false
bafbca59-b438-4c68-9bca-098b406810dc,Schmeler Kayla,Katherine.OKeefe@yahoo.com,$2b$10$WYfD2NnELDt7TzPcqOCHQOd2fLEgifczWhdJl2BGaB6pWmcst5k/m,other,,2026-03-19 12:38:08.161,user,,b70841dd-d745-45be-8d90-d8fcb608d294,false,false
bb52924f-f7a7-4972-aec6-667b7eeb54a3,Becker Alonzo,Brent_Zemlak@yahoo.com,$2b$10$WYfD2NnELDt7TzPcqOCHQOd2fLEgifczWhdJl2BGaB6pWmcst5k/m,other,,2026-03-19 12:38:08.161,user,,b70841dd-d745-45be-8d90-d8fcb608d294,false,false
bc70d29a-4457-4137-a869-2bdaa2346810,Kozey Ruth,Casey.Haag@gmail.com,$2b$10$WYfD2NnELDt7TzPcqOCHQOd2fLEgifczWhdJl2BGaB6pWmcst5k/m,other,,2026-03-19 12:38:08.161,user,,b70841dd-d745-45be-8d90-d8fcb608d294,false,false
bc7baefe-ebf6-48f8-a08c-2688384c3f3c,Kub-Bernier Mireya,Kane_Ebert51@yahoo.com,$2b$10$WYfD2NnELDt7TzPcqOCHQOd2fLEgifczWhdJl2BGaB6pWmcst5k/m,other,,2026-03-19 12:38:08.161,admin,,b70841dd-d745-45be-8d90-d8fcb608d294,false,false
bc9a4db7-b6e9-4622-9734-d6f4b8c9c0c3,Gusikowski Rosemarie,Don_Bogisich28@yahoo.com,$2b$10$WYfD2NnELDt7TzPcqOCHQOd2fLEgifczWhdJl2BGaB6pWmcst5k/m,other,,2026-03-19 12:38:08.161,user,,b70841dd-d745-45be-8d90-d8fcb608d294,false,false
bc9d840e-5fc1-48fd-b985-e1c72345342e,Senger Kristopher,Enrique_Aufderhar49@hotmail.com,$2b$10$WYfD2NnELDt7TzPcqOCHQOd2fLEgifczWhdJl2BGaB6pWmcst5k/m,other,,2026-03-19 12:38:08.161,user,,b70841dd-d745-45be-8d90-d8fcb608d294,false,false
bce9884c-86ca-46a0-8292-e23a009d1597,Ankunding Holly,Bernard_Hettinger33@yahoo.com,$2b$10$WYfD2NnELDt7TzPcqOCHQOd2fLEgifczWhdJl2BGaB6pWmcst5k/m,other,,2026-03-19 12:38:08.161,admin,,b70841dd-d745-45be-8d90-d8fcb608d294,false,false
bd611f95-6171-4083-b26c-332a298ecd95,Ankunding Braulio,Elyssa.Kutch@gmail.com,$2b$10$WYfD2NnELDt7TzPcqOCHQOd2fLEgifczWhdJl2BGaB6pWmcst5k/m,other,,2026-03-19 12:38:08.161,user,,b70841dd-d745-45be-8d90-d8fcb608d294,false,false
bd6e7169-287a-48ac-b129-42def869f56c,Powlowski Steve,Marc13@yahoo.com,$2b$10$WYfD2NnELDt7TzPcqOCHQOd2fLEgifczWhdJl2BGaB6pWmcst5k/m,other,,2026-03-19 12:38:08.161,user,,b70841dd-d745-45be-8d90-d8fcb608d294,false,false
beb2a6ca-7884-4562-b9a4-4ac7f34b2038,Fritsch Vivian,Esta_Greenfelder@hotmail.com,$2b$10$WYfD2NnELDt7TzPcqOCHQOd2fLEgifczWhdJl2BGaB6pWmcst5k/m,other,,2026-03-19 12:38:08.161,user,,b70841dd-d745-45be-8d90-d8fcb608d294,false,false
beb57517-7bb8-42de-91cf-8e38016401d6,Doyle Ollie,Spencer98@yahoo.com,$2b$10$WYfD2NnELDt7TzPcqOCHQOd2fLEgifczWhdJl2BGaB6pWmcst5k/m,other,,2026-03-19 12:38:08.161,user,,b70841dd-d745-45be-8d90-d8fcb608d294,false,false
bf3bfe1a-be8c-4252-86e0-32acd52bff17,Conn Anibal,Yvonne64@gmail.com,$2b$10$WYfD2NnELDt7TzPcqOCHQOd2fLEgifczWhdJl2BGaB6pWmcst5k/m,other,,2026-03-19 12:38:08.161,user,,b70841dd-d745-45be-8d90-d8fcb608d294,false,false
c0456d97-184e-4d60-8783-63615f4ddc72,Beatty Daphne,Phoebe.Cummerata@gmail.com,$2b$10$WYfD2NnELDt7TzPcqOCHQOd2fLEgifczWhdJl2BGaB6pWmcst5k/m,other,,2026-03-19 12:38:08.161,user,,b70841dd-d745-45be-8d90-d8fcb608d294,false,false
c0fed6d9-88a5-4199-ae7a-fd1ead75a011,Crona Tierra,Sheldon_Considine34@yahoo.com,$2b$10$WYfD2NnELDt7TzPcqOCHQOd2fLEgifczWhdJl2BGaB6pWmcst5k/m,other,,2026-03-19 12:38:08.161,user,,b70841dd-d745-45be-8d90-d8fcb608d294,false,false
c10249db-c1ba-48d3-a564-fa5d0bef6176,Dibbert Patty,Deshaun.Sauer@gmail.com,$2b$10$WYfD2NnELDt7TzPcqOCHQOd2fLEgifczWhdJl2BGaB6pWmcst5k/m,other,,2026-03-19 12:38:08.161,user,,b70841dd-d745-45be-8d90-d8fcb608d294,false,false
c1146b09-d614-4cd3-a9d9-b8cd510458dd,Heathcote Leah,Seamus.Keeling94@yahoo.com,$2b$10$WYfD2NnELDt7TzPcqOCHQOd2fLEgifczWhdJl2BGaB6pWmcst5k/m,other,,2026-03-19 12:38:08.161,user,,b70841dd-d745-45be-8d90-d8fcb608d294,false,false
c17e1147-bf18-47de-969a-4c6670f99227,Hahn Kian,Moses.Stokes61@hotmail.com,$2b$10$WYfD2NnELDt7TzPcqOCHQOd2fLEgifczWhdJl2BGaB6pWmcst5k/m,other,,2026-03-19 12:38:08.161,user,,b70841dd-d745-45be-8d90-d8fcb608d294,false,false
c26653ef-924b-405e-9f0e-232071783e8d,Fay Sergio,Heidi_Ortiz96@gmail.com,$2b$10$WYfD2NnELDt7TzPcqOCHQOd2fLEgifczWhdJl2BGaB6pWmcst5k/m,other,,2026-03-19 12:38:08.161,user,,b70841dd-d745-45be-8d90-d8fcb608d294,false,false
c3588739-9e00-468e-b398-6e8c88986d3f,Dicki Denise,Lora27@hotmail.com,$2b$10$WYfD2NnELDt7TzPcqOCHQOd2fLEgifczWhdJl2BGaB6pWmcst5k/m,other,,2026-03-19 12:38:08.161,user,,b70841dd-d745-45be-8d90-d8fcb608d294,false,false
c369492f-0f5a-489a-9af1-1a94f2201ec4,Cummerata Mattie,Thomas.Bosco@yahoo.com,$2b$10$WYfD2NnELDt7TzPcqOCHQOd2fLEgifczWhdJl2BGaB6pWmcst5k/m,other,,2026-03-19 12:38:08.161,user,,b70841dd-d745-45be-8d90-d8fcb608d294,false,false
c3f2058e-a332-4659-89a3-1bd7417d6f13,Paucek Ida,Theo_Auer@yahoo.com,$2b$10$WYfD2NnELDt7TzPcqOCHQOd2fLEgifczWhdJl2BGaB6pWmcst5k/m,other,,2026-03-19 12:38:08.161,user,,b70841dd-d745-45be-8d90-d8fcb608d294,false,false
c4521f54-d96d-4fe1-aa60-854d6a6188aa,Rosenbaum Loretta,Rene.Boyle@hotmail.com,$2b$10$WYfD2NnELDt7TzPcqOCHQOd2fLEgifczWhdJl2BGaB6pWmcst5k/m,other,,2026-03-19 12:38:08.161,user,,b70841dd-d745-45be-8d90-d8fcb608d294,false,false
c59a9f67-d12c-4231-92da-acf2d8d1557d,Mitchell Minnie,Evan.Bins@hotmail.com,$2b$10$WYfD2NnELDt7TzPcqOCHQOd2fLEgifczWhdJl2BGaB6pWmcst5k/m,other,,2026-03-19 12:38:08.161,user,,b70841dd-d745-45be-8d90-d8fcb608d294,false,false
c6622da7-6cad-4be6-bb48-1e6bc529e630,Jaskolski Vickie,Mildred.Nienow@hotmail.com,$2b$10$WYfD2NnELDt7TzPcqOCHQOd2fLEgifczWhdJl2BGaB6pWmcst5k/m,other,,2026-03-19 12:38:08.161,user,,b70841dd-d745-45be-8d90-d8fcb608d294,false,false
c72e3c1b-b91e-472c-9224-520c61119577,Ruecker Jordi,Emmie68@hotmail.com,$2b$10$WYfD2NnELDt7TzPcqOCHQOd2fLEgifczWhdJl2BGaB6pWmcst5k/m,other,,2026-03-19 12:38:08.161,user,,b70841dd-d745-45be-8d90-d8fcb608d294,false,false
c74514c2-8370-431e-8112-044024e8811b,Stanton Jairo,Ewald.Thompson62@yahoo.com,$2b$10$WYfD2NnELDt7TzPcqOCHQOd2fLEgifczWhdJl2BGaB6pWmcst5k/m,other,,2026-03-19 12:38:08.161,user,,b70841dd-d745-45be-8d90-d8fcb608d294,false,false
c88e315d-0dfa-4713-a919-35028cc60a46,Romaguera Violet,Brendan.Schulist@hotmail.com,$2b$10$WYfD2NnELDt7TzPcqOCHQOd2fLEgifczWhdJl2BGaB6pWmcst5k/m,other,,2026-03-19 12:38:08.161,user,,b70841dd-d745-45be-8d90-d8fcb608d294,false,false
c8bb55a2-cafd-4c36-96a3-ab08c61d76a2,Ernser Estelle,Jovani_VonRueden76@yahoo.com,$2b$10$WYfD2NnELDt7TzPcqOCHQOd2fLEgifczWhdJl2BGaB6pWmcst5k/m,other,,2026-03-19 12:38:08.161,user,,b70841dd-d745-45be-8d90-d8fcb608d294,false,false
c8eb0d93-7516-494a-b363-fd83fc420d81,Hand Roosevelt,Oliver.Kunze71@gmail.com,$2b$10$WYfD2NnELDt7TzPcqOCHQOd2fLEgifczWhdJl2BGaB6pWmcst5k/m,other,,2026-03-19 12:38:08.161,user,,b70841dd-d745-45be-8d90-d8fcb608d294,false,false
c8ecb756-9be1-42b8-a5d9-28c5cc1d14d9,Williamson Lloyd,Jameson_Stamm@hotmail.com,$2b$10$WYfD2NnELDt7TzPcqOCHQOd2fLEgifczWhdJl2BGaB6pWmcst5k/m,other,,2026-03-19 12:38:08.161,user,,b70841dd-d745-45be-8d90-d8fcb608d294,false,false
ca50940f-6c80-48f2-83ae-2d74861ef038,Rowe Marcia,Edmond_Beatty70@hotmail.com,$2b$10$WYfD2NnELDt7TzPcqOCHQOd2fLEgifczWhdJl2BGaB6pWmcst5k/m,other,,2026-03-19 12:38:08.161,user,,b70841dd-d745-45be-8d90-d8fcb608d294,false,false
ca904765-8cd5-45a5-bd02-06dce271307e,Blanda Rodrigo,Bobby47@hotmail.com,$2b$10$WYfD2NnELDt7TzPcqOCHQOd2fLEgifczWhdJl2BGaB6pWmcst5k/m,other,,2026-03-19 12:38:08.161,user,,b70841dd-d745-45be-8d90-d8fcb608d294,false,false
caa1a1ad-c94c-4f5e-a7eb-dc12e2299a41,Cartwright Ramona,Zachariah.Fisher11@gmail.com,$2b$10$WYfD2NnELDt7TzPcqOCHQOd2fLEgifczWhdJl2BGaB6pWmcst5k/m,other,,2026-03-19 12:38:08.161,user,,b70841dd-d745-45be-8d90-d8fcb608d294,false,false
cac13632-ecbb-41d3-a104-26220ab16268,Brekke Shane,Camille.Ullrich41@yahoo.com,$2b$10$WYfD2NnELDt7TzPcqOCHQOd2fLEgifczWhdJl2BGaB6pWmcst5k/m,other,,2026-03-19 12:38:08.161,admin,,b70841dd-d745-45be-8d90-d8fcb608d294,false,false
cc0700e5-ad5f-451e-8b3c-351804c878fd,Roberts Joan,Felicita34@hotmail.com,$2b$10$WYfD2NnELDt7TzPcqOCHQOd2fLEgifczWhdJl2BGaB6pWmcst5k/m,other,,2026-03-19 12:38:08.161,user,,b70841dd-d745-45be-8d90-d8fcb608d294,false,false
cc5b3e00-80dc-41c0-82ae-5f728119e06f,Fisher Sam,Franklin28@gmail.com,$2b$10$WYfD2NnELDt7TzPcqOCHQOd2fLEgifczWhdJl2BGaB6pWmcst5k/m,other,,2026-03-19 12:38:08.161,user,,b70841dd-d745-45be-8d90-d8fcb608d294,false,false
cc9cfa14-7f57-4219-a68e-2f73d2b9ef60,Pfannerstill Maryjane,Ruben20@gmail.com,$2b$10$WYfD2NnELDt7TzPcqOCHQOd2fLEgifczWhdJl2BGaB6pWmcst5k/m,other,,2026-03-19 12:38:08.161,user,,b70841dd-d745-45be-8d90-d8fcb608d294,false,true
ccde0440-a21d-4997-945c-ac928a9a551e,Schuppe Corey,Mathew62@yahoo.com,$2b$10$WYfD2NnELDt7TzPcqOCHQOd2fLEgifczWhdJl2BGaB6pWmcst5k/m,other,,2026-03-19 12:38:08.161,user,,b70841dd-d745-45be-8d90-d8fcb608d294,false,true
cd4f5c19-cf25-458d-bc60-dbab28c3626c,Littel Maurice,Gonzalo84@yahoo.com,$2b$10$WYfD2NnELDt7TzPcqOCHQOd2fLEgifczWhdJl2BGaB6pWmcst5k/m,other,,2026-03-19 12:38:08.161,user,,b70841dd-d745-45be-8d90-d8fcb608d294,false,false
cd7d85ef-0e91-488a-9ebd-56427e3ee81c,Hahn Jermaine,Britney.Stanton@hotmail.com,$2b$10$WYfD2NnELDt7TzPcqOCHQOd2fLEgifczWhdJl2BGaB6pWmcst5k/m,other,,2026-03-19 12:38:08.161,user,,b70841dd-d745-45be-8d90-d8fcb608d294,false,false
cdbd8454-c671-4af7-adc2-0e73a092ad1a,Dickens Sabrina,Carla.Schmitt38@hotmail.com,$2b$10$WYfD2NnELDt7TzPcqOCHQOd2fLEgifczWhdJl2BGaB6pWmcst5k/m,other,,2026-03-19 12:38:08.161,user,,b70841dd-d745-45be-8d90-d8fcb608d294,false,false
ce82fe41-6d44-4a52-9c25-19e21dd9fad9,Feeney Simon,Oliver59@yahoo.com,$2b$10$WYfD2NnELDt7TzPcqOCHQOd2fLEgifczWhdJl2BGaB6pWmcst5k/m,other,,2026-03-19 12:38:08.161,user,,b70841dd-d745-45be-8d90-d8fcb608d294,false,false
ced40114-e079-41bc-8a6d-862692f096b4,Mohr Anibal,Giuseppe_Sawayn50@gmail.com,$2b$10$WYfD2NnELDt7TzPcqOCHQOd2fLEgifczWhdJl2BGaB6pWmcst5k/m,other,,2026-03-19 12:38:08.161,user,,b70841dd-d745-45be-8d90-d8fcb608d294,false,false
cef9460b-439a-4f9b-adc9-d83815023376,Mohr-Kiehn Guadalupe,Lindsey57@gmail.com,$2b$10$WYfD2NnELDt7TzPcqOCHQOd2fLEgifczWhdJl2BGaB6pWmcst5k/m,other,,2026-03-19 12:38:08.161,user,,b70841dd-d745-45be-8d90-d8fcb608d294,false,false
cf9ce530-3205-4f18-a249-584b1116fedb,Nolan Wilfred,Mae98@yahoo.com,$2b$10$WYfD2NnELDt7TzPcqOCHQOd2fLEgifczWhdJl2BGaB6pWmcst5k/m,other,,2026-03-19 12:38:08.161,user,,b70841dd-d745-45be-8d90-d8fcb608d294,false,false
cfdab745-1329-4094-b963-a0b1c9aca35f,Bogisich Howard,Curt_Bayer5@hotmail.com,$2b$10$WYfD2NnELDt7TzPcqOCHQOd2fLEgifczWhdJl2BGaB6pWmcst5k/m,other,,2026-03-19 12:38:08.161,user,,b70841dd-d745-45be-8d90-d8fcb608d294,false,false
d03bbebe-95e5-4a7d-b8f1-cd8eea7938ad,Bauch Ena,Alejandro48@hotmail.com,$2b$10$WYfD2NnELDt7TzPcqOCHQOd2fLEgifczWhdJl2BGaB6pWmcst5k/m,other,,2026-03-19 12:38:08.161,admin,,b70841dd-d745-45be-8d90-d8fcb608d294,false,false
d0c054fd-4b4e-433a-8043-7190402f82ca,Schulist Carrie,Santiago.MacGyver@yahoo.com,$2b$10$WYfD2NnELDt7TzPcqOCHQOd2fLEgifczWhdJl2BGaB6pWmcst5k/m,other,,2026-03-19 12:38:08.161,user,,b70841dd-d745-45be-8d90-d8fcb608d294,false,false
d0d991ec-e9a4-4df4-a6d4-b55612b379c8,Walter Sheri,Lucio47@yahoo.com,$2b$10$WYfD2NnELDt7TzPcqOCHQOd2fLEgifczWhdJl2BGaB6pWmcst5k/m,other,,2026-03-19 12:38:08.161,user,,b70841dd-d745-45be-8d90-d8fcb608d294,false,false
d12d57a8-4c49-4bad-8257-5288f92ba610,Raynor Monserrate,Brady_Conn1@hotmail.com,$2b$10$WYfD2NnELDt7TzPcqOCHQOd2fLEgifczWhdJl2BGaB6pWmcst5k/m,other,,2026-03-19 12:38:08.161,user,,b70841dd-d745-45be-8d90-d8fcb608d294,false,false
d2604ade-f9fb-47de-b9fe-a0d565818521,Hintz Sammy,Mathias_Douglas52@hotmail.com,$2b$10$WYfD2NnELDt7TzPcqOCHQOd2fLEgifczWhdJl2BGaB6pWmcst5k/m,other,,2026-03-19 12:38:08.161,user,,b70841dd-d745-45be-8d90-d8fcb608d294,false,false
d2b3269d-bb2b-4108-b2e8-e0f41a7032f0,Doyle Emanuel,Michele.Robel@gmail.com,$2b$10$WYfD2NnELDt7TzPcqOCHQOd2fLEgifczWhdJl2BGaB6pWmcst5k/m,other,,2026-03-19 12:38:08.161,user,,b70841dd-d745-45be-8d90-d8fcb608d294,false,false
d54fd5ea-527d-41d7-b3d5-2ba48becb2b8,Klein Nelson,Alyce_Predovic@gmail.com,$2b$10$WYfD2NnELDt7TzPcqOCHQOd2fLEgifczWhdJl2BGaB6pWmcst5k/m,other,,2026-03-19 12:38:08.161,user,,b70841dd-d745-45be-8d90-d8fcb608d294,false,true
d579e35a-5791-450e-827b-1841e7b19ebe,Kuhn Josefina,Adaline_Robel@hotmail.com,$2b$10$WYfD2NnELDt7TzPcqOCHQOd2fLEgifczWhdJl2BGaB6pWmcst5k/m,other,,2026-03-19 12:38:08.161,user,,b70841dd-d745-45be-8d90-d8fcb608d294,false,true
d5d265fd-f99a-4e9a-ba9d-e50222284ad3,McLaughlin Willard,Hayley84@hotmail.com,$2b$10$WYfD2NnELDt7TzPcqOCHQOd2fLEgifczWhdJl2BGaB6pWmcst5k/m,other,,2026-03-19 12:38:08.161,user,,b70841dd-d745-45be-8d90-d8fcb608d294,false,false
d62d5152-287e-4c1f-87c5-20029c38e6a5,Cummerata Kim,Forrest_Rice-Stiedemann@yahoo.com,$2b$10$WYfD2NnELDt7TzPcqOCHQOd2fLEgifczWhdJl2BGaB6pWmcst5k/m,other,,2026-03-19 12:38:08.161,user,,b70841dd-d745-45be-8d90-d8fcb608d294,false,false
d750b946-2497-4c18-92f8-ad952004d930,Monahan Henry,Kale_Lesch13@yahoo.com,$2b$10$WYfD2NnELDt7TzPcqOCHQOd2fLEgifczWhdJl2BGaB6pWmcst5k/m,other,,2026-03-19 12:38:08.161,admin,,b70841dd-d745-45be-8d90-d8fcb608d294,false,false
d754c787-3875-4ca2-96f6-e847294a982d,O'Reilly Jazmyn,Eriberto.Pacocha46@hotmail.com,$2b$10$WYfD2NnELDt7TzPcqOCHQOd2fLEgifczWhdJl2BGaB6pWmcst5k/m,other,,2026-03-19 12:38:08.161,user,,b70841dd-d745-45be-8d90-d8fcb608d294,false,false
d76fccb9-afa3-403c-945e-6960b77dba39,Zulauf Kendrick,Mallory.Ferry42@hotmail.com,$2b$10$WYfD2NnELDt7TzPcqOCHQOd2fLEgifczWhdJl2BGaB6pWmcst5k/m,other,,2026-03-19 12:38:08.161,user,,b70841dd-d745-45be-8d90-d8fcb608d294,false,false
d7a07a4c-03b2-40ba-b4e6-435b065be328,Hauck Sean,Joaquin_Boyer83@yahoo.com,$2b$10$WYfD2NnELDt7TzPcqOCHQOd2fLEgifczWhdJl2BGaB6pWmcst5k/m,other,,2026-03-19 12:38:08.161,user,,b70841dd-d745-45be-8d90-d8fcb608d294,false,false
d8a154c9-52cb-4e49-9764-2a7d79fe08fe,Connelly Cesar,Adan11@hotmail.com,$2b$10$WYfD2NnELDt7TzPcqOCHQOd2fLEgifczWhdJl2BGaB6pWmcst5k/m,other,,2026-03-19 12:38:08.161,admin,,b70841dd-d745-45be-8d90-d8fcb608d294,false,false
d92705f2-78de-4a84-b41e-0a6e632cc46f,Bode Randal,Dena_Wisozk@yahoo.com,$2b$10$WYfD2NnELDt7TzPcqOCHQOd2fLEgifczWhdJl2BGaB6pWmcst5k/m,other,,2026-03-19 12:38:08.161,user,,b70841dd-d745-45be-8d90-d8fcb608d294,false,false
d9574951-4481-4294-afff-597f2688e52e,Ziemann Russell,Chloe43@yahoo.com,$2b$10$WYfD2NnELDt7TzPcqOCHQOd2fLEgifczWhdJl2BGaB6pWmcst5k/m,other,,2026-03-19 12:38:08.161,user,,b70841dd-d745-45be-8d90-d8fcb608d294,false,false
da38d52a-ae7d-48b0-a6ba-4156b15f6d87,Lowe Rafael,Carmen61@hotmail.com,$2b$10$WYfD2NnELDt7TzPcqOCHQOd2fLEgifczWhdJl2BGaB6pWmcst5k/m,other,,2026-03-19 12:38:08.161,user,,b70841dd-d745-45be-8d90-d8fcb608d294,false,false
db26045d-2da5-4441-acb1-b462a4d71ad6,Ullrich Damon,Viviane52@hotmail.com,$2b$10$WYfD2NnELDt7TzPcqOCHQOd2fLEgifczWhdJl2BGaB6pWmcst5k/m,other,,2026-03-19 12:38:08.161,admin,,b70841dd-d745-45be-8d90-d8fcb608d294,false,false
db39d2d3-c171-4adf-8d33-f743e3405ce2,Stiedemann Alice,Anya.Emard@hotmail.com,$2b$10$WYfD2NnELDt7TzPcqOCHQOd2fLEgifczWhdJl2BGaB6pWmcst5k/m,other,,2026-03-19 12:38:08.161,admin,,b70841dd-d745-45be-8d90-d8fcb608d294,false,false
dc784100-a6c3-4958-915b-3dd142a49248,Jacobs Clyde,Jean_Lang34@hotmail.com,$2b$10$WYfD2NnELDt7TzPcqOCHQOd2fLEgifczWhdJl2BGaB6pWmcst5k/m,other,,2026-03-19 12:38:08.161,user,,b70841dd-d745-45be-8d90-d8fcb608d294,false,false
dce2d935-1d7e-4998-8b45-6439f2f3b6a5,Price Tremaine,Terrance_Altenwerth-Quigley@yahoo.com,$2b$10$WYfD2NnELDt7TzPcqOCHQOd2fLEgifczWhdJl2BGaB6pWmcst5k/m,other,,2026-03-19 12:38:08.161,admin,,b70841dd-d745-45be-8d90-d8fcb608d294,false,false
dd1bfa38-94b5-4ebe-a15f-d8cb9377c492,Lebsack Gladys,Kathryne.Kautzer0@hotmail.com,$2b$10$WYfD2NnELDt7TzPcqOCHQOd2fLEgifczWhdJl2BGaB6pWmcst5k/m,other,,2026-03-19 12:38:08.161,user,,b70841dd-d745-45be-8d90-d8fcb608d294,false,false
dd62d5f1-8a59-429f-b091-e7708d3be53f,O'Hara Scarlett,Kelsi.Purdy17@hotmail.com,$2b$10$WYfD2NnELDt7TzPcqOCHQOd2fLEgifczWhdJl2BGaB6pWmcst5k/m,other,,2026-03-19 12:38:08.161,user,,b70841dd-d745-45be-8d90-d8fcb608d294,false,false
ddd04224-7423-4e21-8d12-6a7da2f7e766,Halvorson-Olson Vicki,Shelley_Crona45@gmail.com,$2b$10$WYfD2NnELDt7TzPcqOCHQOd2fLEgifczWhdJl2BGaB6pWmcst5k/m,other,,2026-03-19 12:38:08.161,user,,b70841dd-d745-45be-8d90-d8fcb608d294,false,false
de1f369a-fc10-418d-af96-653894bbef02,Steuber Bruce,Jorge_Weber@yahoo.com,$2b$10$WYfD2NnELDt7TzPcqOCHQOd2fLEgifczWhdJl2BGaB6pWmcst5k/m,other,,2026-03-19 12:38:08.161,user,,b70841dd-d745-45be-8d90-d8fcb608d294,false,false
de5040db-1c6f-4d63-a3ff-97229a005568,Hoppe Valentin,Nick1@gmail.com,$2b$10$WYfD2NnELDt7TzPcqOCHQOd2fLEgifczWhdJl2BGaB6pWmcst5k/m,other,,2026-03-19 12:38:08.161,user,,b70841dd-d745-45be-8d90-d8fcb608d294,false,false
de83fbc1-af2f-4ae4-8dbd-f74fea182e10,Beier Michele,Samantha.Hahn@yahoo.com,$2b$10$WYfD2NnELDt7TzPcqOCHQOd2fLEgifczWhdJl2BGaB6pWmcst5k/m,other,,2026-03-19 12:38:08.161,user,,b70841dd-d745-45be-8d90-d8fcb608d294,false,false
ded22f76-046b-4aad-a228-aac58d2c971e,Batz Chadrick,Clemmie19@gmail.com,$2b$10$WYfD2NnELDt7TzPcqOCHQOd2fLEgifczWhdJl2BGaB6pWmcst5k/m,other,,2026-03-19 12:38:08.161,user,,b70841dd-d745-45be-8d90-d8fcb608d294,false,false
e035c762-f13a-4ec4-8388-3a648a295198,Lynch Lelah,Celia78@gmail.com,$2b$10$WYfD2NnELDt7TzPcqOCHQOd2fLEgifczWhdJl2BGaB6pWmcst5k/m,other,,2026-03-19 12:38:08.161,user,,b70841dd-d745-45be-8d90-d8fcb608d294,false,false
e048b4e0-728f-4716-a4ef-6705869fe0a7,Armstrong Cecilia,Mona22@gmail.com,$2b$10$WYfD2NnELDt7TzPcqOCHQOd2fLEgifczWhdJl2BGaB6pWmcst5k/m,other,,2026-03-19 12:38:08.161,user,,b70841dd-d745-45be-8d90-d8fcb608d294,false,false
e0778fc5-a390-4a61-bd81-a7d5fed5263b,Greenfelder Lauren,Cecelia.Balistreri-Swaniawski62@yahoo.com,$2b$10$WYfD2NnELDt7TzPcqOCHQOd2fLEgifczWhdJl2BGaB6pWmcst5k/m,other,,2026-03-19 12:38:08.161,user,,b70841dd-d745-45be-8d90-d8fcb608d294,false,false
e0864bc0-b896-48d4-acd0-00c63ca8b905,Bogan Kaleb,Ida41@gmail.com,$2b$10$WYfD2NnELDt7TzPcqOCHQOd2fLEgifczWhdJl2BGaB6pWmcst5k/m,other,,2026-03-19 12:38:08.161,user,,b70841dd-d745-45be-8d90-d8fcb608d294,false,false
e10d94b1-90cc-4a70-aa17-28d914b6809e,Kris Joanna,Maye.Turner@yahoo.com,$2b$10$WYfD2NnELDt7TzPcqOCHQOd2fLEgifczWhdJl2BGaB6pWmcst5k/m,other,,2026-03-19 12:38:08.161,user,,b70841dd-d745-45be-8d90-d8fcb608d294,false,false
e216b6f6-3012-4d7e-8006-9edb4d6d7a78,Wolf Victor,Joan.Dickens@yahoo.com,$2b$10$WYfD2NnELDt7TzPcqOCHQOd2fLEgifczWhdJl2BGaB6pWmcst5k/m,other,,2026-03-19 12:38:08.161,user,,b70841dd-d745-45be-8d90-d8fcb608d294,false,false
e25a3ae9-c392-48fb-82d3-fe356ddf8def,Cummings Herman,Edmund.Bruen@yahoo.com,$2b$10$WYfD2NnELDt7TzPcqOCHQOd2fLEgifczWhdJl2BGaB6pWmcst5k/m,other,,2026-03-19 12:38:08.161,user,,b70841dd-d745-45be-8d90-d8fcb608d294,false,false
e26ff098-6fc4-4026-b49e-2f1ddc1a9132,Prosacco Darin,Lyle_Goyette10@hotmail.com,$2b$10$WYfD2NnELDt7TzPcqOCHQOd2fLEgifczWhdJl2BGaB6pWmcst5k/m,other,,2026-03-19 12:38:08.161,user,,b70841dd-d745-45be-8d90-d8fcb608d294,false,false
e48d4905-b1d8-410d-a346-fdc38f275014,Ryan Loren,Nina53@yahoo.com,$2b$10$WYfD2NnELDt7TzPcqOCHQOd2fLEgifczWhdJl2BGaB6pWmcst5k/m,other,,2026-03-19 12:38:08.161,user,,b70841dd-d745-45be-8d90-d8fcb608d294,false,false
e4b6b296-8e7e-4bd7-b487-9e497ffb8c4b,Lebsack Sylvester,Weston93@yahoo.com,$2b$10$WYfD2NnELDt7TzPcqOCHQOd2fLEgifczWhdJl2BGaB6pWmcst5k/m,other,,2026-03-19 12:38:08.161,admin,,b70841dd-d745-45be-8d90-d8fcb608d294,false,false
e4e56fea-09de-46de-bfe7-c7f0a70d9349,Bechtelar Jairo,Albert6@yahoo.com,$2b$10$WYfD2NnELDt7TzPcqOCHQOd2fLEgifczWhdJl2BGaB6pWmcst5k/m,other,,2026-03-19 12:38:08.161,user,,b70841dd-d745-45be-8d90-d8fcb608d294,false,false
e589eec5-3257-492c-8811-49cffd3519da,Haley Mackenzie,Rodrick.Lockman@yahoo.com,$2b$10$WYfD2NnELDt7TzPcqOCHQOd2fLEgifczWhdJl2BGaB6pWmcst5k/m,other,,2026-03-19 12:38:08.161,user,,b70841dd-d745-45be-8d90-d8fcb608d294,false,false
e7083a3d-5da2-4ea2-bb7e-db0fbf8521de,Batz Ira,Kiarra51@yahoo.com,$2b$10$WYfD2NnELDt7TzPcqOCHQOd2fLEgifczWhdJl2BGaB6pWmcst5k/m,other,,2026-03-19 12:38:08.161,user,,b70841dd-d745-45be-8d90-d8fcb608d294,false,false
e7207d90-9ddb-48c2-8bab-fcf39288aff3,Cartwright Andy,Devin_Bergstrom@hotmail.com,$2b$10$WYfD2NnELDt7TzPcqOCHQOd2fLEgifczWhdJl2BGaB6pWmcst5k/m,other,,2026-03-19 12:38:08.161,user,,b70841dd-d745-45be-8d90-d8fcb608d294,false,false
e7562aeb-8139-4110-b137-c68e2d726c0b,Morissette Michale,Ernesto_Bartoletti26@yahoo.com,$2b$10$WYfD2NnELDt7TzPcqOCHQOd2fLEgifczWhdJl2BGaB6pWmcst5k/m,other,,2026-03-19 12:38:08.161,user,,b70841dd-d745-45be-8d90-d8fcb608d294,false,false
e7a6b907-1870-4be9-b84a-fd5c2f5ebe9c,Mohr Michaela,Jennie.MacGyver@hotmail.com,$2b$10$WYfD2NnELDt7TzPcqOCHQOd2fLEgifczWhdJl2BGaB6pWmcst5k/m,other,,2026-03-19 12:38:08.161,user,,b70841dd-d745-45be-8d90-d8fcb608d294,false,false
e8346a18-0264-4042-a9ea-f7252be6d6d9,Harris Angelo,Ollie.Crooks@hotmail.com,$2b$10$WYfD2NnELDt7TzPcqOCHQOd2fLEgifczWhdJl2BGaB6pWmcst5k/m,other,,2026-03-19 12:38:08.161,user,,b70841dd-d745-45be-8d90-d8fcb608d294,false,false
e838581a-f929-4c7c-98c8-ee8192a5325f,Torphy Maribel,Delbert_Bayer@gmail.com,$2b$10$WYfD2NnELDt7TzPcqOCHQOd2fLEgifczWhdJl2BGaB6pWmcst5k/m,other,,2026-03-19 12:38:08.161,user,,b70841dd-d745-45be-8d90-d8fcb608d294,false,false
e83d6738-3367-43bd-a710-a57083e7fb67,Pouros Hershel,Marguerite73@gmail.com,$2b$10$WYfD2NnELDt7TzPcqOCHQOd2fLEgifczWhdJl2BGaB6pWmcst5k/m,other,,2026-03-19 12:38:08.161,user,,b70841dd-d745-45be-8d90-d8fcb608d294,false,false
e86dc5cc-7a03-4f20-b708-510230d7d5ac,Langworth Alberta,Delia.Hansen99@yahoo.com,$2b$10$WYfD2NnELDt7TzPcqOCHQOd2fLEgifczWhdJl2BGaB6pWmcst5k/m,other,,2026-03-19 12:38:08.161,user,,b70841dd-d745-45be-8d90-d8fcb608d294,false,false
e86e7c6e-d529-4d1c-bae4-3d18f1cef8c4,Turner Price,Jalon96@gmail.com,$2b$10$WYfD2NnELDt7TzPcqOCHQOd2fLEgifczWhdJl2BGaB6pWmcst5k/m,other,,2026-03-19 12:38:08.161,admin,,b70841dd-d745-45be-8d90-d8fcb608d294,false,false
e9100af0-805a-467b-93a0-8fe9c76132e9,Bailey Chandler,Randal_Homenick@gmail.com,$2b$10$WYfD2NnELDt7TzPcqOCHQOd2fLEgifczWhdJl2BGaB6pWmcst5k/m,other,,2026-03-19 12:38:08.161,user,,b70841dd-d745-45be-8d90-d8fcb608d294,false,false
e9a6203a-7d89-4b7f-80a1-7b2b1b02c437,Tillman Eleanore,Caleb62@hotmail.com,$2b$10$WYfD2NnELDt7TzPcqOCHQOd2fLEgifczWhdJl2BGaB6pWmcst5k/m,other,,2026-03-19 12:38:08.161,user,,b70841dd-d745-45be-8d90-d8fcb608d294,false,false
e9d6ca8f-780f-4230-9864-d65b0d81b46d,Bechtelar Cecil,Emily_Lowe@gmail.com,$2b$10$WYfD2NnELDt7TzPcqOCHQOd2fLEgifczWhdJl2BGaB6pWmcst5k/m,other,,2026-03-19 12:38:08.161,user,,b70841dd-d745-45be-8d90-d8fcb608d294,false,false
ea3c4c7c-5652-44f7-8722-e7efa4406838,Sauer Bobbie,Cary_Hodkiewicz44@yahoo.com,$2b$10$WYfD2NnELDt7TzPcqOCHQOd2fLEgifczWhdJl2BGaB6pWmcst5k/m,other,,2026-03-19 12:38:08.161,user,,b70841dd-d745-45be-8d90-d8fcb608d294,false,false
ea61d632-8fa3-44f4-92c8-a2e244f98bc4,Graham Cesar,Ulises87@gmail.com,$2b$10$WYfD2NnELDt7TzPcqOCHQOd2fLEgifczWhdJl2BGaB6pWmcst5k/m,other,,2026-03-19 12:38:08.161,user,,b70841dd-d745-45be-8d90-d8fcb608d294,false,false
ea64d791-2c56-4d9c-89cb-546b3ab52574,Reichert Iris,Alvis23@gmail.com,$2b$10$WYfD2NnELDt7TzPcqOCHQOd2fLEgifczWhdJl2BGaB6pWmcst5k/m,other,,2026-03-19 12:38:08.161,user,,b70841dd-d745-45be-8d90-d8fcb608d294,false,false
ec565022-cc5c-4e2a-bd5a-5b629a484e7e,Barrows Ralph,Lorraine.Dooley@yahoo.com,$2b$10$WYfD2NnELDt7TzPcqOCHQOd2fLEgifczWhdJl2BGaB6pWmcst5k/m,other,,2026-03-19 12:38:08.161,user,,b70841dd-d745-45be-8d90-d8fcb608d294,false,false
ec98a7e1-a140-40c4-a93d-57bc9c3ebc84,Nader Lorenzo,Angela.Kertzmann@yahoo.com,$2b$10$WYfD2NnELDt7TzPcqOCHQOd2fLEgifczWhdJl2BGaB6pWmcst5k/m,other,,2026-03-19 12:38:08.161,admin,,b70841dd-d745-45be-8d90-d8fcb608d294,false,false
ecc6a543-75e9-4e4e-89fb-6970a090bcde,Gusikowski Bernice,Frieda.Ferry88@yahoo.com,$2b$10$WYfD2NnELDt7TzPcqOCHQOd2fLEgifczWhdJl2BGaB6pWmcst5k/m,other,,2026-03-19 12:38:08.161,admin,,b70841dd-d745-45be-8d90-d8fcb608d294,false,false
ee74ae84-f08a-4436-82a5-e6d7dc605c2c,Macejkovic Lucile,Agustina.Bednar26@yahoo.com,$2b$10$WYfD2NnELDt7TzPcqOCHQOd2fLEgifczWhdJl2BGaB6pWmcst5k/m,other,,2026-03-19 12:38:08.161,user,,b70841dd-d745-45be-8d90-d8fcb608d294,false,false
ef0144f3-74f7-46f5-b79d-85ddc84297fd,Ritchie Murl,Katrina58@hotmail.com,$2b$10$WYfD2NnELDt7TzPcqOCHQOd2fLEgifczWhdJl2BGaB6pWmcst5k/m,other,,2026-03-19 12:38:08.161,user,,b70841dd-d745-45be-8d90-d8fcb608d294,false,false
ef101730-6eb8-434e-904d-072b4c5079e8,Feil Melinda,Bethany.Larkin@hotmail.com,$2b$10$WYfD2NnELDt7TzPcqOCHQOd2fLEgifczWhdJl2BGaB6pWmcst5k/m,other,,2026-03-19 12:38:08.161,user,,b70841dd-d745-45be-8d90-d8fcb608d294,false,false
ef6d313d-8a04-4d1f-bcf0-5bf621699101,Wuckert Malika,Caterina87@yahoo.com,$2b$10$WYfD2NnELDt7TzPcqOCHQOd2fLEgifczWhdJl2BGaB6pWmcst5k/m,other,,2026-03-19 12:38:08.161,user,,b70841dd-d745-45be-8d90-d8fcb608d294,false,false
efa6c003-d74a-4e80-b91f-d4163a1a0e82,Brown Lamont,Micah.Mosciski51@gmail.com,$2b$10$WYfD2NnELDt7TzPcqOCHQOd2fLEgifczWhdJl2BGaB6pWmcst5k/m,other,,2026-03-19 12:38:08.161,user,,b70841dd-d745-45be-8d90-d8fcb608d294,false,false
efaee5e6-5626-4a1b-88dd-9a91c866c351,Green Elmer,Christian_Armstrong@hotmail.com,$2b$10$WYfD2NnELDt7TzPcqOCHQOd2fLEgifczWhdJl2BGaB6pWmcst5k/m,other,,2026-03-19 12:38:08.161,user,,b70841dd-d745-45be-8d90-d8fcb608d294,false,false
efe44998-fb77-4478-8bec-639210c2b89c,Sanford Malcolm,Rickey22@hotmail.com,$2b$10$WYfD2NnELDt7TzPcqOCHQOd2fLEgifczWhdJl2BGaB6pWmcst5k/m,other,,2026-03-19 12:38:08.161,user,,b70841dd-d745-45be-8d90-d8fcb608d294,false,false
f0ba3138-378c-4c63-8c34-ee4ec8787013,Leannon Christ,Amanda.Lynch@gmail.com,$2b$10$WYfD2NnELDt7TzPcqOCHQOd2fLEgifczWhdJl2BGaB6pWmcst5k/m,other,,2026-03-19 12:38:08.161,user,,b70841dd-d745-45be-8d90-d8fcb608d294,false,false
f173f82c-b626-435e-9199-b95cd61c06c2,Wintheiser Michele,Richmond.Wilkinson0@yahoo.com,$2b$10$WYfD2NnELDt7TzPcqOCHQOd2fLEgifczWhdJl2BGaB6pWmcst5k/m,other,,2026-03-19 12:38:08.161,user,,b70841dd-d745-45be-8d90-d8fcb608d294,false,false
f1b7fe59-366f-4cdf-b512-7f749b8420a9,Gottlieb Alexandra,Hilario_Hamill79@hotmail.com,$2b$10$WYfD2NnELDt7TzPcqOCHQOd2fLEgifczWhdJl2BGaB6pWmcst5k/m,other,,2026-03-19 12:38:08.161,user,,b70841dd-d745-45be-8d90-d8fcb608d294,false,false
f2663050-844e-4897-97d4-01b05bd931b7,Brakus Jackie,Wallace56@gmail.com,$2b$10$WYfD2NnELDt7TzPcqOCHQOd2fLEgifczWhdJl2BGaB6pWmcst5k/m,other,,2026-03-19 12:38:08.161,user,,b70841dd-d745-45be-8d90-d8fcb608d294,false,false
f3435218-3039-4f02-9fd4-03d2dd073883,Mohr Deangelo,Joey91@hotmail.com,$2b$10$WYfD2NnELDt7TzPcqOCHQOd2fLEgifczWhdJl2BGaB6pWmcst5k/m,other,,2026-03-19 12:38:08.161,user,,b70841dd-d745-45be-8d90-d8fcb608d294,false,false
f45506ef-be4e-41a2-a015-602e9e154fbb,Wehner Freddie,Seth.Strosin15@gmail.com,$2b$10$WYfD2NnELDt7TzPcqOCHQOd2fLEgifczWhdJl2BGaB6pWmcst5k/m,other,,2026-03-19 12:38:08.161,user,,b70841dd-d745-45be-8d90-d8fcb608d294,false,false
f4a7bf0c-5db1-4f75-b4ed-f066a270e8a1,Ferry Patsy,Janis71@yahoo.com,$2b$10$WYfD2NnELDt7TzPcqOCHQOd2fLEgifczWhdJl2BGaB6pWmcst5k/m,other,,2026-03-19 12:38:08.161,user,,b70841dd-d745-45be-8d90-d8fcb608d294,false,false
f51968dc-99cf-4e0f-b3b6-20e5067f38ec,MacGyver Kelli,Laurie.Rempel15@gmail.com,$2b$10$WYfD2NnELDt7TzPcqOCHQOd2fLEgifczWhdJl2BGaB6pWmcst5k/m,other,,2026-03-19 12:38:08.161,user,,b70841dd-d745-45be-8d90-d8fcb608d294,false,false
f5aba079-b968-4d09-af43-0ac1acf81f95,Schmeler Johnny,Delores.Mante78@hotmail.com,$2b$10$WYfD2NnELDt7TzPcqOCHQOd2fLEgifczWhdJl2BGaB6pWmcst5k/m,other,,2026-03-19 12:38:08.161,user,,b70841dd-d745-45be-8d90-d8fcb608d294,false,true
f5fc2d70-86ff-4f17-9f35-abda8bb69613,Turner Marcelino,Karla.Gutkowski86@hotmail.com,$2b$10$WYfD2NnELDt7TzPcqOCHQOd2fLEgifczWhdJl2BGaB6pWmcst5k/m,other,,2026-03-19 12:38:08.161,admin,,b70841dd-d745-45be-8d90-d8fcb608d294,false,false
f66b433b-3dbe-4ede-bea9-faaa2c796568,Macejkovic Sonja,Johanna35@gmail.com,$2b$10$WYfD2NnELDt7TzPcqOCHQOd2fLEgifczWhdJl2BGaB6pWmcst5k/m,other,,2026-03-19 12:38:08.161,user,,b70841dd-d745-45be-8d90-d8fcb608d294,false,false
f711df19-5294-4cee-9971-93339842fe2e,Hickle Cameron,Theresa_Friesen@hotmail.com,$2b$10$WYfD2NnELDt7TzPcqOCHQOd2fLEgifczWhdJl2BGaB6pWmcst5k/m,other,,2026-03-19 12:38:08.161,user,,b70841dd-d745-45be-8d90-d8fcb608d294,false,false
f7430adc-eda4-41c1-8e84-70249892cc8e,Schamberger Agnes,Felipa_OHara@gmail.com,$2b$10$WYfD2NnELDt7TzPcqOCHQOd2fLEgifczWhdJl2BGaB6pWmcst5k/m,other,,2026-03-19 12:38:08.161,user,,b70841dd-d745-45be-8d90-d8fcb608d294,false,false
f8241861-2a6b-4262-afc9-7f8803661874,Krajcik Darrel,Pinkie19@yahoo.com,$2b$10$WYfD2NnELDt7TzPcqOCHQOd2fLEgifczWhdJl2BGaB6pWmcst5k/m,other,,2026-03-19 12:38:08.161,user,,b70841dd-d745-45be-8d90-d8fcb608d294,false,false
f8852524-f6f4-4878-b58a-b8ccd4cbac51,Gibson Mandy,Leonor83@hotmail.com,$2b$10$WYfD2NnELDt7TzPcqOCHQOd2fLEgifczWhdJl2BGaB6pWmcst5k/m,other,,2026-03-19 12:38:08.161,user,,b70841dd-d745-45be-8d90-d8fcb608d294,false,false
f9248d93-5aa8-4603-8fa2-10ac4ed8f87b,McDermott Mohammed,Rossie_Purdy@yahoo.com,$2b$10$WYfD2NnELDt7TzPcqOCHQOd2fLEgifczWhdJl2BGaB6pWmcst5k/m,other,,2026-03-19 12:38:08.161,admin,,b70841dd-d745-45be-8d90-d8fcb608d294,false,false
f9343dee-188d-40ca-abf1-21f2faeb157e,Schultz Malcolm,Norwood_Macejkovic88@gmail.com,$2b$10$WYfD2NnELDt7TzPcqOCHQOd2fLEgifczWhdJl2BGaB6pWmcst5k/m,other,,2026-03-19 12:38:08.161,user,,b70841dd-d745-45be-8d90-d8fcb608d294,false,false
f9683b6a-e2a3-4ec7-9608-5e8b9c206829,Crona Sarah,Dina_Orn@yahoo.com,$2b$10$WYfD2NnELDt7TzPcqOCHQOd2fLEgifczWhdJl2BGaB6pWmcst5k/m,other,,2026-03-19 12:38:08.161,user,,b70841dd-d745-45be-8d90-d8fcb608d294,false,false
f9821bac-a587-4d20-af25-a9222b777354,Streich-Konopelski Molly,Tracy77@hotmail.com,$2b$10$WYfD2NnELDt7TzPcqOCHQOd2fLEgifczWhdJl2BGaB6pWmcst5k/m,other,,2026-03-19 12:38:08.161,user,,b70841dd-d745-45be-8d90-d8fcb608d294,false,false
f98f5db4-1462-4274-ae92-49d284ff06e3,Ernser Bailey,Lavern.Bahringer@gmail.com,$2b$10$WYfD2NnELDt7TzPcqOCHQOd2fLEgifczWhdJl2BGaB6pWmcst5k/m,other,,2026-03-19 12:38:08.161,user,,b70841dd-d745-45be-8d90-d8fcb608d294,false,false
fb3fda54-0dd3-4856-9397-daf9546eeac7,Jacobson-Funk Flavio,Lonnie_Crona@yahoo.com,$2b$10$WYfD2NnELDt7TzPcqOCHQOd2fLEgifczWhdJl2BGaB6pWmcst5k/m,other,,2026-03-19 12:38:08.161,user,,b70841dd-d745-45be-8d90-d8fcb608d294,false,false
fbe5a1e1-8fdb-4dcc-baea-7ac2dbd17ecf,Pfannerstill Diego,Bell.Fay-King@hotmail.com,$2b$10$WYfD2NnELDt7TzPcqOCHQOd2fLEgifczWhdJl2BGaB6pWmcst5k/m,other,,2026-03-19 12:38:08.161,user,,b70841dd-d745-45be-8d90-d8fcb608d294,false,false
fd55b656-82d2-444b-884f-bc5661042031,Jerde Bruce,Wade_Tillman2@yahoo.com,$2b$10$WYfD2NnELDt7TzPcqOCHQOd2fLEgifczWhdJl2BGaB6pWmcst5k/m,other,,2026-03-19 12:38:08.161,user,,b70841dd-d745-45be-8d90-d8fcb608d294,false,false
fdae2126-31e2-4d61-8337-f3949379bbb8,Torp Linda,Vincent.Lesch1@yahoo.com,$2b$10$WYfD2NnELDt7TzPcqOCHQOd2fLEgifczWhdJl2BGaB6pWmcst5k/m,other,,2026-03-19 12:38:08.161,user,,b70841dd-d745-45be-8d90-d8fcb608d294,false,false
fe09ee36-2f64-4808-a540-3b0ded7753de,Jacobs Kennith,Max_Daniel53@gmail.com,$2b$10$WYfD2NnELDt7TzPcqOCHQOd2fLEgifczWhdJl2BGaB6pWmcst5k/m,other,,2026-03-19 12:38:08.161,user,,b70841dd-d745-45be-8d90-d8fcb608d294,false,false
fe11e25d-363b-4981-ae43-28ceb890a188,Sporer Elaine,Shana73@hotmail.com,$2b$10$WYfD2NnELDt7TzPcqOCHQOd2fLEgifczWhdJl2BGaB6pWmcst5k/m,other,,2026-03-19 12:38:08.161,user,,b70841dd-d745-45be-8d90-d8fcb608d294,false,false
fe52114b-71bd-422b-84d1-3f2578673720,Klein Yasmine,Bryan63@gmail.com,$2b$10$WYfD2NnELDt7TzPcqOCHQOd2fLEgifczWhdJl2BGaB6pWmcst5k/m,other,,2026-03-19 12:38:08.161,user,,b70841dd-d745-45be-8d90-d8fcb608d294,false,false
fe8f7080-129b-4258-93f2-d18b93bb9313,Skiles Dawn,Archie82@yahoo.com,$2b$10$WYfD2NnELDt7TzPcqOCHQOd2fLEgifczWhdJl2BGaB6pWmcst5k/m,other,,2026-03-19 12:38:08.161,user,,b70841dd-d745-45be-8d90-d8fcb608d294,false,false
fe9ad848-0a36-4fe9-bfc9-066510ca14ef,Pouros June,Vera35@hotmail.com,$2b$10$WYfD2NnELDt7TzPcqOCHQOd2fLEgifczWhdJl2BGaB6pWmcst5k/m,other,,2026-03-19 12:38:08.161,user,,b70841dd-d745-45be-8d90-d8fcb608d294,false,false
fec9e3d0-0ab4-4b4b-81d4-42972bb2d170,Schuster Camryn,Floyd_Fadel-Witting23@gmail.com,$2b$10$WYfD2NnELDt7TzPcqOCHQOd2fLEgifczWhdJl2BGaB6pWmcst5k/m,other,,2026-03-19 12:38:08.161,admin,,b70841dd-d745-45be-8d90-d8fcb608d294,false,false
feea0f67-7daf-4abf-9c1b-9f934f8b7a76,Armstrong Christopher,Jodie.Bergstrom@gmail.com,$2b$10$WYfD2NnELDt7TzPcqOCHQOd2fLEgifczWhdJl2BGaB6pWmcst5k/m,other,,2026-03-19 12:38:08.161,user,,b70841dd-d745-45be-8d90-d8fcb608d294,false,false
ff8b352a-3de7-43de-b90a-26ba7c22dc48,Dicki Michele,Rita59@yahoo.com,$2b$10$WYfD2NnELDt7TzPcqOCHQOd2fLEgifczWhdJl2BGaB6pWmcst5k/m,other,,2026-03-19 12:38:08.161,user,,b70841dd-d745-45be-8d90-d8fcb608d294,false,false
ff9a2721-9505-46f4-9bde-eaa607ec8b77,Dach Karla,Beverly69@yahoo.com,$2b$10$WYfD2NnELDt7TzPcqOCHQOd2fLEgifczWhdJl2BGaB6pWmcst5k/m,other,,2026-03-19 12:38:08.161,user,,b70841dd-d745-45be-8d90-d8fcb608d294,false,false